0.0594830811 0.2407543063 -0.1801229119 0.07834587991 0.3368932009 -0.1323392987
0.202100724 0.7757108212 0.5870355368 0.2087531984 0.8042674065 0.5025407076
-1.180081725 0.2129027843 0.04431740567 -1.073536038 0.2146507949 0.01524495985
0.2755751908 0.6445404887 -0.2429437041 0.2756210864 0.6718403101 -0.2943337858
0.4940869212 0.31513381 -0.1830932498 0.586014688 0.3637971878 -0.1937239021
0.2581090331 0.4063783586 -0.2341665924 0.2792168856 0.3877350092 -0.1960082948
0.5341412425 0.702927053 0.3534197807 0.5103343129 0.7009270787 0.3542369902
0.5052497983 0.839163065 0.07757680118 0.5122728944 0.8338803053 0.117088899
-0.1880129874 -0.8660841584 0.5090729594 -0.1448941976 -0.8487421274 0.4622963071
-0.7040026188 0.2539407611 -0.7635240555 -0.6979967952 0.3124831021 -0.8893126845
0.6820822954 0.4960930049 0.04379769415 0.6589140892 0.6164816022 0.1010752991
0.06811098009 0.1423541158 0.4321056902 0.06970188767 0.1997798979 0.4848896861
0.04849543422 0.09888599813 0.2511921227 0.03585707024 0.1433517933 0.1355773062
-0.4430680275 0.1400776803 0.07930405438 -0.4061704874 0.1372653991 -0.02442226
0.3187133074 -0.4263968766 -0.5162011981 0.3341450095 -0.3913328052 -0.5374904871
0.04561977834 -0.1522750556 0.0427691415 0.01087754034 -0.1118993983 0.005680719856
0.1571113467 1.093486547 0.07199904323 0.1744475961 1.123849034 -0.04977555946
-0.07167834789 -0.3277438879 0.02045600303 -0.1220899001 -0.2874703109 -0.01846669987
-0.1915383339 -0.5980946422 -0.537501812 -0.1784366071 -0.560543716 -0.6087604165
-0.1253387481 -0.2488410026 0.002459287643 -0.1502825022 -0.2608915865 -0.007416389883
-0.3796133995 0.454521656 0.07246099412 -0.4198955894 0.5172364116 -0.02232679911
0.1630261093 0.444496125 0.4132887125 0.1855078042 0.4830040038 0.3582809865
-0.08621269464 0.3388596177 0.002230586484 -0.02644534037 0.400305897 -0.08693344146
-0.08693709224 -0.4354112744 -0.08235254884 -0.0907844305 -0.4208911955 -0.08643104881
-0.1062534004 0.023729451 -0.1228649542 -0.1335076988 0.01162854023 -0.1926402003
0.2454624474 -0.3454146683 0.8833113313 0.2304299027 -0.2882198989 0.9028214812
0.4586842954 0.4191708863 0.1168845743 0.5626627803 0.434017688 0.09846141934
-0.709921062 -0.1827511489 -0.3274505138 -0.6751782894 -0.2082695961 -0.2812229991
-0.4705391526 2.220509768 0.05954668671 -0.4129197001 2.199492931 -0.01323529985
-0.4007099867 -0.7022252679 -0.01330564357 -0.4320408106 -0.7146199942 -0.03393338993
-0.5092571378 0.06049614027 0.0789629668 -0.4063110948 0.07686650753 0.06175184995
-0.1760129482 0.06432143599 -0.4800008535 -0.1566990018 0.03984434903 -0.4847823977
-0.397715807 -0.6293722987 -0.6051796079 -0.3341847956 -0.5742856264 -0.5723525286
0.2815494239 0.561709404 -0.04024466872 0.2901748121 0.5601390004 -0.1103084013
-1.185015559 -0.1590827703 1.027825832 -1.166720033 -0.1814195067 0.955272615
0.5878891349 0.5106810927 -0.2643441856 0.4846391082 0.5225639939 -0.2413112074
-0.1886991709 -0.007755294442 0.2988703251 -0.1777731031 0.02927774005 0.2585288882
0.2333024591 -0.5332105756 1.042671561 0.3182809949 -0.4988938868 1.032269955
-0.2016582489 -0.233633548 0.3877753913 -0.2143462002 -0.2624180913 0.3771961927
-0.03713626415 0.09663201123 0.2370818406 -0.01100482978 0.1013619974 0.2573857903
-0.08172559738 -0.7071343064 0.1592654288 -0.1023245975 -0.7075570822 0.04790816829
0.6486726403 0.3231252432 0.07107287645 0.6916052103 0.3353717923 -0.02138324082
-0.09167318046 -0.4303086698 -0.3593276441 -0.060672611 -0.3709459007 -0.3897522092
-0.3809247017 -0.6247867346 0.5101778507 -0.4072094858 -0.6285378933 0.5237576962
-0.1601582766 0.3803922236 -0.02329819649 -0.1860526055 0.3504830897 -0.07507760078
0.06105426699 -0.2259945422 0.333956778 -0.0212392807 -0.2138701975 0.3025766015
-0.04900682718 -0.03950481489 -0.04217267781 0.06223192066 -0.03832748905 -0.1463420987
0.1487506479 -0.7782101035 0.2662003636 0.2247664928 -0.7427800894 0.2412146032
0.03772446513 0.1406485736 0.3714276552 -0.01697383076 0.1646917015 0.3554882109
-0.5234076977 -0.1563144177 -0.3751247227 -0.5370153785 -0.2045321018 -0.4455516934
0.4157745242 -0.195517391 0.9883704782 0.4677051902 -0.1322997957 0.9570456147
0.007517829537 -0.5196765661 0.6826890111 -0.007321040146 -0.5234550238 0.6522564888
0.3607908487 -0.3270792365 0.02353210002 0.377271086 -0.2501710057 -0.03992373124
0.3479388654 0.01932056993 -0.269510299 0.4135353863 0.0929684788 -0.3514530957
0.3120078146 -0.4222682118 0.7619059086 0.3904767931 -0.3817647994 0.6869066954
-1.408527374 0.1875692159 -0.324488461 -1.30648303 0.247734502 -0.3255394101
-0.5885158777 0.5226136446 -1.402295709 -0.5604277849 0.5336961746 -1.413262963
0.5146605372 -0.1600763798 0.6394224167 0.4866560996 -0.1280274987 0.4732963145
0.4306468368 0.3770734072 0.09175400436 0.5095381737 0.4274883866 -0.00462241983
0.7850830555 -0.09474837035 0.06654459983 0.8761119246 -0.1116643026 0.04325854033
-0.07789248973 -0.02131541446 0.424574703 -0.0883224681 -0.001801130013 0.2927469015
0.0571080707 -0.08677795529 -0.1305323392 0.05960179865 -0.1515599042 -0.1712922007
-0.06833407283 -0.269934684 0.3467084765 -0.04127781093 -0.3042446971 0.3180210888
0.1373278797 -0.6609398723 -0.2111012638 0.1197149977 -0.6486620903 -0.1568025947
-0.2995927036 0.005050234962 -0.1309130043 -0.3209576011 0.002953859977 -0.1478662938
0.5741895437 0.004731708206 0.1012217551 0.6072900295 0.02239033021 0.06756036729
-0.6256399155 -0.452204138 0.3109683394 -0.6041676998 -0.4072278142 0.2894825935
-0.4545360208 0.1032914966 1.457686424 -0.4202435017 0.1294706017 1.491428971
-0.03413755819 -0.09224171191 -0.6931473613 -0.03582961112 -0.0465423502 -0.6736444235
-0.0381703265 -0.4385289848 -0.1664236933 -0.07827042788 -0.4688344896 -0.2172795981
-0.7278596759 0.2706704736 -0.291408509 -0.7719495296 0.2640981972 -0.4631009996
0.2137276381 0.2502574623 0.1204569116 0.2879087031 0.2546437085 0.09503293037
-0.06550031155 -0.3588359952 -0.2932353616 0.01491095033 -0.3273212016 -0.3174901009
-0.1574566513 -0.0006846589968 -0.1302886456 -0.1502034068 -0.06414370239 -0.1891681999
0.2971186936 -0.004245594144 -0.08014897257 0.2655406892 -0.00636655977 -0.1463183016
-0.1814875305 0.8401091695 0.002716854215 -0.1551273018 0.964512527 0.03666849062
-0.8306906223 -0.4643512368 0.130675301 -0.7264121771 -0.3935571015 0.01246687025
0.6637063622 -0.518461585 0.08851259947 0.6707131863 -0.5235310197 0.03099229932
-0.1481742263 0.0001728362404 0.5174748898 -0.1461095959 0.004771300126 0.4126040936
0.6180483699 0.1692759693 0.4556914568 0.5282939076 0.1054863036 0.3648341
-0.1723094732 0.03168989345 0.21967116 -0.1218748018 0.1133230031 0.1401641965
-0.1061927527 0.4877302349 0.3447852731 -0.1044586971 0.4358243942 0.3126243949
0.1350108236 0.06692914665 -0.1248446032 0.1120164022 0.05016840994 -0.1309022009
0.221993044 -0.3984369338 0.3497798741 0.2711389959 -0.4362883866 0.3147906065
-0.06605952978 -0.03981212527 -0.2140239328 -0.02902794071 -0.01059482992 -0.2452344
-0.06405950338 0.06584758312 -0.6490417719 -0.01088219043 0.1129029989 -0.6840137243
-0.03917522356 -0.5994426608 0.3109333217 0.008347449824 -0.5597885847 0.2886351943
-0.3634157479 0.5121548176 0.2170871794 -0.3290936947 0.4546714127 0.2557798028
-0.6907895803 -0.2543615699 0.1227653548 -0.6301655173 -0.2811787128 0.1033610031
0.1668700278 -0.07068131864 0.05256560817 0.1257265061 -0.01311407983 0.05721813068
-0.8175179362 -0.1219788641 -0.2092268616 -0.7626605034 -0.1321087033 -0.2339275926
0.09069069475 0.06136746332 0.08237712085 0.09435550123 0.05457554013 0.02121501043
-0.07345935702 -0.2142228782 -0.2013008595 -0.1006447971 -0.2438744009 -0.1967135966
-0.1577472389 0.09913840145 0.4507935047 -0.224515304 0.0725300014 0.3607164919
-0.9300851822 0.2940205932 0.05505618453 -0.9792960882 0.2588444054 -0.006189039908
0.0343015343 -0.02817959525 0.02272068709 0.02219972946 0.004957269877 -0.03200802952
-0.4915485084 -0.1086440906 0.2758496702 -0.4766593874 -0.06209887937 0.2634834945
0.3573804796 0.2807346284 -0.3426721096 0.2965514064 0.3270151019 -0.3532530069
0.01173560321 -0.1904684752 0.3316616714 -0.08299320191 -0.2076421976 0.2800478935
-0.2333649397 -0.1695847958 0.07253552228 -0.2855893075 -0.2214888036 0.03184768185
0.3164185882 0.1450302005 0.08543093503 0.3164475858 0.1755684018 0.05191582814
-0.3941110075 0.02061998658 -0.07329523563 -0.3812091947 0.04039692134 -0.02905666083
0.9655686021 0.1777710319 -0.608487308 0.9383885264 0.199542895 -0.6081411839
-0.6984943748 0.344958514 0.2193382084 -0.6788159013 0.3458226025 0.2064996958
-0.1916560978 -0.4294574261 1.020032525 -0.1884192973 -0.4442993999 0.9775595069
0.1695464551 -0.2799176276 -0.7768826485 0.1970153004 -0.2255124003 -0.8439326882
0.3527445197 0.007344168611 0.4242056608 0.3249598145 0.03787137941 0.3878648877
0.2462052405 1.601100326 0.09472154826 0.1796354949 1.610494018 0.07918527722
0.2802444994 0.08294577152 0.04608238488 0.2678891122 0.02230036072 0.06176823005
0.02346318588 0.0859015733 0.3082315326 0.1491798013 0.07440724969 0.3484995067
-0.1855905652 0.3022390306 -0.3329224288 -0.1183724999 0.2426918 -0.3756900132
0.1867451519 0.3917650282 0.4640345573 0.1631388068 0.4007675946 0.3995814919
-0.467576772 -0.1807613075 0.08259169757 -0.5402064919 -0.165674597 0.007365429774
-0.3910337687 0.2338388562 0.965415597 -0.3292672932 0.2556897104 0.9841126204
0.807028532 -0.7438985109 0.4450775981 0.8769276738 -0.7339060903 0.4219352901
0.8115398884 -0.1344378293 -0.2201715261 0.7928702831 -0.108046703 -0.1981285065
0.08119375259 -0.2025334239 -0.1257224977 0.008539379574 -0.1371719986 -0.1576804072
0.05059564114 -0.256505698 -0.1833567023 0.06549821049 -0.2282381058 -0.2414781004
-0.3483537138 -0.08910548687 0.2016801387 -0.3789663017 -0.1141970009 0.1450867057
0.2474206388 -0.2982005775 -0.1273569912 0.3324302137 -0.3487614095 -0.1123536974
-0.5166633725 -0.3336597383 -0.2234977484 -0.5384399295 -0.3125163913 -0.3349410892
0.2137578726 0.8206689358 0.5842909813 0.2038643062 0.8663979173 0.4887812138
0.1429178417 0.4038371444 -0.3006747663 0.112354897 0.4027296901 -0.413120687
0.1708688736 0.3635539711 -0.5737022161 0.2105703056 0.3592584133 -0.6213349104
0.3451256752 0.2493611127 0.1502467692 0.3962110877 0.236314103 0.1506056041
0.2714881897 0.1557468325 0.1331114918 0.2667019069 0.1447746009 0.1748448014
-0.02978132293 -0.240468353 -0.05143370852 -0.06579054892 -0.2302750945 -0.001868500025
-0.3855267465 -0.4569534361 -0.1989923418 -0.3714070022 -0.5322675109 -0.1498741955
-0.4704672992 0.006665388588 0.7044762373 -0.5237519741 0.02959740907 0.7830520272
0.3685717881 -0.1098666936 -0.1724526584 0.3263734877 -0.08244743943 -0.1282638013
0.04519565403 0.1978541613 -0.1338026226 0.04303428903 0.1621908993 -0.1588416994
-0.4756340384 -0.5366947055 0.0717638284 -0.516122818 -0.6120936275 0.02130023018
0.1357223541 -0.02418183535 0.617328167 0.1245983019 -0.01097599976 0.6484798789
-0.04803702608 -0.3263348937 -0.01204563677 -0.03234371915 -0.3745698035 -0.01401470974
0.3090650141 0.3995447159 -0.2774564326 0.2738142014 0.3967747986 -0.2761080861
0.3738783598 -0.1819116622 0.8743749261 0.3776673079 -0.2051187009 0.9408326745
-0.529373765 -0.3642071486 -0.109055832 -0.5113155246 -0.3752762973 -0.07764221728
0.1674661785 -1.282974362 -0.3723147213 0.226870507 -1.261124969 -0.3559767902
0.02314881235 -0.3152453601 -0.4970555902 -0.0005707300152 -0.3302274048 -0.5042518973
-0.237104252 -0.116093874 -0.1981541514 -0.2706036866 -0.1350163072 -0.1723261029
0.1699510068 -0.7913930416 0.2958141863 0.1939790994 -0.8481044769 0.3399474025
0.2759281099 -0.5231155753 0.1776003689 0.2700479925 -0.5651978254 0.1868142039
-0.624789834 -0.07304994762 -0.2136357278 -0.606906414 -0.1580311954 -0.1435994059
0.1669819653 0.515814364 -0.506614387 0.1767228991 0.4771690071 -0.4399780929
-0.008218152449 0.09220653772 -0.1562402248 -0.04614308104 0.09165596217 -0.07198414952
0.003874703776 0.03412962332 -0.2992324233 -0.01505549997 0.05510466173 -0.1983373016
0.03048335016 -0.957541585 -0.7738265395 0.05755887926 -1.011260033 -0.7657446265
0.2334455997 0.115855284 0.2586011589 0.2086180001 0.1071214974 0.343128413
0.4922807515 -0.2440539747 0.2000900209 0.553697288 -0.2433405966 0.2401122004
-0.1655309945 -0.1417740732 0.8143179417 -0.2725825906 -0.1427605003 0.9177970886
-0.3042602539 -0.2508693337 -0.1278922856 -0.2867412865 -0.2914128006 -0.1402442008
0.1189891472 0.1660685241 -0.3409010172 0.1379808933 0.1765900999 -0.3136777878
0.3559709191 0.1561301351 -0.2357063591 0.2775236964 0.1216979995 -0.2389198989
0.4553801417 0.4883087277 0.2858753502 0.4281150103 0.4810203016 0.2979190946
-0.4010511637 0.08022563159 0.09049843252 -0.4238981903 0.01032583043 0.1535826027
0.03189603612 -0.0378235355 -0.733938694 0.09306284785 -0.04805611819 -0.8052104115
0.05448513106 0.3152951002 -0.2715620697 0.05383684859 0.3263450861 -0.3214232028
1.039832711 -0.07541602105 -0.1819040179 1.032829046 -0.0556281209 -0.1496303976
-0.2021372616 -1.850854278 -0.3009046316 -0.2504295111 -1.873007059 -0.3008502126
-0.2492471933 0.2129085362 -0.05338355526 -0.3952813148 0.2362972945 0.008754739538
-0.1602183133 0.5113509297 -0.1662018597 -0.1617296934 0.4883854091 -0.1724144965
-0.3915348649 0.02126799524 -0.2072276473 -0.3616066873 0.001117540058 -0.1842304021
0.2997022867 0.3755357862 0.007848318666 0.2585391104 0.3606725931 0.05530346185
0.5189810991 -0.3384137452 0.6714110374 0.4942434132 -0.3598366082 0.7178279161
0.5161743164 -0.1507768929 0.2052232623 0.546444118 -0.1358232051 0.3008770943
0.153059721 -0.7350372672 -0.34236601 0.1481487006 -0.7287440896 -0.3419984877
0.04682044685 0.1598181725 -0.4174920917 0.09073866904 0.1479780972 -0.2823410928
-0.5722722411 0.286470443 -0.3161227703 -0.6530904174 0.2507463992 -0.2772425115
0.4164961576 -0.2373800874 -0.3420419991 0.3970071077 -0.2061281949 -0.2822208107
-0.1771169305 1.062415481 -0.1841133684 -0.1534955055 1.077787995 -0.1984201074
-0.09646494687 -0.04216945171 0.8718851805 0.009965719655 -0.05823878944 0.932938695
-0.02384224534 -0.1444777101 -0.2080856562 -0.01648736 -0.2071357965 -0.1198905036
0.3067838848 0.02042724565 -0.7847282887 0.2562286854 0.01695070043 -0.6880099773
0.2680512071 -0.02916822955 -0.4754000902 0.2298121005 -0.03222214058 -0.435357511
0.3117336333 -0.07496267557 -0.08977168053 0.3824928999 -0.008069849573 -0.07924877107
-0.4489768147 0.5899832249 -0.8479616642 -0.4885402024 0.5451089144 -0.8624864817
-1.084732056 -0.2694506645 -0.1238622218 -1.120463967 -0.3339254856 0.006873419974
-0.2130391002 -0.006208458915 -0.2267808467 -0.2320992053 -0.001232809969 -0.2068095952
-0.09136414528 0.1679191887 -0.2874701917 -0.09093677998 0.210059002 -0.2640813887
-0.1505371332 0.03172336519 -0.2701708376 -0.1813437939 0.08181419224 -0.2409286052
-0.5864775181 -0.1741084456 0.3896057904 -0.5330234766 -0.2160212994 0.4407782853
0.03700632602 -0.0590301007 -0.1825210601 0.01354977023 -0.05875762925 -0.1652417928
0.4607592821 0.5078888535 0.3807698786 0.4684261978 0.4859727919 0.3294712007
0.3426246345 0.2921060324 0.2725666761 0.3499546945 0.2321210057 0.2744168937
0.8381352425 -0.2445949912 -0.41315189 0.831993103 -0.2372110933 -0.3758153915
0.07238209248 0.2240790725 0.07926186174 0.04255384952 0.1873756051 0.07486795634
0.391463697 -0.5122537613 -0.3139505386 0.3703083992 -0.6076272726 -0.2396743
-0.1286884248 0.1506946683 0.9347072244 -0.1411368996 0.1411923021 0.9400535822
-0.3688128591 0.5193879008 -0.8290987611 -0.3022499979 0.5105441213 -0.7188851237
1.008949518 0.2764080763 -0.2174015641 0.9311851263 0.3497371972 -0.1989423037
-0.7217491865 0.4520722628 -0.06691804528 -0.6479418278 0.4367603958 0.03822486848
-0.5835936069 -0.1110896468 0.1859544963 -0.6024432778 -0.07707165182 0.2503769994
-0.1207377538 -0.4256742001 -0.5495575666 -0.09285844862 -0.406517297 -0.4953002036
0.3697791696 0.5588083267 -0.08455048501 0.3081262112 0.5461503863 -0.06235484034
-0.4399060309 0.591209054 -0.574560523 -0.4517973065 0.5273838043 -0.5119671822
-0.3779719472 -0.2396983206 -0.9177179337 -0.3533424139 -0.201364398 -0.8860809207
-0.2413157672 0.1583963186 0.5503060222 -0.2397319973 0.1092161983 0.643902123
-0.08620131016 -0.5700796247 -0.1754007041 -0.1712438017 -0.5656055808 -0.1516865045
0.2745813727 0.3494560122 0.3199199736 0.2700777948 0.3035621941 0.2856358886
0.1485773176 -0.3180130124 0.5144326091 0.1951238066 -0.2461244017 0.5872120857
0.8313548565 0.7634063959 -1.250488162 0.8906595707 0.7273079753 -1.149175048
0.2658831477 0.4350402951 -0.8629183769 0.2268581986 0.3789921105 -0.8524506092
0.1390287876 0.560419023 0.2714277804 0.05501914024 0.4971041083 0.3086521924
-0.8360248208 -0.03317463771 -0.2510996461 -0.8699496984 -0.1192601025 -0.190121606
0.1786416471 -0.06422886997 -0.5510331392 0.191296801 -0.08461081982 -0.4637387097
0.5344071388 -0.5731568336 -0.07821027935 0.4623267055 -0.6522452235 -0.02961960062
0.6073702574 -0.06691235304 -0.3184948564 0.5981463194 -0.1103475019 -0.2355097979
-0.249106124 -0.1877999753 -0.4650568068 -0.2744464874 -0.1765192002 -0.4478577971
0.3690930605 -0.2320440114 0.5884995461 0.3390074968 -0.2517865002 0.6641898751
-0.7080253363 -0.02294283733 -0.1760342568 -0.7421255112 -0.09558983147 -0.08075340837
0.5581718087 0.06417449564 -0.1379735023 0.5448008776 0.05941699818 -0.1015663967
0.6061020494 -0.5530512333 -0.1978868693 0.6043394208 -0.5173659921 -0.152492404
0.1357559562 0.6280640364 0.2041971087 0.2209523022 0.6295654774 0.1802631021
-0.4561389983 0.1391581893 -0.08930400014 -0.4774278998 0.1485711932 -0.1560928971
0.4832597077 1.005514741 -0.07121748477 0.3277288973 1.008308053 -0.09411129355
0.04492282495 0.5335451365 -0.4272743762 0.09529188275 0.525426507 -0.3791396022
0.07314188033 0.1697304249 0.2482483834 0.05338992923 0.1449522972 0.2822291851
-0.09235884249 -0.01644524932 -1.511022687 -0.0882954523 -0.06279365718 -1.508718967
-0.07378290594 0.106289044 -0.01595607027 -0.03697425872 0.07791756094 -0.03400928155
0.4943928719 0.2100903392 -0.1859974563 0.53512609 0.1126800999 -0.06736710668
-0.07094987482 0.4994242489 -0.0150236357 -0.08154892176 0.5637515187 0.02583681978
0.4560080469 -0.2101185471 0.1063616425 0.4299182892 -0.1829044968 0.1232383028
0.612618804 0.1862108707 -0.1222774386 0.5992454886 0.187529102 -0.1003291979
0.310631752 0.3649818003 0.2411381751 0.3339923918 0.2797605991 0.3170957863
0.595854342 -0.395899564 0.1007161736 0.618062675 -0.3436948955 0.1913698018
-0.2066327333 -0.06601635367 0.005075261462 -0.2498929948 -0.06741782278 -0.01103211008
-0.2206491977 -0.7819463611 0.004630871117 -0.2221951932 -0.8192254901 0.09709084779
0.03361176699 0.3027849197 -0.3191905022 0.02718296088 0.2894448042 -0.2831276953
-0.8561658263 0.5125308037 0.3360701799 -0.8428769708 0.4866499901 0.386154592
0.1798091829 0.1132191196 0.4165494442 0.1930864006 0.1060653031 0.4201439917
-0.4771135449 -0.3771489859 0.282010138 -0.5510441065 -0.4150977135 0.3454349935
-0.1267943978 0.004507612437 -0.2091367543 -0.2160782069 -0.03910877928 -0.1559665054
-0.6448237896 -0.5270844102 0.08569288254 -0.665700376 -0.5252233744 0.02017376944
-0.4025550187 -0.2003409266 0.02541231737 -0.4183906019 -0.1728222966 0.1104034036
-0.2237700969 0.04146385938 -0.270640403 -0.2207919955 0.04625260085 -0.2358157933
-0.9662960172 -0.1132068112 0.1572116315 -1.065279007 -0.165208295 0.177256003
-0.09931299835 -0.1365569234 0.92121768 -0.1645538956 -0.1740058959 0.9837744236
-0.2299042344 -1.865294576 -0.03080837242 -0.1279723942 -1.83464098 -0.02172276005
0.1385126561 0.3903260827 0.03473202139 0.1305633932 0.4269806147 0.06789865345
-0.1484081894 0.03335534781 -0.2377333641 -0.1742313951 0.06684918702 -0.2485394031
-0.04672733322 -0.1509296 0.1838490665 -0.1098930016 -0.1538691074 0.2432388961
-0.2950817347 -0.3606616259 -0.01280470751 -0.3168652058 -0.3876472116 0.0425356105
0.3491988778 0.2505307198 0.4613784552 0.3869819939 0.2768900096 0.4930528104
-0.01609422453 -0.1213817075 -0.4241015017 -0.03839306906 -0.1185747981 -0.3904556036
0.4527588785 -0.08109306544 0.04324297607 0.4731119871 -0.1023202986 0.0636388734
-0.1687061489 0.2689591646 0.2894256413 -0.2522485852 0.241542995 0.2940526903
0.2974914014 -0.2131147683 0.2462378442 0.2540754974 -0.2139621973 0.2446563989
0.5277659297 -0.1355440468 -0.1043334678 0.4844852984 -0.1513240933 -0.05144824088
0.4037540853 -0.3080491722 -0.3627286553 0.3955802917 -0.3361119926 -0.298943013
0.7785056829 0.3100539446 0.1153166518 0.7435386777 0.3336234987 0.1674997061
0.1889515519 1.160874724 -0.5402132869 0.1754132062 1.239348054 -0.5433670282
0.599998951 0.2769010961 0.2004926205 0.5888577104 0.304410696 0.2080717981
0.6203585267 -0.08724226058 -0.08794598281 0.6108490229 -0.1057422012 -0.05542157963
-0.04839412123 0.3987952471 -0.3881308436 -0.02360120043 0.4355080128 -0.4037832022
-0.4098960757 0.01502770372 -0.220798865 -0.3357438147 -0.01203607954 -0.1721504033
0.1054764986 0.1681125611 -0.6660568714 0.07564669847 0.2060903013 -0.7105025053
0.1853611171 -0.4867382348 0.117689088 0.1903374046 -0.4419228137 0.126949504
-0.5827837586 -0.1581049711 0.09862196445 -0.571413517 -0.1617242992 0.1163206995
0.1242097393 -0.03495262191 0.2171164453 0.1582916975 -0.08115892112 0.2673763931
0.3402260542 0.06965753436 0.3503092825 0.3724248111 0.140999198 0.3593068123
0.0002167429775 -0.03128035367 0.08311913908 -0.02297268994 -0.03285203874 0.1037115976
-0.3916763663 0.1802709848 -0.3280285895 -0.3892135918 0.1793074012 -0.342328012
-0.3537887335 -0.2578170598 0.09567842633 -0.3157559931 -0.2436003983 0.0721937716
0.101158455 0.3618025184 0.5483118296 0.07819715887 0.4379707873 0.5355517268
-0.0304181613 0.4120962024 0.01843931898 -0.04452636838 0.4444431961 0.06397631019
0.2043238282 -0.3726975322 -0.01133951917 0.2306019962 -0.3912337124 0.03564481065
0.1967273504 -0.3121335208 0.4526131153 0.1916480064 -0.3729853034 0.4393987954
0.2880703211 -0.1689291596 -0.4496226013 0.3168245852 -0.1653043032 -0.4088171124
-0.2708036005 -0.06603018939 0.1548957825 -0.2661010921 -0.0803077966 0.1657841951
0.1328269094 0.7914139628 0.2423275858 0.1250535995 0.7856897116 0.2706182897
-0.224345237 -0.02888086438 0.1939490139 -0.1870014966 -0.03634539992 0.2435971051
0.1649826914 0.5216712952 -0.03040529042 0.1702829003 0.5245866776 -0.03767986968
-0.06229026988 0.3441870213 0.1093494073 -0.05678496137 0.3591121137 0.09698739648
0.03561136872 -0.0649599582 -0.3374395669 0.02487901039 -0.08870559931 -0.3259787858
0.071550861 0.2837771177 -0.1000420675 0.1192440018 0.2811051905 -0.1283763945
0.3967735469 -0.03005616739 0.6101719737 0.4070023894 -0.02460099943 0.6319798827
-0.115846172 -0.2434793115 -0.2581402063 -0.04872646183 -0.1888733953 -0.2391259074
0.05381083488 0.5142523646 -0.296921581 0.09533452988 0.5373334885 -0.2222895026
-0.2041406035 0.1711875647 -0.3903070986 -0.184947595 0.1815772951 -0.3731557131
0.1047497988 0.1121809557 0.4484531879 0.1366411 0.1782550067 0.4764466882
-0.2198661268 -0.2570723593 -0.1269975901 -0.2100636065 -0.2465299964 -0.1238609031
0.152574867 -0.8511476517 0.512806952 0.1941877007 -0.8570585847 0.4806039929
-0.1201939061 -0.4323706925 0.02149282955 -0.1123664975 -0.3823432922 0.01638999954
0.7038775682 0.5711027384 -0.164796859 0.704139173 0.5737543702 -0.1532737017
-0.100373216 1.052182317 0.03088106029 -0.1213900968 1.079666972 0.0004081100051
-0.06457290053 -0.1015390679 0.09739586711 -0.03011449054 -0.1130642965 0.118160598
-0.1673220992 0.4240649939 0.07956848294 -0.183404699 0.4005022943 -0.01170155965
0.4420312345 0.2982907593 -0.08578401804 0.4569275081 0.2717392147 -0.08723053336
0.280751884 -0.2158507109 -0.07153268903 0.2876627147 -0.2124179006 -0.05875936151
0.01271921396 -0.3946963251 -0.3665476441 0.01846124977 -0.4237343073 -0.3564612865
0.2762919068 0.2923283279 0.1943663955 0.294038713 0.2903333902 0.2238945961
0.09434297681 -0.09901730716 0.1946393102 0.09681425244 -0.1325893998 0.1718501002
-0.01639462262 -0.02896525338 -0.2134979516 0.02987096086 -0.002619449981 -0.1801580936
0.05422407761 0.2508223057 -0.3277281225 0.07959786803 0.2694868147 -0.3199071884
-0.2829455435 0.5259277821 0.9454804063 -0.2529875934 0.5390461087 0.9787173271
-0.5629196167 -0.113396138 -0.4535981119 -0.5007144213 -0.09210170805 -0.450771302
-0.003928085789 0.3113092184 0.3508488536 0.03033903055 0.3123652935 0.3622694016
0.1097450405 -0.09567947686 0.3234556615 0.1032506973 -0.06830620021 0.3459416032
-0.08778513968 -0.05041157454 0.3166188598 -0.06874450296 0.0008928499883 0.3703880906
0.663607955 0.08709554374 -0.6739904881 0.7703335285 0.009887079708 -0.6287667155
-0.8609455824 0.01781499013 0.468611896 -0.8483014107 0.000595289981 0.4184783101
0.1933851987 -0.4739538431 -0.4544437528 0.2279147953 -0.3786005974 -0.4799777865
-0.2690427601 0.1333541572 0.05840007588 -0.2427680045 0.09535496682 0.07110992819
-0.05300249904 -0.1767552793 0.3980627358 -0.07332178205 -0.1780748069 0.4024814963
0.4022625685 -0.2655065656 0.1993626356 0.4093849063 -0.3117373884 0.1928061992
0.2760227919 0.2617281675 0.5375478864 0.315633297 0.2815277874 0.4821945131
-0.1158564091 0.129075706 -0.1758288592 -0.1071928963 0.1009092033 -0.1533726007
0.121050857 -0.05615287274 -0.05130215734 0.08381254971 -0.07701952755 0.02787460014
-0.5296580195 0.3442815244 -0.3357709944 -0.5089787245 0.3597632051 -0.341414094
-1.001709342 -0.2255570292 -0.1371872425 -1.02691102 -0.2496397048 -0.1294294
-0.0341186747 0.8474565744 -0.04656165093 -0.01879465021 0.8215141892 -0.04053143039
-0.09118962288 -0.1873077154 0.4134720266 -0.1307075024 -0.2186699957 0.4544529021
-0.2162075788 0.1180169284 0.6125983596 -0.2287788987 0.08622977883 0.6613414884
-0.3298681378 -0.2572080791 -0.02863520011 -0.394708693 -0.2940798104 -0.02135422081
0.4119130373 -1.060332656 -0.1638759375 0.4117963016 -1.096781015 -0.1581636965
-0.08495651186 0.1385606825 -0.07220427692 -0.04992705956 0.1275279969 -0.05616440997
-0.04801365733 -0.02669675834 0.8178580999 -0.01390975993 0.01606684923 0.8349481821
-0.02360035852 -0.7410051227 -0.2516927123 -0.05611177161 -0.7253602743 -0.231092304
0.1792938709 0.4496920705 0.6618570089 0.158890903 0.4786888063 0.6574211121
-0.2947858572 0.4040884376 0.03770211339 -0.2817006111 0.3875192106 0.07983063161
0.1795276105 -0.3191077113 0.3477087021 0.2463050932 -0.2666108012 0.3170287907
-0.3304479718 0.01850178652 -0.08569774032 -0.3534922898 0.0625269413 -0.05822423846
0.2875999808 0.06531381607 -0.436632067 0.3052034974 0.1312039942 -0.37954849
0.6974520683 -0.2685701847 0.138979286 0.7101199031 -0.2793667912 0.1035529971
0.205837965 0.01332389284 -0.2087775767 0.2324534953 0.02218312956 -0.1756383926
0.08510615677 -0.3845276833 0.02397041395 0.03813385963 -0.384857595 0.01134603005
-0.3412087262 -0.2500020266 -0.7246251702 -0.3235526979 -0.2433453053 -0.6789727807
-0.03556325287 0.213149026 0.0415187031 -0.03041172028 0.1927689016 0.04324598983
-0.06248681247 0.284958899 0.322098881 -0.04494570941 0.2205516994 0.3114109933
-0.03582655638 0.021340115 -0.2410845906 -0.03376511112 -0.05721608177 -0.2178961039
0.6744311452 -0.4669314325 -0.02501629107 0.6874366999 -0.4363411963 -0.01964131929
0.1549916416 -0.04441577941 -0.09155479819 0.1322757006 -0.01236854028 -0.1057827026
-0.0614570193 0.2036769092 -0.7409065962 -0.071861431 0.1826622933 -0.7777525187
-0.0005921702832 0.01797398552 0.4123335183 -0.01990734972 -0.04774827883 0.3724066913
0.5310649276 -0.009745914489 0.2149944603 0.5141252875 -0.07391423732 0.2288818955
-0.2079630196 0.3713745773 -0.775577724 -0.2058916986 0.389831394 -0.716994822
0.3087562025 0.3687735498 -0.07385153323 0.2556576133 0.3386786878 -0.06589052081
-0.4935074151 0.358220309 0.4491728842 -0.5583862066 0.3051612973 0.4469079971
0.3243936598 0.08667449653 0.1815696061 0.2619447112 -0.001047080033 0.1987940967
-0.4319502115 -0.3373377323 -0.50144279 -0.4430027008 -0.3875699937 -0.523555696
0.1703562438 -0.2447259575 -0.2037976533 0.1680908948 -0.1950408965 -0.176274702
-0.3155781329 0.2350132763 -0.1003847122 -0.3998503089 0.2359158993 -0.09979961812
0.6186420918 0.2367468476 -0.04422231391 0.5583730936 0.1809909046 -0.01179818995
0.3961329758 -0.3983730078 -0.05114624277 0.3958902061 -0.3753721118 -0.1051577032
-0.229589209 -0.34579584 0.1004976109 -0.1824329942 -0.3079048097 0.06330613792
-0.3138486147 0.1545336843 0.6733155251 -0.3190068901 0.1157030016 0.6463462114
-0.1308178902 -0.3626263142 0.1189827025 -0.1693706959 -0.4196920097 0.08844052255
-0.09649928659 -0.5413344502 0.1330781728 -0.09230232239 -0.550819695 0.1285725981
-0.6642255187 0.6637372375 -0.3294070065 -0.655639112 0.7048435211 -0.4043936133
0.2000479847 -0.6189174056 0.004646638408 0.2409047037 -0.5632274747 -0.05555735156
-0.110774681 0.1425372958 -0.384378314 -0.1222428009 0.2116737962 -0.44282341
0.05859825015 0.2110283524 0.01935083792 -0.01914508082 0.2594385147 0.05473795161
0.04722752795 0.005092057865 0.02042310685 0.03574096039 -0.04741213098 0.03753152862
0.04564884678 -0.5263503194 -0.4716409743 0.05110415071 -0.5192424059 -0.5054795742
-0.1879241168 0.2135713547 -0.1854901612 -0.1521642059 0.1990925968 -0.2209572047
-0.3480490744 0.01269077696 -0.06687296927 -0.3694489896 0.007991760038 -0.007399450056
0.4348260164 -0.3099192679 -0.5115935206 0.3486688137 -0.3173635006 -0.54266119
-0.4686402082 0.04767096415 0.1085065082 -0.5097081065 0.009416709654 0.1595851034
0.1354492456 -0.119210355 0.4680906236 0.179184407 -0.1648865938 0.4576030076
-0.1598989069 -0.5663584471 0.3642583787 -0.1544256061 -0.5922293067 0.3768390119
0.2085417509 0.1600302905 0.4605895281 0.1893694997 0.1884754002 0.4884944856
-0.7919575572 0.4674546123 -0.03137649223 -0.9071044922 0.4861057997 -0.03865225986
0.4355797172 -0.5393538475 -0.7474887371 0.4063158035 -0.5528076887 -0.7765194178
-0.6655534506 -0.05624360591 -0.2202306539 -0.6773002148 -0.0106607303 -0.2500385046
-0.5145794153 0.2848168612 -0.3034047484 -0.5538982749 0.3202111125 -0.2922266126
0.06685236841 0.1875669062 -0.1718485951 0.01112912036 0.1762744039 -0.2142411023
-0.06440921128 0.002629091963 0.1555520892 -0.08746872097 0.04017066956 0.09319352359
0.193447724 -0.07937300205 -0.2821051776 0.1735004932 -0.04857105017 -0.3464513123
-0.1025262401 -0.9330135584 -0.06783699989 -0.08502951264 -0.7963579893 -0.07428824157
-0.509858489 -0.2198102772 -0.143217206 -0.4714389145 -0.2224076986 -0.1076020971
0.4382626414 -0.2671245635 -0.1057730243 0.4714738131 -0.3186025023 -0.05004556105
0.06970061362 1.030405879 0.02649085224 0.06575910002 1.029708982 0.06343258917
-0.3981016874 0.02778268605 0.03780851513 -0.4257850945 0.0654437393 0.08632905781
-0.3026061654 -0.02469068021 0.05656034127 -0.3213601112 -0.01812463067 0.009419119917
-0.3660410047 0.1974364966 0.2234639823 -0.3413127065 0.1652919054 0.1985699981
-0.08856790513 -0.5089635849 -0.04854025692 -0.1527727991 -0.4872497916 -0.02341626957
-0.1179697663 -0.1680682898 0.1063956097 -0.1030858979 -0.2115254998 0.1009066999
-0.1599911749 -0.1694709063 0.1567853242 -0.1665659994 -0.1615155935 0.1675242931
-0.8068869114 0.03462934121 -0.07706184685 -0.8394001722 0.09510362148 -0.05630645156
0.1453582942 -0.1422762573 0.2152079046 0.140348196 -0.1291376948 0.2247139961
-0.3312294781 -0.8013917804 -0.05115235224 -0.3637925088 -0.8053916097 -0.073500067
-0.2603645325 -0.4874223471 0.02638813853 -0.1988783926 -0.5090647936 0.0660527274
-0.2355390787 0.2064721435 -0.1409009397 -0.2817603052 0.2043388933 -0.1779302955
0.3719406426 -0.2585686445 -0.3161050379 0.349788487 -0.2419607937 -0.2898184061
-0.188048467 -0.3838127851 0.4094461203 -0.2580094039 -0.3573882878 0.4170154929
0.04105426371 -0.267477423 -0.2717575729 0.06311348081 -0.3305138052 -0.285166502
0.1953213066 0.144872278 0.6847950816 0.2278075963 0.1045399979 0.6845812798
0.7155758739 0.1788080335 -0.05654526502 0.7303326726 0.1551669985 -0.03357091919
0.03071180359 0.300864011 -0.06753168255 -0.02430335991 0.3200885952 -0.05136030912
0.2726676166 0.1408013552 0.06425564736 0.2456939965 0.09279286861 0.04754348844
0.1565353721 0.08182571828 0.1769106537 0.1886225045 0.1057317033 0.160975799
1.063995361 -0.07520355284 0.08709782362 1.120612979 -0.1002560034 0.08960043639
0.2193291932 0.1287502646 -0.1108795926 0.1860709041 0.1354241073 -0.1021723971
0.2460125089 -0.6117380261 -0.1073080227 0.2720392048 -0.6368749738 -0.04228590056
-0.005147941411 0.1119736359 -0.1452224255 0.02711981907 0.003350290004 -0.1379802972
-0.05550979078 0.1268567294 0.06312097609 -0.03631798923 0.1785573959 0.04545433819
0.05985626578 0.6547447443 -0.1880684942 0.04331278056 0.6950237751 -0.2373667061
-0.2997421026 -0.1725446135 0.1046081334 -0.3222498894 -0.1910291016 0.07981137186
0.3826006651 0.02850478515 -0.08941443264 0.3984481096 -0.02821969055 -0.1242590994
0.5046572685 -0.8912240267 -0.2859191597 0.5151613951 -0.8502926826 -0.2757858932
-0.3445484638 0.4471809864 0.2622821331 -0.3726252913 0.4703741074 0.210925594
-0.1959119141 0.01698426157 -0.2622372508 -0.2042540014 -0.05640492961 -0.2432186007
-0.3676982522 0.114086464 -0.1771064401 -0.3736002147 0.1103489995 -0.2221150994
0.2622681856 -0.04793157801 -0.03594376892 0.2161249071 0.00796070043 -0.02122735977
-0.08887653053 -0.03355492651 -0.2754919827 -0.1187151968 0.06778542697 -0.2654525936
-0.2611625791 -0.3581852615 -0.3707514107 -0.2533642054 -0.3530682921 -0.3301899135
0.07283334434 0.4646728337 -0.1303156614 0.09212729335 0.4195089936 -0.1354936957
0.1898846477 -0.3601795435 -0.1318053007 0.1517834961 -0.3730253875 -0.1828670055
0.1863231659 -0.1284762025 0.5594578981 0.1833931953 -0.139330402 0.5297765136
-0.1151420921 -0.3172899187 0.2026044279 -0.09613659233 -0.3396495879 0.1810739934
-0.1069337577 0.2480993271 -0.4018179476 -0.106963098 0.2203284055 -0.4083685875
0.05350647867 -0.2109674215 0.1486554593 0.03761522844 -0.2226433009 0.1669535935
0.5849990845 0.1838632971 0.4365805984 0.6001091003 0.1559311002 0.4496197104
0.06394986808 -0.4221849442 -0.1803439558 0.06874436885 -0.4127568007 -0.1945897937
-0.4135096073 -0.728851974 -0.01535048708 -0.3908267915 -0.809330225 -0.005088109989
-0.08054998517 0.1244968176 0.6323673725 -0.0500577502 0.1231262013 0.5997570157
-0.01480958983 -0.5944385529 0.2943965793 -0.001201619976 -0.5574445724 0.3078475893
-0.06772050261 0.3182513416 -0.1490914673 -0.08976940811 0.3343952894 -0.086255081
-0.2004614621 0.06291557103 0.06697995961 -0.2160747051 0.07326470315 9.747999866e-05
-0.1698789299 -0.03328642249 0.4479336739 -0.1998281032 -0.02057114989 0.4176785052
-0.5943923593 -0.8229114413 -0.06324864924 -0.6553081274 -0.8017159104 -0.1018982008
-0.01374720596 0.2081607878 0.1238467172 -0.02473475039 0.2240695953 0.1574641019
0.2488878518 0.06458175927 -0.1648231447 0.1868522018 0.07189401984 -0.1295212954
0.2056245506 0.0741532743 0.3433349431 0.1732881069 0.05064085871 0.3288910091
0.3110593855 -0.7044107318 0.2118217498 0.3138399124 -0.6857748032 0.2140091956
0.04639643431 0.1480092257 -0.202583313 -0.005525149871 0.09624712914 -0.2487166971
-0.203780368 0.04257757217 -0.02638637833 -0.1715967059 -0.007044699974 0.03320821002
-0.07405164838 0.00623267144 -0.0137001127 -0.05234289914 -0.07559218258 -0.05483340099
-0.2014371306 0.3040832877 -0.07018777728 -0.247554794 0.2835845053 -0.08852305263
-0.1708520055 -0.5005809069 -0.3688194752 -0.1910776943 -0.4771842062 -0.3634625971
-0.08515060693 0.2871315777 -0.2644958496 -0.04534712061 0.2849811018 -0.2652767897
-0.06316103041 0.1494574398 -0.7114902139 -0.1344428062 0.1552225053 -0.7098199129
0.06399459392 0.2289012671 0.1129839644 0.02701794915 0.3057028949 0.1308549941
0.1045110971 0.253310293 -0.04585525021 0.09335789084 0.2222369015 -0.05053626001
0.219208777 0.1146236286 0.04029393196 0.2154570967 0.06422273815 0.03858673945
-0.3767494261 0.3370857835 0.09304521233 -0.3367482126 0.3241502941 0.07195471972
0.1481741071 0.2026690245 0.01494343206 0.1250727028 0.2310422063 0.04758121073
-0.01334640011 0.01084626373 -0.05542903394 0.02016514912 -0.004140709992 -0.05595752969
-0.07579342276 -0.4730503857 -0.3008056283 -0.06586024165 -0.4997692108 -0.3667275012
-0.1238711029 0.4166240096 0.4337387085 -0.06898456067 0.4387888014 0.4605314136
-0.006060026586 -0.5122779012 -0.03988868743 -0.02834088914 -0.4798206091 -0.06074570119
0.3806250095 0.3022105992 0.5697267652 0.3894025087 0.300365895 0.5429481864
0.03786168247 -0.1691014171 -0.1673932374 -0.009602850303 -0.1364880949 -0.2109640986
0.3741213083 0.09490145743 -0.1502100527 0.3798815906 0.09462766349 -0.1757556945
0.07325384021 -0.1515975446 -0.7548432946 0.08279115707 -0.1488593966 -0.7590454221
-0.1596987545 0.3533773422 -0.04876151681 -0.1672239006 0.337718606 -0.01078156009
-0.0649908185 -0.5566014647 0.1640747935 -0.08351238072 -0.5927633047 0.1665036976
-0.2783384919 -0.3131591678 0.1354689747 -0.3128047884 -0.2898542881 0.1096332967
-0.07139160484 -0.06940003484 0.4211584628 -0.0867991522 -0.1101687029 0.3758238852
-0.3644692004 -0.6911619902 -0.02129293606 -0.3545938134 -0.7161067128 -0.03170131147
-0.1822511703 0.002778812312 -0.8582955003 -0.1971766055 0.0549355112 -0.861024797
0.3605598807 -0.05932402238 0.08196163177 0.4528512061 0.00626261998 0.09755606204
0.03703103215 0.5644537807 0.2407263666 0.0464633517 0.5126538277 0.2257165015
-0.04196767509 -0.1341624707 -0.4885417819 -0.05176033825 -0.1640906036 -0.4916881025
0.2794012427 0.461207509 0.001365862321 0.2806533873 0.4243947864 0.006777079776
0.5149120688 0.2624374628 -0.2568004131 0.4986717105 0.2934826016 -0.2171836942
-0.2653663456 -0.1285087317 -0.2014788985 -0.3010951877 -0.1322780997 -0.1957142949
-0.362972796 -0.08778258413 0.3903270364 -0.3659232855 -0.09106867015 0.3267757893
-0.3202716708 -0.3090296686 -0.1386176348 -0.2890452147 -0.2693238854 -0.1174494028
-0.09351813048 -0.1517535001 0.1422266364 -0.08458314836 -0.1588021964 0.1635553986
-0.1963277012 0.8565371037 -0.2095150799 -0.2533448935 0.8460959792 -0.2043955028
-0.04259128496 -0.1999660581 0.09495422244 -0.08622047305 -0.1811957061 0.04270879179
-0.5713204145 -0.08713905513 -0.3163093626 -0.5602248907 -0.0799184069 -0.3827660978
0.3680021763 0.09829240292 0.9215542674 0.3918732107 0.06349404901 0.9490340948
0.04478384554 0.07740256935 -0.1182971001 0.09291084111 0.1178212017 -0.09630569816
0.0477816537 0.2318566293 0.6022508144 0.05883004144 0.2182805985 0.5936427712
0.1661822498 -0.3410509825 -0.657890141 0.1366344988 -0.3258827031 -0.6694095731
0.2547867894 0.02335948125 0.5418404937 0.294413805 0.01375485025 0.5620672107
-0.2749530971 0.6832131743 -0.3560763299 -0.2280939072 0.6637368202 -0.3893516064
0.02996483073 -0.2036065757 0.0460085161 0.01998380944 -0.2147524059 0.02728448063
-0.2875283659 0.6670949459 0.1875524968 -0.3337764144 0.6380140185 0.1565853059
0.1356067955 0.006383910775 -0.1271007359 0.1476258934 0.04046282172 -0.1806977987
0.2266480476 0.08003206551 -0.16415295 0.2630561888 0.08411730081 -0.1871380061
-0.2703779936 0.09119978547 0.6070342064 -0.2907275856 0.04877338186 0.6264600754
0.1884192079 0.273271203 -0.1790120155 0.2033852935 0.2666003108 -0.138173297
0.2449734658 -0.1475177258 0.3437060714 0.2510969043 -0.04263119027 0.3183797896
0.2081805617 -0.863696754 0.1587382853 0.2239519954 -0.8315594792 0.1099463031
0.2353444546 0.2396613806 -0.1591285169 0.2406557947 0.2273351997 -0.208454594
0.7730385065 0.1279031783 -0.0560031347 0.785851419 0.136402905 -0.06265681237
-0.6742823124 0.367919445 -0.5229461193 -0.6937922835 0.3667038977 -0.5315691233
0.002942270134 -0.05815488845 -0.1988396794 0.01374171022 -0.05359930173 -0.2053268999
0.1765482724 -0.1005545333 -0.1617285907 0.1594552994 -0.1618237942 -0.1758147031
-0.2722064555 0.3393419385 0.01040850393 -0.226769805 0.3598738015 0.02212749049
-0.5005072951 -0.1730314642 -0.5923847556 -0.4868975878 -0.1278526038 -0.5811470151
0.3206518888 0.3149160147 0.3656821549 0.3434563875 0.3753573895 0.4022307992
0.06344366074 0.3535799086 -0.1493569016 0.07886835933 0.4000163078 -0.1425586045
-0.2381223291 -0.06652262807 0.1187938973 -0.2323186994 -0.07682619989 0.07890989631
0.4007004201 -0.06520296633 -0.01248128712 0.4488726854 -0.05104079098 -0.01373281982
-0.1824263632 0.2213774323 0.4268389344 -0.158287406 0.2696028054 0.412392199
-0.04163803905 0.05600016564 -0.02118834481 -0.05633372068 0.182127893 -0.01250519976
0.2289213538 -0.06385035813 0.1844389141 0.2087022066 -0.1002876014 0.159336701
0.2931056619 -0.4410932362 0.2464559674 0.3177649081 -0.5129383206 0.2164335996
0.3855703175 -0.1202093065 -0.2520070672 0.4155169129 -0.1455599964 -0.2860048115
0.04745024443 0.06818601489 0.980903089 0.05827369168 0.06808330864 0.9828618169
0.7572706938 0.1408348083 0.01240421925 0.7838748097 0.0831246525 0.04194493964
-0.3220953047 0.2111519873 -0.2313994765 -0.3538405001 0.1960842013 -0.1969512999
-0.001341536641 -0.427872479 -0.1905397922 -0.002397289965 -0.4379498065 -0.1214385033
0.1300319135 0.4177021384 -0.03872420639 0.1323259026 0.4120677114 -0.03913109004
-0.06360857189 0.3824170232 -0.01138113812 -0.04885086045 0.3690227866 0.02248466015
-0.0740306899 -0.02695510909 0.02641803026 -0.06025131047 -0.07020740956 0.06370473653
-0.1399405748 0.661049068 0.2190269232 -0.08096291125 0.6495500803 0.2729057074
-0.1658632606 0.008770488203 -0.1718734801 -0.1919026971 0.001314559951 -0.1453883052
-0.2394731045 -0.2208735049 -0.3477412462 -0.2220482975 -0.155539602 -0.4141614139
-0.4549297392 -0.2373681962 -0.04541895539 -0.4710080922 -0.1933036 -0.05667348951
0.2225456685 0.6531981826 0.3937956691 0.2792497873 0.6803836823 0.3783341944
-0.1307059228 0.3121456206 -0.2032666057 -0.1516128927 0.2947899997 -0.1451504976
0.1253914237 0.3265932798 0.5039955974 0.1541676968 0.3099266887 0.4595043957
0.527669549 0.1729300618 -0.1127194762 0.6307275295 0.1405203044 -0.1916593015
0.9327728748 -0.1400395334 -0.9279927611 0.950574398 -0.06314586848 -0.9501066208
1.026978374 -0.8597739935 0.004266717937 1.059828043 -1.012385011 -0.03376853839
-0.2790147066 0.3145447075 0.7046570182 -0.2615975142 0.2420669943 0.7136486173
-0.5254569054 -0.3718429208 -0.8273617029 -0.5294482708 -0.3405087888 -0.8441938162
0.3634620309 -0.5092954636 0.3998881578 0.459312886 -0.5051028728 0.3497762084
-0.5912745595 0.1694465876 0.1842826754 -0.5265712142 0.1093238965 0.1436956972
0.3487032652 0.1178888828 -0.03414709121 0.3601871133 0.04133437946 -0.05481164157
0.03943593055 -0.03449471667 0.6543151736 0.09452681243 -0.03539729118 0.6757450104
0.2009328306 0.2357010543 0.03044538945 0.2219090015 0.2090041041 0.009855969809
-0.9225928783 -0.5935685039 -0.002184855752 -0.813811481 -0.6101667285 -0.07639139891
0.007340895012 -0.1337259561 -0.2287863195 -0.07506620884 -0.190049693 -0.2598957121
0.4044921994 -0.5968763828 0.9629974365 0.3523446918 -0.6699681878 0.8899785876
-0.1411224157 1.219034791 -0.3790654838 -0.03257489949 1.275900006 -0.3884609938
0.2375192344 0.04537086189 0.1626223922 0.2665727139 0.03570618853 0.1684267968
0.9432797432 -0.08912021667 -0.1815483868 0.925568819 -0.07441747189 -0.1805496961
0.4186472893 -0.2518098354 -0.09708948433 0.4896748066 -0.2801822126 -0.1037644967
0.3958827257 -0.08356630802 -0.644087255 0.3914242983 -0.1713726968 -0.6779785752
-0.2675476074 0.3640769422 0.1282937378 -0.2623232901 0.3314600885 0.1228004023
-0.4264798462 -0.1451901197 0.3312777281 -0.4014520943 -0.1761514992 0.2726852
0.7490038276 -0.6131783128 -0.2531027198 0.7837352753 -0.6233913898 -0.2424111962
0.01232598629 0.3110117912 0.5596378446 -0.03560819104 0.2986674011 0.5717483163
0.1733735353 -0.02851961553 -0.2743217349 0.2474076003 -0.05286687985 -0.2901606858
0.2547208965 0.4040647149 -0.1767083704 0.3104893863 0.3974128962 -0.1750234962
0.6811407804 -0.1658221483 -0.8348976374 0.723651886 -0.1187276989 -0.878318727
-0.09868951142 0.1651372761 -0.4720434844 -0.07773400098 0.1858741939 -0.4839583933
0.2302679271 0.7102888227 -0.2361079901 0.2258729935 0.6898664236 -0.267680794
-0.3264410496 0.8709837794 0.01875191182 -0.2583956122 0.7601550221 0.1006337032
-0.4449509382 0.8407493234 0.2765747309 -0.4232505858 0.8880488873 0.2218388021
0.3653934896 0.5322603583 -0.07188792527 0.3714782 0.5190780759 -0.07918397337
0.2491791248 -0.7095908523 -0.6157329082 0.3124243915 -0.7249680161 -0.569092989
-0.1597626805 0.3464068174 0.7899780273 -0.2195564955 0.3419001997 0.7786092758
0.6149519682 0.7717371583 -0.1765065044 0.5972988009 0.7386230826 -0.1786873937
-0.8077698946 0.1008611917 -0.1716757715 -0.8130608201 0.1251195073 -0.1613366008
-0.4900164008 -0.3618956506 0.3087069988 -0.4818269014 -0.3899829984 0.2702207863
-0.09461413324 -0.1979934424 0.2806224823 -0.0801590234 -0.1648408026 0.2372729927
0.3072030246 -0.3413147926 0.09325844049 0.269302696 -0.325774312 -0.0005512799835
-0.01331300475 -0.269908309 -0.09032489359 0.02043154091 -0.2499208003 -0.08389247954
0.03810121119 0.169077903 0.209284991 0.1124287024 0.2098782957 0.184413895
0.324385345 0.03882823512 -0.4389919937 0.2854560912 0.1085518003 -0.5282769799
0.06821765006 0.5425488949 0.08060010523 0.03873144835 0.5711128116 0.06191528961
-0.5099047422 0.347581774 -0.3814488947 -0.4951815009 0.3351497054 -0.3684985042
-0.7324761152 0.9198551774 0.008047047071 -0.7011749744 0.9188739061 0.06891354918
-0.1931734979 0.1677984446 -0.348012358 -0.1634718031 0.1224445999 -0.4100489914
0.3715385795 -0.6228349209 0.4740206897 0.3569991887 -0.6834241748 0.4513081014
0.7902916074 -0.1525487006 -0.02541741356 0.7700843215 -0.3013111949 -0.004988799803
-0.3629457355 0.2862769067 -0.255099237 -0.303260386 0.2936325073 -0.3468835056
0.01551441103 -0.07304824889 0.2214615345 0.05040422827 -0.08967529237 0.2631511092
0.4738521576 -0.223691389 0.4223718643 0.519228518 -0.1950289011 0.3552730978
-0.2302641571 -0.1881375313 0.01366277225 -0.1385273039 -0.2151241004 -0.04307937995
0.1427794844 -0.1454235911 -0.3652447164 0.1774109006 -0.1093143001 -0.3276790977
0.144628197 -0.3524677157 -0.009106935933 0.2116017938 -0.4031927884 -0.04371640831
-0.1910586208 0.316653192 0.2391520739 -0.1189216003 0.3069500029 0.2530932128
-0.2919819057 -0.3178035617 -0.04423707351 -0.3177399039 -0.2525910139 -0.03786506131
0.08489804715 0.7272495627 0.009556492791 0.1064262986 0.712100029 0.02593553998
-0.314566195 0.1262823492 0.8402089477 -0.301830709 0.1333940029 0.8580874205
0.2064735889 -0.1658220589 0.4811622202 0.2576960921 -0.2320875973 0.3772994876
-0.2856840491 0.1193324253 0.1807085276 -0.3171187043 0.09742063284 0.1946959049
0.1741288155 -0.1422854513 -0.3711186647 0.1897680014 -0.132604301 -0.3238132
-0.6834957004 -0.7088171244 0.1847104877 -0.6091905236 -0.7131137848 0.3001216948
0.3774995506 0.3205335736 1.488703847 0.3319661915 0.4289912879 1.555191994
0.08526086807 -0.3618187308 -0.4823058248 0.08002684265 -0.409363687 -0.4805324972
0.517670095 -0.6577768326 0.1780702919 0.5674167871 -0.6127961874 0.212360695
-0.02599860355 -0.8250229359 1.183719993 -0.01383583993 -0.812466681 1.164458036
-0.3518492877 0.225430876 -0.1605394781 -0.3536751866 0.297272712 -0.1905477047
-0.8388879299 0.2550390661 0.1142797023 -0.8966668248 0.298270911 0.09717924893
0.6278976798 0.3233597577 -0.3019811213 0.7205361128 0.2930024862 -0.2861497104
0.110127084 -0.2148528248 -0.228451997 0.1044527963 -0.2430174947 -0.2229698002
-0.7616927624 0.4451383054 -0.472269237 -0.654897213 0.4684815109 -0.5440958738
0.4589498639 -0.2741220295 0.3425324559 0.3428596854 -0.3209295869 0.3418129086
-0.425391674 0.5679525137 0.09961386025 -0.3958779871 0.5215843916 0.08223120123
-0.593503952 -0.1342164576 -0.05712063983 -0.6255633831 -0.1492699981 -0.03349801898
-0.6601865292 0.1798295826 0.09796516597 -0.5908967257 0.2405565977 0.09132281691
-0.1217064038 0.2300695926 0.8202838898 -0.08457282931 0.2241142988 0.8327630162
-0.22559838 0.04227199405 0.5999832749 -0.1942352951 -0.003440960078 0.7034553885
-0.4172681868 -0.2766486108 0.3726990223 -0.4273492098 -0.282217294 0.3343547881
-0.3397662342 -0.344029814 -0.05209552497 -0.3117131889 -0.3255747855 -0.06013327092
0.7931560278 -0.3959513307 1.185865402 0.8292093277 -0.4095658064 1.161556005
0.1537813395 -0.2871560156 0.1166701987 0.1535194963 -0.2377337068 0.09624525905
-0.3153891265 0.0506073311 -0.8860200047 -0.3721326888 0.05129303038 -0.8758066893
-0.7446303964 0.5297588706 -0.1727824956 -0.6620162129 0.5294361711 -0.09751102328
0.4638482034 -0.6569123864 0.3159952164 0.4870800078 -0.663602829 0.3293808997
0.3162146509 -0.4228746295 0.2941290438 0.3051874936 -0.3568072915 0.2721616924
0.3733222187 0.05061212555 -0.4147081971 0.3759183884 0.04106140882 -0.4283708036
0.09995101392 0.172099337 0.4563954771 0.148666501 0.2050372064 0.4177438915
-0.976796031 0.4249006212 0.1006809026 -0.953555584 0.3652448058 0.07784660161
-0.547616303 0.127823621 -0.09259572625 -0.5245360136 0.1030395031 -0.1395078003
0.1381747127 -1.131451011 0.002037968487 0.1234631017 -1.153128028 0.03901727125
-0.9722331166 -0.2524236441 -0.1823082119 -0.9887040854 -0.2007060945 -0.1199958995
0.1827573031 0.8178497553 -0.6213885546 0.0744156763 0.8082243204 -0.7009239793
0.1912394762 0.09375809878 -0.5968684554 0.2390906066 0.05886122957 -0.5846683979
0.1966782659 -0.3210937083 -0.128370136 0.2681457996 -0.4111971855 -0.07613924891
-0.682307303 0.4447523355 -0.07002547383 -0.66729182 0.4369280934 -0.01025309041
0.05610259995 0.4401164055 -0.2803730965 0.03703401983 0.4187831879 -0.3752925098
0.4960856736 -0.234816879 0.3936772943 0.4281215072 -0.2564691007 0.4231562912
-0.145665437 0.203059271 -0.07993528992 -0.1371296942 0.2221909016 -0.07367677987
-0.07605279982 0.3592179418 -0.4837864339 -0.02759297006 0.3890342116 -0.4866332114
-1.034970045 -0.2687538266 -0.9348111153 -1.035673022 -0.2698197961 -0.9937490821
-0.3102695048 0.1269541979 -0.07505697757 -0.3739531934 0.0882114321 -0.1168830022
-0.7933349609 -0.07446794957 -0.1636169106 -0.6971973777 -0.07569400966 -0.1063077003
1.222460628 -0.04280249402 -1.074953318 1.322550058 -0.04587810859 -1.086629033
-0.09470549971 -0.2384616435 0.3339520395 -0.00224603992 -0.2727110982 0.3211244941
0.04990765452 -0.6403870583 -1.034979582 0.1683955044 -0.597076714 -0.9933422208
-0.4787690639 0.2702516615 -0.3590455651 -0.4711334109 0.2517820001 -0.3585320115
-0.2960852385 0.1406554878 0.8415403962 -0.2581396103 0.1539265066 0.8550091982
0.07266312838 0.7600184083 -0.07620406896 0.08344616741 0.7909250855 -0.0939335376
-0.1603779495 0.1040549874 0.2266989499 -0.1452504992 0.01669556089 0.228412196
0.4408018589 -0.5624970794 0.1056302637 0.4492892921 -0.6099798083 0.148508504
0.5524916649 -0.827496469 -0.2478256524 0.5994824171 -0.9066057801 -0.2254299968
-0.05234057456 0.2636833489 0.1741642952 -0.01203836966 0.2425867021 0.191999197
-0.4135486186 0.1764716059 -0.1094801649 -0.4006693959 0.1753342003 -0.1332938969
-0.4276569188 0.05541523546 0.2095665634 -0.4163269103 0.008220129646 0.199732706
-0.19049564 -0.2055586278 0.07242045552 -0.2402921021 -0.217662394 0.07757359743
-0.2653271556 0.9268277884 -0.1697171032 -0.2359008938 0.9926016927 -0.1940051019
-0.6660652161 -0.4457521439 0.3719118237 -0.6324622035 -0.5120744705 0.3785302937
0.3903050423 -0.1744766682 -0.07778157294 0.4203453958 -0.2344743013 -0.1009809002
-0.3971123397 -0.774255693 0.0005330964923 -0.3552897871 -0.7998706102 -0.06325434893
0.1244434565 0.0303475745 0.3543784916 0.2024028003 -0.04882856086 0.3707498908
0.1166971698 -0.9872142076 0.5618389249 0.03715410084 -1.000342965 0.5968025923
0.4252961874 -0.2316766232 -0.6760382652 0.3667115867 -0.1239570007 -0.6999397874
0.1876918972 0.2090676278 -0.1741124988 0.1706888974 0.2230926007 -0.1827857941
0.201528132 0.1052835882 0.2324973047 0.1649485976 0.1120058969 0.3227851093
0.08344422281 0.0299205482 -0.06162749231 0.06433603913 0.04633934051 -0.08641255647
-0.964384079 0.04695035145 0.1476520002 -0.9757925272 -0.006828379817 0.1424506009
0.5876768827 -0.4554200768 0.3281657398 0.6389682889 -0.4464175999 0.3281602859
0.1522560418 0.3057127595 -0.1694081575 0.1387787014 0.2586058974 -0.1652339995
-0.03188346326 -0.01098249666 -0.3607488275 -0.1517678052 -0.05057021976 -0.3446500003
0.2020789981 -0.7234666348 -0.1860783547 0.1702881008 -0.7519937158 -0.2054983974
-0.4777151942 0.3142105043 -0.05884386227 -0.4903311133 0.2769081891 -0.03524997085
0.5269361734 -0.2525122464 -0.6370860934 0.4942811131 -0.2574697137 -0.677200377
-0.09832505882 -0.3340769112 -0.09161575884 -0.1388463974 -0.29355371 -0.09189628065
-0.06666354835 0.1456703097 -0.4527756572 -0.1621259004 0.1165656969 -0.4181629121
0.1234735623 0.1929662675 0.9765156507 0.07264617085 0.2682468891 0.9874709845
0.7393372059 0.3618360162 -0.1754488349 0.7515451908 0.4014213979 -0.1704097986
0.6703432202 0.7462855577 -0.2901068926 0.6138694882 0.7858707905 -0.2918320894
0.4204651713 0.1538665891 1.094737649 0.3501952887 0.1602745056 1.087043047
-0.1104048267 -0.3340610862 0.09600219131 -0.1650640965 -0.2845304012 0.1172451973
-0.3884330392 0.2105333209 -0.2486771643 -0.4162946045 0.2352693975 -0.2939907908
-0.2182293087 -0.1246630549 0.01274353266 -0.2290533036 -0.05770993978 0.05004281178
0.217311278 0.211989671 0.06168382615 0.1380597949 0.1867976934 0.03909200057
0.3948636055 0.6799510717 -0.2167501748 0.3728390038 0.7239258885 -0.1544075012
-0.2873467803 -0.2944878936 0.1746829599 -0.3082444966 -0.2271029055 0.3280490041
0.5414851308 0.6372317076 0.4485697746 0.5826293826 0.6861817837 0.5105258226
-0.09490229189 -0.3378203511 -0.3183819652 -0.1978162974 -0.3709070981 -0.3411318958
0.006214731373 0.2990841866 0.09114371985 -0.01155128982 0.2877919972 0.09630774707
-0.02871270292 -0.07709658146 0.3853136301 -0.007159810048 -0.08654177934 0.3624236882
-0.5584115386 -0.6182207465 0.4406827986 -0.5923712254 -0.6079257131 0.4412508011
-0.2840392292 -0.627671361 -0.05137181282 -0.229106307 -0.6536589861 -0.01636135951
0.1287924945 0.2037062198 0.4966745973 0.07304704189 0.3303849101 0.4899188876
-0.1820650697 -0.42596668 -0.3465240896 -0.1383420974 -0.3676677942 -0.3446139991
-1.243424535 -0.08587860316 -0.01567062922 -1.274672985 -0.0765825212 0.009256459773
-0.1034603864 -0.05630641431 0.2592275441 -0.1085354984 -0.03607010841 0.2838492095
-0.05270686746 0.04119311273 0.3538630307 -0.08940363675 0.06338559836 0.4297356904
-0.6192846298 0.247213304 -0.04996730387 -0.6061195135 0.2535049915 -0.06158293039
0.4660375118 -0.3058860898 -0.05720895901 0.4734863043 -0.3445495963 -0.02351241931
-0.01574207656 -0.2918303907 0.3791056275 -0.02669082023 -0.2369002998 0.4271239042
0.1926971376 -0.2694523335 0.5179555416 0.1143016964 -0.2611413896 0.5469257236
-0.0160580799 -0.8684518933 0.1053616777 -0.07278011739 -0.8153799176 0.05731232092
-0.3012518883 0.08143449575 -0.244445011 -0.3378280103 0.04794241115 -0.2297641039
0.07354070246 -0.2349853367 0.1334883422 0.08968661726 -0.2684057057 0.06535415351
-0.3682470322 -0.1167877465 -0.1408170313 -0.4296895862 -0.02382309921 -0.1173771992
0.2544075847 0.2259338796 -0.1571796834 0.2876701057 0.2475377023 -0.1648467928
-0.1319390535 -0.4605414867 -0.3591207564 -0.09415046126 -0.4917972088 -0.3317995965
0.1923883855 0.1803511828 -0.3749063909 0.1158220023 0.1792881042 -0.3674885035
-0.2304755151 -0.3086800873 0.1423971802 -0.2645390034 -0.3382737041 0.1897200942
0.8782295585 -0.1313221455 0.5407098532 0.8602836728 -0.1451220065 0.5352101922
-0.1932494938 -0.1882032752 -0.2004090399 -0.1776898056 -0.2136038989 -0.2450263947
0.03589016199 0.4709368944 -0.03857621551 0.05897333845 0.4795405865 0.06666208804
-0.1319435686 0.2651026547 -0.3884103596 -0.1900478005 0.2579858005 -0.3798838854
0.1889238805 -0.2591800392 -0.2614369392 0.216247201 -0.3101721108 -0.2071869969
-0.2237810791 0.1094916463 0.00586120598 -0.2025931031 0.09011427313 0.003618800081
-0.3145949841 0.4804391265 -0.9118289948 -0.3274666071 0.4728071094 -0.9546753168
0.2938762903 0.2429511249 0.1391538382 0.3012359142 0.3077661991 0.159304902
-0.1087652221 -0.1235957965 0.286228478 -0.1656379998 -0.04049285874 0.2839199901
0.002889752388 -0.2424945831 0.4183233082 -0.02039051056 -0.2400649935 0.4215703905
-0.1167932153 -0.6198765039 0.01934806816 -0.1317411065 -0.5722337961 -0.01918078959
0.2237328887 0.3348270953 0.05679401755 0.2182781994 0.3543108106 0.08567918092
0.2214882076 0.1046105996 -0.4538275599 0.1141939014 0.08630417287 -0.4767608047
-0.3383277655 0.05920912325 -0.2980290651 -0.3640125096 0.0513635613 -0.2075320035
0.1605558544 -0.3214161992 -0.2060725093 0.1700630039 -0.3110654056 -0.1421017945
-0.180029735 0.02754500695 0.2018230557 -0.1800584048 -0.01954451017 0.2447686046
0.1065110937 0.2723160386 -0.8169182539 0.09944819659 0.317199409 -0.8319686055
0.5636119843 0.1262704134 0.05354179442 0.5492553711 0.1884641051 0.08643701673
0.2962135673 0.1446810961 -0.02772675455 0.2678692043 0.1104025021 -0.04356247932
0.07522212714 -0.3158839047 -0.547759831 0.03338615969 -0.2856205106 -0.5238599777
-0.0771247521 0.9987663031 -0.4590140581 -0.06422156841 0.9787356853 -0.5070955753
-0.4376505017 -0.03526037931 0.07594060898 -0.4054003954 -0.1099528968 0.1303067058
0.03054464608 0.400944382 -0.1145604998 0.08942853659 0.4187575877 0.007754129823
-0.1058766022 0.03540408611 -0.05137355626 -0.1225987971 0.08976405859 -0.05415464938
0.7022461891 0.2211614847 -0.007739428431 0.6503049731 0.2098692954 0.01966835931
-0.1979071051 0.1429135352 0.01797259599 -0.2419780046 0.09975533932 -0.02198234946
-0.2298028469 0.04544936866 0.2299735546 -0.1817979962 0.01448746026 0.2157806009
0.1372085959 0.06215465069 0.3969810903 0.04329627007 0.0576203987 0.3374306858
-0.03194870055 0.2024993151 -0.5943581462 -0.04465654865 0.1933549941 -0.5761104822
0.03992957994 -0.838953495 -0.226388067 0.04213558137 -0.7811716199 -0.2005365938
-0.1071791649 0.6250708103 0.4073773921 -0.05609191954 0.6945673227 0.3785211146
-0.1796524674 0.6600028276 0.5449951887 -0.2377205938 0.738483429 0.5667495131
0.3044125438 -0.2489642501 -0.2784962058 0.2278340012 -0.223238796 -0.3330253065
-0.3748241961 -0.5427119136 0.1191946492 -0.4769650102 -0.5887644887 0.1690929979
0.27617082 -0.5303700566 0.5847957134 0.3183164895 -0.5010439754 0.6500009894
0.2054763734 -0.1038133055 0.05581588671 0.2016655952 -0.07814475149 0.1007696018
0.2096439451 -0.858856678 0.1261442155 0.1184656993 -0.8880754113 0.1242630035
-0.06174089387 0.1172389388 0.4622777104 -0.07866889983 0.1227905005 0.4989385903
0.3865426183 0.5741164088 0.04857349768 0.3127939999 0.5173038244 0.02770368941
-0.0756617561 0.00782361161 -0.2886126637 -0.1130158976 -0.03138072044 -0.2735168934
0.002585047856 0.2239059657 -0.2072221637 0.0126872398 0.2057881057 -0.3030096889
-0.1709715724 -0.462185204 0.5727092624 -0.2251642942 -0.4304181933 0.6001830101
-0.3523139954 0.04540430009 -0.0319958441 -0.4452213049 0.1112888977 -0.04023648053
0.5548879504 0.7923384905 -0.1729261577 0.5465322733 0.7286086082 -0.2072656006
-0.01269803569 -0.1610050499 0.07710677385 -0.03691700846 -0.1752762944 0.04354181141
-0.2501141429 0.2362296134 -0.6054305434 -0.2794539928 0.2408422977 -0.6383743286
-0.2390441298 0.08222265542 -0.04797039926 -0.2814429104 0.04904253036 -0.09471905977
0.2542776763 0.310158819 0.05989921838 0.2696742117 0.3096108139 0.03282598034
-0.1219737902 0.1857496351 -0.3732268512 -0.09654428065 0.1793061942 -0.3586795926
0.4974409342 0.5296932459 0.111672014 0.4475809038 0.5082476139 0.1144725978
0.4825254679 -0.2692259848 -0.1621809006 0.5080497861 -0.3295409977 -0.1741953939
-0.1307996362 -0.2931408584 -0.07282972336 -0.1274349988 -0.3056510091 -0.004454839975
0.07139328122 -0.3791871965 0.4896350503 0.003233080031 -0.3655650914 0.4926016927
0.7285728455 -0.9410887957 -0.2876392603 0.7431092858 -0.9268246293 -0.3016015887
0.392132163 0.253937304 -0.1245228648 0.4146622121 0.2902961969 -0.09110396355
-0.671925962 0.4129864573 -0.1450090557 -0.6721711755 0.427619189 -0.08801147342
0.05641535297 0.3234450817 -0.09403835982 -0.03149196133 0.3541961908 -0.07499676943
0.3465808332 0.653565526 -0.2835428119 0.3016211092 0.673579216 -0.276550591
0.3805865347 0.09554804862 -0.4222401083 0.3740930855 0.1173345 -0.392298907
0.3192050457 -0.2782193124 -0.5280290246 0.3344959021 -0.2540759146 -0.5005853772
0.2509910464 -0.3794457614 0.03691311181 0.2225784957 -0.4146791995 0.04553309828
-0.1741154343 0.02105703019 -0.2508507371 -0.1736692041 0.09290791303 -0.2298713028
0.6731138229 0.3444867134 -0.01737890765 0.6052770019 0.2948642969 -0.03147196025
-0.6250852346 -0.06224096939 0.5944449306 -0.5959672928 0.03525732085 0.5138347745
-0.4396980703 0.3786160648 0.02269642055 -0.4071838856 0.4057837129 0.09907787293
-0.2276294082 -0.01919831149 0.1303325742 -0.2926799953 0.01532225963 0.06262957305
0.2504209876 0.06763286144 0.4214037061 0.2134049982 0.1044984013 0.3829522133
-0.007694710046 0.7199372053 0.0002066748275 -0.02944543958 0.7110323906 -0.005431320053
0.3524324298 1.089860916 0.07462911308 0.3889335096 1.048418045 0.01782820001
-0.6976937652 -0.3579418063 -0.08091649413 -0.7603058815 -0.3235425055 -0.02230492048
0.5104858279 -0.5726184249 0.1806031018 0.4668919146 -0.5896834731 0.1242828965
0.07099612057 -0.7780071497 -0.003359796014 0.03294320032 -0.6693776846 0.01280254964
-0.06411221623 0.3251755238 -0.3569959104 -0.007319460157 0.4367496967 -0.3536455035
-0.02758556604 0.02767544426 0.07689975202 0.01336293016 -0.003031780012 0.03631049022
0.1231663972 -0.4627786279 0.06399666518 0.0883789137 -0.4517371058 0.05335216969
0.1345448196 -0.2237043977 -0.07301653922 0.1241203025 -0.2219257951 -0.0642022416
0.232092917 -0.18104361 0.07082759589 0.2035751939 -0.1381548941 0.1278685927
-0.19481951 -0.9457457662 -0.1121045947 -0.1294064969 -0.9670389891 -0.130391404
0.2024820298 -0.1298617572 0.2540043592 0.2058760971 -0.07524134219 0.2295387983
-0.6749848127 0.05052965134 -0.144560948 -0.6832644939 0.08168897033 -0.1940938979
-0.003450513817 -0.6830976009 0.1158389151 0.02738318034 -0.6503337026 0.1354731023
0.4772725403 0.1749457419 0.6056049466 0.4842103124 0.2330064029 0.5797734857
-0.3519694805 0.3082094491 0.1597667933 -0.3131318092 0.3935518861 0.1575132012
-0.0181918852 -0.4002542794 -0.157826975 -0.05132983997 -0.4061438143 -0.1364507973
0.0532611087 -0.1363175213 0.3030762076 0.05361409113 -0.156052798 0.2990671992
0.5052731037 0.2182110697 0.5136449337 0.5237675905 0.2742688954 0.5321571231
0.1491528153 -0.04781682417 0.2932370901 0.1260046065 0.001236079959 0.2474101037
-0.1300404072 -0.5207247734 0.03222452849 -0.1552366018 -0.4772815108 0.08661852777
-0.4347818494 -0.1113769561 0.1001634374 -0.3935875893 -0.1020310968 0.1320264935
-0.2508950531 0.04539041966 0.09242105484 -0.209076196 0.02051151916 0.1020696014
-0.4201937914 -0.188785255 -0.1961728632 -0.4802707136 -0.1132498011 -0.185839802
-0.02394859679 0.6126278639 -0.08500945568 -0.04012421146 0.6750872135 -0.1055959985
0.1764875203 0.4530842304 0.2791370153 0.1711971015 0.4728809893 0.2730295956
-0.06286147237 -0.03838409856 0.6615962386 -0.07035171986 -0.01849219017 0.6025102139
-0.4302555323 -0.5817445517 -0.150438875 -0.4760307968 -0.5843356252 -0.1450159997
0.8089449406 -0.2384401709 0.5706351995 0.7818034291 -0.1816122979 0.5441868901
-0.3694916666 0.8423654437 -0.09909464419 -0.3390027881 0.8646686077 -0.1509701014
0.3506076038 0.503267765 0.05143677071 0.3471871912 0.5419650078 0.06185521185
-0.005708903074 -0.1259833872 0.2457748801 0.008770849556 -0.1009939983 0.287284106
0.3383157253 0.5826889873 -0.2588895857 0.3042437136 0.6440210938 -0.2725059092
0.360999763 0.10134767 -0.2489758283 0.370844692 0.1512005031 -0.2645013034
0.01385737956 -0.3793509305 0.7612622976 0.02673817053 -0.3436517119 0.7809147239
0.7016717196 0.470762521 -0.4633381665 0.7181081772 0.4716849029 -0.4685404897
0.04326253384 -0.6288742423 0.01158565469 0.03385261819 -0.6162363887 0.04822633043
-0.05669412762 -0.1297226846 -0.3566741645 -0.06421089917 -0.1816595048 -0.3727152944
-0.411059767 0.1451627314 0.6299242377 -0.4125075042 0.2054934949 0.5337870717
-0.1903489828 -0.4234990478 -0.1332303882 -0.1993778944 -0.3683668971 -0.1374069005
0.01962580532 -0.2606122196 -0.06329653412 0.05064319074 -0.2278033048 -0.0716932863
0.274694711 -0.105453603 -0.2066448182 0.2295745015 -0.1010017991 -0.2145060003
0.07974010706 -0.1950218976 0.1719667315 0.08519911766 -0.2177810073 0.1592584997
-0.1341233552 -0.4325714111 0.01875094138 -0.07137364149 -0.4362528026 0.01528437994
0.448628068 0.2347616106 0.1540088654 0.4389263988 0.2658664882 0.1778610051
-0.04546426982 0.1863680035 0.1549370587 -0.0429324694 0.2438510954 0.1644522995
0.2885587811 0.04874309152 0.6407300234 0.3181251884 0.09009119868 0.6543291211
-0.2708500624 0.7271965742 -0.4111862481 -0.2736018896 0.7110823989 -0.4649589062
0.05538158119 0.6736271977 -0.3667539358 0.07280988991 0.6981297731 -0.3868154883
0.04135618359 0.3541449308 -0.2820305228 0.0237295907 0.3890370131 -0.2682414055
-0.0892245844 0.0086466223 0.2396287769 -0.07791181654 0.0001042400036 0.2430807054
0.5220117569 -0.05236887932 0.00286411657 0.5297495723 -0.0515556708 0.05679972097
-0.117465429 0.259349972 0.1003326923 -0.1572550982 0.2998594046 0.07847315818
-0.1588797867 -0.667914331 -0.02665910125 -0.1748065948 -0.613414228 -0.005032009911
-0.39304775 0.1451655477 -0.06641189009 -0.4189687073 0.1529608071 -0.082250081
0.1812213659 -0.1279090643 -0.006246670149 0.2165604979 -0.08337833732 -0.05454324186
-0.2746883333 0.3246531785 -0.4937079251 -0.3297106028 0.4201621115 -0.5014843941
-0.3123106956 -0.2239360958 0.302982688 -0.3677985966 -0.1282127947 0.2803601027
0.6131182313 -0.2568190992 0.09831223637 0.6456289887 -0.2421129048 0.09061484784
-0.7508188486 0.2347637415 0.01667447388 -0.7921816111 0.2802014947 -0.04936261103
-0.3057548106 -0.6135943532 0.1996832043 -0.2621741891 -0.4953776896 0.1938582063
0.1010505259 -0.3022940159 -0.6125323772 0.08567831665 -0.2854780853 -0.6371381879
0.07726182789 -0.7193357944 -0.1314457804 0.08659680933 -0.7008907795 -0.1809320003
-0.04480218142 0.2118541449 -0.3144753873 -0.08058723807 0.179708004 -0.337151289
-0.1172933206 0.9426072836 -0.008150974289 -0.08735729754 0.899269104 -0.02545581013
0.8726623654 -0.2346627265 0.03137673438 0.8773536086 -0.2502321899 0.04031252116
-0.4633562863 0.1860977113 -0.2428569049 -0.5182542205 0.1467112005 -0.2332776934
-0.05531062931 -0.760587275 0.6240747571 -0.07976710796 -0.7975174189 0.5406594276
0.4094744921 -0.426754564 0.05435234308 0.4478769004 -0.4654698968 0.1474310011
-0.5144328475 -0.1049713492 0.1419083923 -0.5268040895 -0.1027920023 0.08378583938
-0.209026888 -0.2314587831 -0.06560184807 -0.2385144979 -0.2127244025 -0.0159977302
0.2406810969 -0.07835295796 0.03682180867 0.2034680992 -0.06920758635 0.02774962969
0.002441184595 0.4546643496 0.1051523313 -0.01912151091 0.4500114918 0.02777669951
0.002041468862 -0.1543986946 0.1361468732 0.01032302994 -0.1632090062 0.1012040004
0.356241703 -0.09464734793 -0.4311394989 0.3634588122 -0.05740629882 -0.45017609
-0.1426376551 0.281948477 0.02486711554 -0.09085193276 0.2986338139 0.02470139973
-0.08597364277 0.3144281805 0.3110910952 -0.1685974002 0.3156073093 0.2644464076
0.1793122292 -0.1936552972 -0.1060512811 0.1788711995 -0.1231876016 -0.16708
-0.1287644356 0.09579392523 0.08642396331 -0.1893261969 0.1209167987 0.08068546653
-0.2273293436 0.3024107218 0.06515625119 -0.2266333997 0.3227438927 -0.03129297122
-0.2751615644 -0.469737649 0.3541817367 -0.3130164146 -0.4353677034 0.3399445117
0.2166541517 0.07116813213 -0.6422114372 0.1664285958 0.1034365967 -0.6608732939
0.2982189059 0.4300326705 -0.0471277535 0.3079657853 0.4853832126 -0.1064648032
0.3320848346 0.145976007 -0.2780078948 0.3263334036 0.1881086975 -0.2488692999
0.2383324802 -0.08451230824 0.1685523689 0.2637796998 -0.03919300064 0.1373503059
-0.2936640084 0.1373484284 0.09207779169 -0.3125444949 0.1482117027 0.120749101
0.4823171794 -0.3717580438 -0.9361695051 0.4832451046 -0.3834407926 -0.9698808789
-0.1174404919 -0.4111824334 -0.06842316687 -0.08491873741 -0.4428533018 -0.1164435968
-0.096510306 -1.114290953 -0.3760449886 -0.04694702849 -1.145504951 -0.4107769132
-0.2231999487 -0.5832144022 -0.09000109136 -0.2355995029 -0.5855466127 -0.1398801953
-0.127589941 0.05315507948 0.4995957315 -0.09170892835 0.03816797957 0.459627986
-0.4732355475 -0.36471349 -0.05844380707 -0.4746991098 -0.3721263111 -0.0869050771
-0.1523374915 0.2769124508 0.2846906185 -0.1592957973 0.2919715941 0.2568148971
0.01265287772 -0.7779491544 0.4149906635 -0.005355310161 -0.8294587731 0.3932054937
0.2302946746 -0.11555776 0.1309920251 0.2417289019 -0.1353307962 0.1067795008
0.124321565 -0.4304623604 0.4473687112 0.1027901024 -0.4084573984 0.3927412033
-0.1552291512 -0.4124232531 -0.04973248392 -0.1405165941 -0.3934879899 -0.1260911971
0.2140125632 0.07497209311 0.04925342277 0.2245545983 0.0909768492 0.02673239075
-0.2949106991 -0.6912131906 -0.272246629 -0.2598068118 -0.7126713991 -0.2925258875
-0.05783121288 -0.4873346388 0.01986699551 -0.1090893969 -0.4932503104 -0.0662747398
0.3381466568 0.3932623565 -0.05500631034 0.3584176004 0.3918767869 -0.08250828832
-0.1456153691 -0.07937704027 0.293138057 -0.1177560017 -0.09891500324 0.2873389125
-0.2685600817 -0.631526053 -0.1151046157 -0.2796306014 -0.6033352017 -0.1108307987
-0.06200820953 -0.4836249352 -0.3440022171 -0.05260317028 -0.4145888984 -0.3578290045
-0.2478078008 -0.1479564607 -0.437120676 -0.2406416982 -0.1247503981 -0.4525162876
-0.1344930679 0.4943024814 -0.0689599067 -0.191623807 0.540178299 -0.05686625838
-0.06366343051 -0.1316356361 0.1949680746 -0.08995553851 -0.1160446033 0.1800321937
0.1324686706 -0.1405148506 -0.4582719207 0.170145005 -0.1776884049 -0.4340111017
0.1856479049 0.04290150478 0.2260502577 0.1899518073 0.01716708951 0.2201617956
-0.2362446934 0.02556779608 0.2443461716 -0.2445846945 0.1027116999 0.2134799063
-0.1667090058 0.1746176332 0.8962793946 -0.1894264966 0.1601206958 0.8670343161
0.2018459439 -0.4595250785 -0.1429610997 0.1534726024 -0.4515348077 -0.1849513054
-0.04749705642 0.1433424652 -0.4740774632 -0.05092912167 0.1116916016 -0.4924454987
0.1736790389 0.5297468901 -0.2737306952 0.1482564062 0.5184559226 -0.2407394052
-0.01973095909 0.05600390583 -0.5615141392 -0.001082119998 -0.0194453299 -0.6461719871
0.3836639822 0.2167129219 0.368986547 0.3644920886 0.165932402 0.3169722855
-0.7426533699 -0.1742452979 0.5772097111 -0.730373919 -0.1637344062 0.5683118105
0.2848000824 -0.314488858 0.3751040697 0.3147318065 -0.311658591 0.3621819019
0.2305620164 -0.704323411 0.05035286769 0.2733348012 -0.7280042171 0.0708264336
0.05344992131 -0.5556077957 -0.1502739787 0.003519679885 -0.5448868871 -0.2006103992
-0.4474869967 0.2163405716 -0.0935318321 -0.4970765114 0.2715967 -0.1337583065
0.6754750609 -0.1203445196 -0.5940125585 0.6959061027 -0.1096422002 -0.6371328831
0.07976601273 -0.1146328226 0.1536436826 0.09621130675 -0.141088903 0.1105486974
0.4985901713 0.2931133807 -0.2161674649 0.5518323779 0.2855373919 -0.2174706012
-0.5464016199 0.3807195425 -0.2961750329 -0.580508709 0.4074184895 -0.3291234076
0.3009036183 0.1100464985 -0.07979387045 0.281458497 0.1062783003 -0.1043891013
-0.400077641 0.2656402886 0.02264722437 -0.3890463114 0.2706960142 -0.006188679952
0.4080353081 0.4198548794 -0.1309116036 0.4150277078 0.4553571939 -0.1451687962
-0.147820875 -0.1407027692 0.005272721406 -0.1637042016 -0.08478134125 -0.008754470386
-0.06264959276 -0.05070585012 -0.3548431993 -0.09972420335 0.03183054924 -0.338211298
-0.1215543896 0.3283105195 -0.1141155809 -0.0587544702 0.3292421997 -0.1435475945
-0.4311335981 0.1705900431 -0.517241478 -0.4147833884 0.190466702 -0.5776404738
-0.3890489042 -0.1249002367 0.3821913302 -0.4015915096 -0.1059480011 0.3594338
0.06524881721 -0.1340075433 0.1994965076 0.094112508 -0.1036813036 0.2076427937
-0.02603025734 0.2709327638 -0.4481820166 0.0006396499812 0.3334931135 -0.45078969
-0.004542711191 0.1591369957 0.3278078139 0.04044694826 0.1237512976 0.2552863955
0.5331749916 -0.02185750008 0.5368794799 0.5205832124 -0.02803819068 0.5530244112
0.1524240077 0.1729927361 0.08566582203 0.1556611061 0.1353587955 0.07600209117
0.09794495255 -0.2403515726 0.5643848181 0.117458798 -0.2601934969 0.5638641715
-0.4621967673 0.2762383819 0.1569535732 -0.4986763 0.2251590043 0.1802736968
0.3005437553 -0.5917993784 -0.04207279533 0.3059771061 -0.5724154115 0.02018789947
0.100232251 -0.04876515269 -0.8826977015 0.1591966003 -0.1043014973 -0.8693512082
-0.04210790992 0.3573751748 -0.4315950572 -0.01456736028 0.3525313139 -0.3825809062
0.2572352886 0.218334645 -0.4167198837 0.2602902949 0.2178972065 -0.3971067965
-0.4652667642 0.4600013494 0.1543280929 -0.4563134015 0.4574696124 0.2062425017
0.01252174191 0.3507272303 -0.1980960667 0.03672974184 0.2956683934 -0.1631706953
0.5083380342 -0.04299278557 0.07535947114 0.5029181242 -0.05495027825 0.05663615093
0.09959819168 0.1768987924 -0.3774907291 0.09961289167 0.1849879026 -0.3471077979
0.2711388767 0.1363880634 -0.03150147945 0.2616589069 0.1267178953 -0.01695800014
-0.1607498378 0.01891836897 0.1418356448 -0.1537151039 -0.0488575995 0.1327084005
0.1164053306 -0.1042719036 0.3008452654 0.1612928957 -0.1269125044 0.3481819928
-0.1810736358 -0.003048921004 0.1018435359 -0.211275205 0.02640680037 0.1544256061
-0.4013119936 -0.04996741191 -0.2728544474 -0.4134644866 -0.08731608838 -0.2426678985
-0.2208348215 0.05020987242 -0.2482261062 -0.1981822997 0.01514345966 -0.2374016047
-0.3856714666 -0.5158584714 0.1054990217 -0.3482215106 -0.5538147092 0.1273126006
0.4537632465 -0.2465813607 0.1261929423 0.4510191083 -0.2720166147 0.1597941965
-0.570230782 -0.2490694523 0.06550081074 -0.5847331882 -0.2340929061 0.03187558055
0.04544555023 0.02363392338 0.3626475334 0.05637395009 0.03022618033 0.4071289003
-0.3704969883 0.2104891837 -0.08658617735 -0.3491010964 0.1696085036 -0.09035056084
-0.3132953644 -0.8197309375 0.1865670234 -0.2903474867 -0.8097962737 0.2205967009
-0.1359703541 -0.5851278901 -0.04826102406 -0.1606618017 -0.6568400264 0.0285036806
-0.5137442946 -0.147431463 0.04517865926 -0.5262057781 -0.2632972896 0.06792060286
0.2354457229 -0.08716674149 0.1982493699 0.2441240996 -0.1643241942 0.2483652979
0.2113892138 -0.02520080656 -0.1221555173 0.1378080994 0.009836830199 -0.1076064035
0.1146736816 0.3536174893 -0.5613746047 0.1372667998 0.3220798969 -0.5632175207
0.3010221124 -0.314199537 0.03623068333 0.2280908972 -0.4028730989 0.05321609974
-0.1294960976 0.4592023492 0.4113940001 -0.1063157022 0.4607777894 0.4023584127
0.8453945518 0.2663952112 0.1399092227 0.8397228718 0.290379405 0.1197601035
-0.01946202666 0.01303262543 0.006251633167 -0.03431500122 -0.0239523109 0.009862509556
-0.05860589445 -0.04524352401 -0.5747912526 -0.09577772021 -0.1056678966 -0.5230346918
0.1516730338 -0.369302839 -0.0783290714 0.1292062998 -0.3828246891 -0.1099395975
0.09737809002 0.3406335413 0.08797109127 0.08362974226 0.3317844868 0.09466902912
-0.3250293136 -0.304071486 -0.3994569778 -0.3611944914 -0.292046994 -0.4079459012
-0.1715305746 -0.1735338271 0.03455417603 -0.1724026948 -0.1321250051 0.05626209825
-0.1688495874 -0.01367172319 0.2555989623 -0.1434450001 -0.06514210254 0.2723690867
-0.3721933961 -0.2211157233 -0.3346018195 -0.3652215004 -0.2675454915 -0.3307381868
-0.2407507449 0.04033114016 -0.854275465 -0.2630415857 0.03097222 -0.7980409861
0.2304581255 -0.159182772 -0.005668900907 0.2426649034 -0.1545784026 0.01075968985
-0.3359933197 0.1187923253 -0.1137714908 -0.32535851 0.1307511032 -0.08866869658
0.06509697437 -0.004870042205 0.07041376084 0.08711948246 -0.02162913047 0.1323451996
-0.03429021686 -0.09081032127 0.1492460519 -0.02596979961 -0.1050191969 0.1541530043
0.5111057758 -0.04528804868 -0.5302621722 0.4776588082 -0.04815784842 -0.5047882795
0.5105319619 -0.5361578465 -0.323226124 0.5802599192 -0.6042323112 -0.3052082062
0.008187456988 0.1044635847 0.04818540066 0.00730127003 0.05514618009 0.1084059998
-0.316475451 -0.07445269823 -0.4371542335 -0.3285613954 -0.1008865982 -0.4707520902
0.04753000662 0.3154079914 -0.1347856075 0.08095818758 0.2845214903 -0.1208409965
-0.3780300617 0.3704852164 0.09330545366 -0.3743602931 0.3491210043 0.09580946714
-0.06635134667 0.3531526327 0.4726467133 -0.03504449129 0.2854698002 0.482041508
0.31208691 0.02638655156 0.1615892947 0.253004998 0.05606278032 0.2031899989
0.4095759094 -0.2457802445 0.3483659327 0.4254336059 -0.2965300977 0.2844677866
-0.1997345835 -0.04391472787 -0.417545855 -0.1875593066 -0.02623341978 -0.3980582058
-0.2603524625 0.02832189575 0.2082845867 -0.2237295061 0.02467901073 0.2158620954
-0.02316222154 -0.1327286214 0.5096746683 0.02173968032 -0.1216373965 0.5216466188
0.4544986784 0.4081526995 -0.220463872 0.4577667117 0.4492548108 -0.2006437927
-0.1875645965 -0.5179104805 0.1366752684 -0.1640824974 -0.4774495959 0.09005767107
0.239522174 0.1918231696 0.04044374079 0.2346320003 0.2003649026 0.03290707991
-0.3469361067 0.2504433393 -0.09803353995 -0.3547126055 0.2773987055 -0.154596597
0.02137593739 -0.0102428738 -0.267624855 0.05158695951 -0.0137684904 -0.2198958993
-0.04820581898 -0.01444220077 -0.1204818189 -0.09555398673 0.01014050003 -0.1132588983
-0.1706094146 0.04467040673 0.1276276708 -0.1898867041 0.02115486935 0.06389784813
0.353073895 -0.08528412879 -0.3140677214 0.3497287929 -0.1233291999 -0.3049984872
-0.2301837355 0.2216340154 0.2087406069 -0.2272796929 0.2295944989 0.1467324048
0.1429007202 -0.1318134218 -0.5597853065 0.1311277002 -0.1595391035 -0.5308259726
-0.2633497119 -0.2547443807 0.1716211587 -0.2592827082 -0.2384853065 0.2495677024
0.0891917944 0.4239169657 -0.176783219 0.108414799 0.3842427135 -0.1660501957
0.124899216 -1.078060985 0.3863988519 0.09269142151 -1.037050009 0.4230442941
-0.0524014011 0.4990552664 0.0271308627 -0.04529602081 0.446854502 -0.02930946089
0.3346093893 0.0393617712 -0.08665909618 0.4132803082 -0.04915747046 -0.04323982075
-0.185557276 0.001086542266 -0.1448856145 -0.1920250058 -0.05614557117 -0.08664415777
0.4906279445 0.09659966081 -0.1192793995 0.508631289 0.02571552992 -0.0463835299
0.2427214682 0.08273884654 0.0373669602 0.2147779018 0.04069922119 0.0878540799
-0.01372061484 0.3709743023 0.006609505042 -0.02841755003 0.3545675874 -0.00113333005
-0.6699703336 0.4802592397 0.1230547726 -0.6596043706 0.4814522862 0.1328209937
0.07495042682 0.3129530251 0.03744404763 0.03805999085 0.2779571116 0.00760891987
-0.0911892578 -0.4550738931 0.2522603869 -0.1170504987 -0.4897524118 0.2896147966
0.4112538099 0.04475382715 0.1204281151 0.426872611 0.02631803975 0.1436565965
-0.2477259785 0.01862369478 -0.02839555964 -0.2772104144 0.03872007132 -0.04269368947
-0.1738898158 -0.1107266545 0.8824148774 -0.1970672011 -0.0893266201 0.9522647858
-0.2076981962 0.6048892736 -0.4616652727 -0.1861336976 0.6385282278 -0.4270749092
0.6353367567 0.1822152436 0.3954022229 0.6241530776 0.1848586053 0.4256499112
0.1715158075 0.1142366379 -0.2311137468 0.150218904 0.1299192011 -0.2010058016
0.0362419188 0.3168143034 0.255990386 0.06147395074 0.2868533134 0.2579708993
0.03673617542 -0.0120622851 0.1594803333 0.06705162674 -0.06034120172 0.1983802021
-0.00107896328 0.0007753698155 -0.348384887 -0.006219159812 0.02116727084 -0.3576995134
0.5234276056 0.5448545218 0.04614371806 0.5242738724 0.572355628 0.04469868168
0.1400471926 -0.2770518064 0.0002424639533 0.1568882018 -0.3364501894 0.02313390933
0.1458285153 0.0974028632 0.06220803037 0.1759241968 0.03322425857 0.07841359824
0.28112939 0.1720595062 0.3344499767 0.3141612113 0.1842021942 0.391536504
0.3597977161 0.1370513588 0.001091670361 0.3345198929 0.09048549086 -0.01188420039
-0.0002451133914 0.2212010175 0.6566115022 -0.01049297024 0.2065909952 0.710527122
0.1707838476 0.01546573918 0.06272622943 0.1411506981 0.02049227059 0.1077726036
0.09573176503 0.4935128689 -0.1510422379 0.165634796 0.4404971898 -0.1599635929
-0.0773652494 -0.1674957871 -0.166768536 -0.06050876901 -0.2114119977 -0.1453268975
0.2936128378 -0.1851990223 -0.2398307025 0.3224312067 -0.2209946066 -0.2295543998
-0.2182328105 -0.2443864942 0.03001369536 -0.2201443017 -0.2759627998 0.005382690113
0.07404454798 0.1955480576 0.5217310786 0.08749102801 0.1466632038 0.5379862189
0.276560843 -0.3541843295 -0.413464427 0.2744444013 -0.364158988 -0.3407742083
-0.3357154429 0.4023214877 0.6961113811 -0.3229097128 0.3930493891 0.7678701282
-0.061920017 0.2495440543 -0.2618539035 -0.07436834276 0.267111212 -0.2055706978
0.1311822087 1.070451379 0.09891428798 0.1388861984 1.046787024 0.109473899
0.1507000923 -0.09972067177 0.3451540768 0.1390435994 -0.1075477004 0.342574209
0.04448034242 0.5146608353 -0.08314927667 0.09124269336 0.468302995 -0.04710194841
-0.4881412983 0.4683292508 0.08607409149 -0.4603337049 0.4985499084 0.122024402
0.3892499208 -0.6441277862 0.2577241659 0.3516893089 -0.654732883 0.3124884069
-0.6644178033 0.6146281958 0.425906837 -0.6766573787 0.6515756845 0.4015611112
-0.05231079087 0.03495811671 -0.8189459443 -0.05748828128 0.02155184001 -0.7969642878
-0.01734519005 -0.3034128547 0.04946936667 -0.03497311845 -0.3289253116 0.07863929868
-0.4025278687 -0.06935385615 0.1303129047 -0.4558387101 -0.1233000979 0.1877941936
-0.4594101012 -0.05447269976 -0.5884501934 -0.4552313983 -0.06824917346 -0.5624588728
-0.2734636962 0.7277719975 -0.09456955642 -0.2779907882 0.7501242161 -0.05204113945
0.3092266023 0.20348607 -0.05325294286 0.3592382967 0.1645137966 0.01312256046
0.124555707 -0.02603790909 -0.5538802743 0.09064822644 -0.03583678976 -0.5609863997
0.02382977121 -0.07014518231 0.4952070117 0.06758105755 -0.003452430014 0.495817095
0.1499307901 0.3821385205 0.2515383363 0.1856421977 0.3880459964 0.2649149001
-0.180869028 0.715503633 -0.1122144908 -0.168087706 0.6483675838 -0.1250821948
0.03816101328 -0.1916621476 -0.1661237329 0.004264379852 -0.1917793006 -0.1389209926
-0.2921046317 -0.6625415683 -0.3129756749 -0.3206180036 -0.6031748056 -0.2847709954
-0.1091766059 -0.005667601712 0.2767041624 -0.08523666859 -0.02433463 0.2831610143
-0.03083620965 -0.06057687849 -0.09037016332 -0.02511709929 -0.08541496098 -0.112432301
-0.2000347078 0.4858919382 0.06852790713 -0.2107959986 0.4748190045 0.06498266757
0.04241031781 0.3922500908 -0.6043221354 0.03636033088 0.3573254943 -0.6233991981
1.262153387 0.03757829964 -0.09398588538 1.366225004 0.02387521043 -0.1603451073
0.2667823434 0.4938206375 0.2536553442 0.3088668883 0.5225400925 0.1846103966
0.1423208266 -0.9905949831 0.105579637 0.1197137013 -1.018205047 0.1022029966
0.07393933833 -0.2099006176 -0.2612975538 0.1514976025 -0.2086313963 -0.3425568044
0.494040668 -0.1431232095 0.2466676831 0.6127076745 -0.2333163023 0.2206903994
0.2219713926 -0.1031270921 -0.9268588424 0.2129721045 -0.166228801 -0.8871970773
0.2107878476 -0.1906985641 -0.08939675987 0.2638035119 -0.2698174119 -0.1222921014
0.02632049844 0.1267022789 0.2268204987 0.1121719033 0.08449184895 0.2080333978
0.309412539 0.2782800198 -0.09021776915 0.3543685973 0.2069506049 -0.1430031955
-0.3807215095 0.2417872846 0.1680576801 -0.3171955943 0.1832623035 0.2147399932
0.0190618597 -0.4015265107 0.1627760977 0.04812157899 -0.427403897 0.2560173869
-0.6492657661 0.7094915509 0.1248035878 -0.6075667143 0.6116809249 0.1334532946
0.1725544333 0.03429375961 -0.04729755968 0.2392580062 0.0006408999907 -0.05117284879
0.2884772122 -0.4938941598 -0.03776006028 0.2855286002 -0.4776571095 -0.04305151105
-0.1123490408 0.07562926412 -0.09986490756 -0.1214999035 0.1148046032 -0.02227406017
0.4735808671 -0.1064959466 -0.1339841783 0.4954325855 -0.07401192188 -0.1440308988
-0.1457899362 -0.03321600705 0.1033166945 -0.0090337703 0.02505097911 0.105212301
-0.09308812767 -0.3851335943 -0.06366144121 -0.008951559663 -0.3498820961 -0.1765822023
-0.0747981593 -0.8645435572 0.3737473786 -0.08469285071 -0.7822821736 0.2844744921
0.1159221679 -0.2153071016 -0.01219312102 0.1301382929 -0.2074915022 -0.05213176832
0.1460950822 -0.971583426 -0.8051208854 0.1969846934 -0.9704154134 -0.8346781135
0.2328768671 -0.3151469529 0.232636258 0.2781060934 -0.2573519945 0.1684264988
-0.0003167465329 -0.06066880003 0.09009766579 0.02054020949 -0.01062467974 -0.000192609994
-0.2889692783 -0.02190279774 -0.5143347383 -0.3037016988 -0.03395175934 -0.5659655929
-0.2274887115 -0.4371924102 -0.2122619599 -0.2134324014 -0.4976780117 -0.2283768058
-0.01189322025 -0.05076763779 -0.1874872148 0.04281175882 -0.137392804 -0.2779782116
0.3309472799 -0.02374703437 -0.01968701556 0.3170373142 -0.0579822585 -0.06652891636
0.4366619289 0.1331548542 -0.4764402211 0.4537934065 0.09655912966 -0.4387980103
-1.170521021 -0.1908902675 -0.4568731189 -1.078992963 -0.2717826962 -0.4621923864
-0.2192106247 -0.002008333802 0.1124366969 -0.1753181964 -0.08964329958 0.1922827065
-0.3060156107 -0.1156549379 -0.3992984891 -0.2748107016 -0.120291397 -0.3979788125
-0.4285630286 -0.03175095841 0.06426326931 -0.4198048115 -0.0309761893 0.02942256071
-0.7631263733 -0.5807338953 -0.4989438057 -0.7457100153 -0.591989696 -0.5301949978
0.006775216665 0.1768092215 -0.6022735238 0.002563959919 0.1136263981 -0.5035995245
-0.5792374015 -0.15300107 0.3742686808 -0.6152712703 -0.1861381978 0.4449107945
0.2324312627 0.03898879886 0.03323644027 0.3145714998 0.07160650939 0.008606379852
0.2172466218 0.1595361531 0.289540261 0.3182525933 0.1979584992 0.2973794937
0.08402290195 0.01500533149 0.3564413488 0.1156515032 0.06586942822 0.3980582952
-0.007570154965 0.3548460603 0.4486550689 -0.002227290068 0.4296020865 0.3990389109
-0.3275348544 -0.03010582179 -0.2245650887 -0.3266857862 -0.05760151148 -0.2001242042
0.4130431116 -0.07826399058 0.09909426421 0.4507024884 -0.1070099995 0.09323897958
-0.770242691 0.390486896 -0.2297686338 -0.7787268162 0.3949891031 -0.222784996
-0.061913535 0.9163569212 0.7037698627 -0.0771233812 0.9215179086 0.6506891251
-0.2670064867 -0.4092934728 -0.05908173323 -0.2755837142 -0.3185339868 -0.02223688923
0.09776527435 -0.8788671494 -0.1678932011 0.0836706683 -0.883684814 -0.1364960968
-0.05123336613 0.2620367706 -0.1066848487 -0.1026789024 0.3048096001 -0.07608933002
-0.04466911405 -0.3853129447 -0.1601004452 -0.02064771019 -0.3641307056 -0.1800386012
-0.3982256949 0.7274052501 0.3757785559 -0.4870902002 0.8014814854 0.3651002049
-0.01570999995 -0.0416868329 0.2819957435 -0.01262177993 -0.0619768016 0.3605546057
0.05443395674 0.6749256253 0.6105008721 0.1454931945 0.6337394118 0.6130232215
-0.6476688981 0.140066117 0.1096344888 -0.5949844122 0.2305916995 0.08925910294
0.2140030861 -0.2636471987 0.3365686834 0.1735533029 -0.2583500147 0.355122894
0.05867534876 0.187919721 -0.466437906 0.06251291931 0.2273177952 -0.4810845852
-0.2394059449 0.4382741153 -0.5497514606 -0.1457059979 0.4434193075 -0.5818219781
0.2574442029 0.07002486289 -0.9020355344 0.3229719102 0.1201267019 -0.917992115
0.5417377949 -0.5626727343 -0.08295493573 0.5474144816 -0.5267056823 -0.07590422779
-0.3260703087 0.3800460696 0.6029978395 -0.2475392967 0.3828977942 0.5900828242
0.5141214132 0.009213035926 0.6440104842 0.4893417954 0.05144203827 0.6913924217
0.3806384802 -0.380001694 1.267971516 0.4485185146 -0.3660075068 1.413424969
0.1642600149 -0.4124734402 0.07154790312 0.2315115035 -0.3448159993 0.06018985063
0.3277634382 0.211060822 1.247925162 0.3977557123 0.2186449021 1.259230018
0.3396633565 -0.5851392746 -0.1632549018 0.3728202879 -0.6575145721 -0.1009783968
-0.4385347962 -0.3180530965 -0.09456512332 -0.3717055917 -0.2864790857 -0.04269561172
0.02750065923 -0.1257809252 0.08578841388 0.04120292142 -0.06011660025 0.1358833015
0.5375032425 0.01736787707 0.03158864751 0.5691794157 0.09178969264 -0.03177921101
0.06133776903 0.3680790663 0.6082517505 0.1248570979 0.3737714887 0.657949388
0.2109531164 -0.02105033956 -1.0076226 0.1539884955 -0.006762919948 -0.9807531834
0.04484237731 0.288877517 0.491476506 0.04935219884 0.2701531053 0.5396096706
0.07752805203 0.08062379807 -1.265025735 0.1420180947 0.1219919026 -1.22902596
-0.3145450056 -0.2355678082 0.03333783895 -0.2817958891 -0.2128088027 -0.04130027816
-0.1166213751 0.3650826812 0.4911750555 -0.1610179991 0.4386433065 0.4718087912
-0.1923104227 -0.4080618322 0.2624067068 -0.1801110953 -0.5126001835 0.3373259008
0.1207413748 0.2632252872 0.237629205 0.1196018979 0.2852101922 0.3236395121
-0.2245433033 0.2905667126 0.00297894096 -0.152877003 0.3226341903 0.06100552902
0.1867687702 0.1060918942 -0.05383056402 0.2293073982 0.06522274762 0.009493179619
0.2741886973 0.1696314365 0.3132972419 0.2868207097 0.1730733067 0.277451098
-0.235843271 -0.3083628416 0.1556102633 -0.2553626895 -0.1887760013 0.05894178152
0.298083365 0.01708325371 -0.0450200662 0.3451861143 0.08737941831 -0.1141839996
-0.2709782124 0.317771852 -0.597412169 -0.2100088 0.3297918141 -0.6732177734
-0.4174012244 -0.2853284478 0.2463812083 -0.429807812 -0.2492544949 0.1607057005
0.3115597367 -0.5715095401 0.1366504878 0.3652181923 -0.483040601 0.1976360977
-0.8473132849 0.1641735584 -0.3358911276 -0.9186562896 0.1708050966 -0.360434413
0.3722863793 -0.006556991488 -0.238165617 0.4110052884 0.07629048824 -0.1872351021
-0.9055624604 0.01168254297 0.4005457759 -0.9236620069 0.04652227089 0.3835527003
-0.5627610683 -0.02316103876 -0.1067188084 -0.6625834107 -0.08883807063 -0.09667375684
-0.2051587254 0.8084092736 1.040545225 -0.1947824955 0.7882559896 1.087793946
-0.247612983 -0.1407969445 -0.2326228321 -0.1979760975 -0.07952305675 -0.1768798977
-0.4199771285 0.134754464 0.2421193123 -0.4635108113 0.1271408945 0.3085286915
-0.09855727851 -0.2953186035 0.8505473733 -0.1067959964 -0.2676908076 0.8053380847
-0.1038789153 -0.1294574738 -0.1064722762 -0.1724427938 -0.1136114001 -0.1417482048
-0.5531150699 -0.1853348464 0.2022795975 -0.5650290251 -0.1512268931 0.2005611956
-0.3030150533 0.156312421 -0.3966180086 -0.388337791 0.08706852049 -0.4008957148
0.802728653 0.2394969314 -0.6738679409 0.830868423 0.2427728027 -0.6888980269
0.9230213165 0.3791052699 -0.4153070152 0.9192159772 0.4092864096 -0.4537115097
0.7002452016 -0.1796600074 0.6786627173 0.7316715717 -0.1830365956 0.6521993279
0.3196419477 -0.1563611776 -0.3364708126 0.3561846912 -0.168493703 -0.2544466853
-0.2734180987 -0.4952307343 -0.1128237024 -0.2644886076 -0.5310176015 -0.05536204949
-0.9988272786 0.522059083 -0.4486017525 -1.10146904 0.5608566999 -0.4882934988
-0.4055265486 0.01562136784 -0.03728741407 -0.4820359945 0.01107741985 -0.04838665947
-1.374832392 -0.03701265901 0.03800736368 -1.354966998 -0.04084765166 -0.02448597923
0.4695122242 0.03980734572 -0.9033588171 0.5422663093 0.06187120825 -0.9477849007
-0.01005302835 0.08118311316 0.5942676067 -0.03445890918 0.1870824993 0.5655403137
0.162032485 -0.05639825761 -0.1117479652 0.1964056045 0.02827854082 -0.1870590001
-0.2181423008 0.00337123964 0.05863881856 -0.1902913004 0.03227195889 -0.007476190105
-0.1361669153 -0.4650250673 0.2287139893 -0.06963656843 -0.4536960125 0.2166817039
0.1131465957 -0.5938135982 -0.1429869235 0.09574551135 -0.6182197928 -0.1089629978
-0.2289498001 0.6572549939 -0.2213539183 -0.2073196024 0.603661716 -0.1398883015
-1.08318305 0.1891642511 -0.009652892128 -1.096212029 0.1910084039 -0.008453439921
0.874972105 -0.01862810366 -0.8419342041 0.9408174157 0.01325622015 -0.8471394181
-0.3639063239 0.1569011509 -0.426145196 -0.3970983922 0.1367910057 -0.3946835101
-0.1244183779 0.9994220734 -0.3655675352 -0.1174381971 0.9971396923 -0.3000637889
-0.09463290125 0.1590777487 0.4545723796 -0.1009043008 0.1100685 0.4277442098
0.04716714099 0.3851448298 1.162365556 0.008297559805 0.4195818007 1.206554055
-0.281355083 -0.04385081679 -0.33667624 -0.2892312109 -0.06560330838 -0.326086998
-0.06079690158 -0.6301627755 0.2860854566 -0.08196546137 -0.6639117002 0.3476828933
-0.007045514882 0.08664979041 0.02853590995 -0.05361168087 0.1013559029 0.006707780063
-0.798304379 -0.1547109038 -0.07651212066 -0.8075019717 -0.05941234902 -0.05585892126
-0.15463157 -0.2946891189 -0.2226864398 -0.119324103 -0.2519964874 -0.2461134046
0.3747884333 -0.8198145032 0.8737110496 0.40189749 -0.8188378811 0.8540862799
0.7888325453 0.2209948748 -0.2784312069 0.8178073168 0.1882306039 -0.2994214892
-0.1325498968 0.902755022 -0.6937761307 -0.007706480101 0.9123284817 -0.6800087094
-0.4675146341 -0.194094196 -0.6317001581 -0.454441011 -0.1651138961 -0.7421482205
-0.5585463643 0.3500254154 1.020837545 -0.4962193966 0.3860414922 0.9696053267
-0.04550491273 0.0301534906 0.216006726 -0.02901772968 0.0392839089 0.1259389967
-0.02005747706 -0.07972991467 -0.3536224365 -0.02062100917 -0.06003969163 -0.4415928125
0.05789357051 0.02434876561 0.2555226684 -0.08954066783 0.04478811845 0.2512494922
0.06532508135 -0.08125332743 0.1557652354 -0.0154532399 -0.1562027037 0.2374327034
0.08954227716 0.5270548463 -0.3063240349 0.1019892022 0.4434706867 -0.2246643007
0.04693293571 0.368376106 0.2010314763 0.09985805303 0.3613784015 0.2937952876
-0.3700340986 -0.3148082793 0.5835373998 -0.3900007904 -0.2735824883 0.628473103
-0.3485617042 -0.3827811778 -0.03895179182 -0.3563790917 -0.3687477112 0.03340091184
0.05413344875 -0.2682360709 0.009864158928 0.02162816934 -0.3081541061 -0.03284446895
-0.8012177944 -0.09220220149 0.2664521039 -0.8585621119 -0.05649977922 0.2510511875
-0.3880825639 -0.2008123547 0.06499363482 -0.3846102953 -0.1469780952 0.07347869873
-0.2218558341 0.1486841589 0.2730212808 -0.2482043058 0.1134651974 0.2914386094
0.2106666416 1.025011659 0.6413634419 0.1676899046 1.109622002 0.5771545172
0.05863623694 -0.1212923005 0.3919717073 -0.0007478399784 -0.06520558894 0.3129316866
0.3698955178 0.2240879834 -0.7220686674 0.3775469959 0.2991367877 -0.7332496047
-0.06744459271 -0.2632045746 -0.1400271803 -0.1984599978 -0.2659274042 -0.1030777991
0.1380333602 -0.5069376826 -0.234970659 0.0552697517 -0.4763456881 -0.2816317081
-0.1570859402 0.1184765771 0.2629498839 -0.1570173949 0.1071474999 0.1994424015
0.3155502677 -0.448438853 -0.3392641246 0.2149704993 -0.4419482052 -0.3304718137
-0.2253717631 0.4930288494 -0.1056323946 -0.3275949955 0.433042407 -0.06386636943
0.395701766 -0.2300201356 -0.5843186975 0.3401471972 -0.2907449007 -0.532104671
0.2814907134 0.878387928 0.4281347692 0.2707991898 0.8082131743 0.4410381019
0.4911806285 -0.1125549227 -0.5206816196 0.4987510145 -0.1042172015 -0.5472452044
0.5203843117 0.08780778199 0.1246124879 0.526396513 0.05168832839 0.1608849019
0.1202234551 0.4351479411 -1.168911934 0.0321636796 0.5201193094 -1.179641962
-0.3187758029 0.01062619686 -0.3972897828 -0.4132674932 -0.002307340037 -0.3515568972
0.06036311015 0.2898645103 0.212460652 0.09299945831 0.3001342118 0.3255029023
-0.6810608506 -0.007126251701 0.09478728473 -0.7624235153 0.007070450112 0.02860078029
-0.3359957635 0.07116804272 -0.3781027794 -0.318998009 0.01782966964 -0.2974247038
0.1178370044 -0.1125230789 -0.2407228649 0.1855406016 -0.1845892072 -0.1936569065
0.5373929143 0.1068582162 -0.186462447 0.5480927825 0.1557307988 -0.2072913051
0.3024168313 -0.3402540088 0.1517672837 0.2949093878 -0.3380759954 0.1542181969
-0.05959350616 -0.1640226245 0.2327180356 -0.0710870102 -0.1287239939 0.2443915009
0.2449723631 0.4830767214 0.5928910375 0.2118827999 0.5393157005 0.6693217158
0.2405136675 0.3019176424 -0.2911913693 0.2703996003 0.3206242919 -0.2645086944
0.07515708357 0.06485397369 0.1870880574 0.004835260101 0.08088602871 0.2282513976
0.05500962213 -0.3486241102 -0.2868024111 0.01103944983 -0.2712055147 -0.343742907
0.2736255229 -0.1161056906 0.2648226619 0.2824443877 -0.1922985017 0.1799371988
0.4880437553 0.1019708514 0.170862481 0.4889310002 0.1119431034 0.1656884998
0.364942193 0.09752350301 0.1395862401 0.2853393853 0.1421252042 0.1346568018
-0.1593383402 0.3944376409 0.1196439192 -0.2100034058 0.4072124064 0.1441874951
0.6075499058 0.7178567648 0.1285860837 0.5419151783 0.7032948732 0.1055470034
-0.2183732986 0.13360174 -0.2627894282 -0.2968966961 0.1392174065 -0.3044689
1.418870449 0.3214304447 -0.2605493069 1.372302055 0.2249117047 -0.2704176009
0.1329645663 -0.04563933983 -0.331248194 0.1156349033 -0.09363307804 -0.2657861114
-0.01435963437 0.1717848629 -0.1534899622 -0.02268661 0.08344987035 -0.08331306279
-0.6688783169 1.095590472 0.1321389973 -0.6697854996 1.056736946 0.1207757965
0.1249832138 0.8832541704 -0.2963401079 0.05811712891 0.9195070863 -0.2573707104
-0.1642071605 0.2817885876 -0.07337413728 -0.2312548012 0.2494035065 -0.02542193979
0.04125303775 -0.4624399841 0.09302684665 -0.002654829994 -0.4829016924 0.1262069941
0.1468171477 -0.235520035 0.03672666103 0.1834125072 -0.2930744886 0.06218174845
0.03394366801 0.09520883858 -0.01270484459 0.01111929957 0.06043691933 -0.03640089929
0.4914453924 -0.2724810541 0.006245539058 0.4958994985 -0.2512499988 -0.09830436856
-0.05599852651 0.4393444955 0.3037733436 -0.07518669963 0.4600507021 0.312368989
-0.2230418921 -0.1993032396 -0.01650588214 -0.196359098 -0.1735122949 -0.07371562719
-0.8158609271 -0.4424758255 -0.003661811352 -0.8670238256 -0.465497613 -0.06573393196
-0.2014569938 -0.3742903769 -0.1580391675 -0.2667047977 -0.2898145914 -0.1950408071
-0.1233863831 0.4456960261 0.4011411369 -0.1562584043 0.3711268902 0.3974731863
-0.4711008072 -0.4316467941 -0.1505450308 -0.4811536968 -0.4514822066 -0.1114645004
-0.2010794282 -0.7055442333 -0.07677353173 -0.1945248991 -0.7145739794 -0.08657296747
0.862716198 -0.2149050832 0.3264279962 0.8161141872 -0.1971050948 0.3375099897
-0.3582153916 0.1037297696 0.3662945628 -0.408863306 0.1527090073 0.3706141114
-1.32886982 -0.0639591217 0.1725967526 -1.316189051 -0.07913742959 0.1393468976
-0.3535417318 -0.396097213 -0.0701918155 -0.3825935125 -0.4327918887 -0.04463240877
-0.09441904724 -0.3570047915 -0.2834350169 -0.05846216902 -0.4252138138 -0.3004364073
0.00668364577 0.05692790449 -0.1059760004 -0.00258789002 0.004905470181 -0.1049875021
0.1878743172 -0.3419840336 0.3339597583 0.1778818071 -0.3751238883 0.2516326904
-0.2567995191 0.9945349693 -0.3171032071 -0.2982960939 0.9999191165 -0.2853037119
-0.4060811996 0.2998625934 -0.208132267 -0.5314627886 0.3008235991 -0.1560498029
-0.1728441715 -0.03143775836 -0.500194788 -0.1450940967 -0.09515476227 -0.4996063113
-0.2220085114 0.03163609281 0.129968971 -0.246064201 -0.02758027054 0.09342876822
-0.5471681952 0.8064798713 0.1668404639 -0.6092941165 0.7437130809 0.08911024034
-0.06919707358 -0.229586035 -0.1077795997 -0.1135848984 -0.2300155014 -0.09869539738
0.7958686352 0.2635491788 0.2268683314 0.8376759887 0.2852518857 0.1867133975
0.03845304251 -0.1171745956 1.111661434 0.03658631071 -0.06404659152 1.121626019
0.3194669783 -0.3579951823 0.1602957249 0.3121109903 -0.3769327104 0.08207415789
0.08479797095 0.1847958565 0.9820283055 0.1465162933 0.1409022957 0.9714804292
0.3381108046 -0.3740925193 0.206726715 0.3877970874 -0.409799695 0.1821880043
-0.3440710902 -0.2756026685 0.06249211729 -0.3922705054 -0.2484838963 -0.00562423002
0.104159534 0.1449149847 0.1627792865 0.1124539971 0.1562660038 0.1000170037
0.3024610877 0.1582990289 0.2548469603 0.3031027019 0.150147602 0.2351423949
-0.14591299 0.4829420149 -0.2193975747 -0.1918389052 0.4721556902 -0.1593519002
0.7577332258 0.7234346867 0.07555463165 0.7322096825 0.6496353149 0.09181209654
-0.6266548634 -0.03607077897 -0.7621723413 -0.6476377845 -0.07953786105 -0.7060915232
-0.3236604929 0.2250007093 -0.9835210443 -0.2439181954 0.1720353067 -0.9751086831
0.03878293931 -0.5531221032 -0.9375207424 -0.05445297062 -0.5399860144 -0.9709764719
-0.1323106587 0.6188511252 0.9377881289 -0.1484528929 0.6042137146 1.009752989
0.1457140297 0.1819851398 -0.748411417 0.1611894071 0.134238705 -0.685172379
-0.02558674291 -0.3099985123 -0.2773527801 -0.05711204931 -0.2912391126 -0.2564420998
0.3093583584 0.6159146428 0.6724001169 0.3136147857 0.6193290949 0.6289020181
0.5316881537 0.1658035368 -0.3758781254 0.4818705022 0.1451511979 -0.4231581092
0.5958917737 -0.04843573272 -0.2707799375 0.5899341702 -0.05179286003 -0.2488202006
-0.4556238055 -0.8134745955 -0.4861475825 -0.4792234004 -0.8469700217 -0.5035166144
0.331515789 0.03418057039 -0.1221150607 0.2739144862 0.0501236096 -0.1399058998
0.39962098 0.06199376285 -0.1673784852 0.3554801941 0.04468313977 -0.2053578049
-0.5877648592 0.2352982461 -0.3460439742 -0.5835101008 0.2521064878 -0.3443239927
0.5002636909 0.2764616609 0.02701447718 0.4224135876 0.2447001934 0.01972460002
0.0776476264 0.01391191501 -0.1396913975 0.05713959038 -0.0333788991 -0.1258676052
-0.3961884081 0.1927182674 0.3752619028 -0.3611486852 0.2319405973 0.3517836928
0.2165102214 -0.1184049025 -0.0512284711 0.2211716026 -0.05224930122 -0.09279876947
0.2082879841 -0.2916080058 0.3879428208 0.2040933967 -0.3728738129 0.3628214002
0.2505689263 -0.3129577041 -0.4808887243 0.2447496951 -0.2890203893 -0.4345690906
0.06729904562 -0.5140703917 0.04598514736 0.04738780111 -0.5363987088 0.08382528275
-0.1747069359 -0.06654053181 0.7070153952 -0.2050587982 -0.02205700055 0.7073292732
0.23260355 -0.03187588975 0.5092318654 0.3115305901 -0.1023697034 0.5757442713
0.2102909386 -0.218234688 -0.4834141433 0.2561779022 -0.2936185002 -0.4033510983
0.9362154603 0.6031062603 0.2262809724 0.8657640815 0.5940580964 0.2924013138
-0.1012110263 0.05914419889 -0.174886778 -0.09988223016 0.09353996813 -0.1708825976
0.06655628979 -0.2157342285 0.4247653186 0.1317836046 -0.3009467125 0.4838561118
-0.07145496458 -0.1918379068 0.2599225938 -0.1012372971 -0.1973004937 0.2590129972
0.4101083875 -0.3350346088 0.4671466649 0.387719512 -0.388361007 0.4951151013
-0.3983848095 -0.05472096056 -0.01468737237 -0.4179741144 -0.05772440135 0.05791797861
-0.0595597811 -0.05740816891 -1.01737082 -0.1207003966 0.01118703 -1.036972046
1.361730814 -0.417933017 0.1029201746 1.445094943 -0.398840189 0.05438138172
-0.350456655 0.4340896606 -0.1951346546 -0.3474574089 0.4270057976 -0.284817189
0.494992435 -0.06112390384 -0.5314497352 0.5381023288 -0.04161234945 -0.5184531808
0.4326365292 0.1991475672 0.6202328205 0.4966425896 0.1967342049 0.6415904164
0.1178418845 -0.3691886067 -0.2240915895 0.04346042871 -0.3873997033 -0.2287365049
0.4802876413 -0.3930120468 0.2239637673 0.5128834248 -0.4294692874 0.2252427042
0.02274931967 -0.3399852514 0.07487641275 0.09574638307 -0.300209105 0.0657274127
-0.2859712839 -0.2888626456 0.04434809834 -0.3290151954 -0.301792711 0.04514436051
-0.3251220286 -0.1942310482 -0.1985603273 -0.354536891 -0.1748587042 -0.152520299
0.6396740675 -0.1771007627 -0.606803894 0.6473193765 -0.1434019059 -0.5789837241
-0.4718387425 -0.7288843393 0.1462047249 -0.5071008801 -0.730009079 0.1112987027
0.2998678386 0.2995562255 0.3017109036 0.2815937996 0.28152439 0.2811197042
-0.0009055063128 0.1597706825 0.5863360167 0.01250914019 0.1275248975 0.5880414844
-0.09464539587 -0.1541426033 0.007740855217 -0.1121812016 -0.08636129647 0.04898248985
-0.7714115977 0.3605434597 0.0006187707186 -0.7536684871 0.4414168894 -0.01511743013
-0.1440863162 0.3467409313 0.4199777544 -0.09218058735 0.4552727938 0.425645411
-0.2324462831 -0.5877870917 0.09528093785 -0.2085637003 -0.5886666179 0.1781439036
0.273476094 1.239026546 -0.06898606569 0.2978995144 1.249027014 -0.002772179898
0.5267252326 -0.5269339681 -0.02815177105 0.5202537179 -0.5397261977 -0.03459700942
-0.1789852381 -0.1682511866 0.01004850306 -0.1883988976 -0.01584197953 -0.04647345841
-0.2519291043 -0.7027377486 -0.57225734 -0.183888495 -0.6319493055 -0.5481967926
-0.01311926637 -0.1181451082 0.07275475562 0.05751210824 -0.1060812995 0.1799782068
0.1099919677 -0.3974464536 -0.08178589493 0.104445599 -0.3991703093 -0.08873665333
0.7033669949 0.009048940614 -0.7380201221 0.7237080932 0.01411603019 -0.6519060135
-0.0682386905 0.2872279584 -0.1458379477 -0.02951936051 0.2573938966 -0.1989818066
-0.2544227839 -0.8727659583 -0.4882834554 -0.2271032035 -0.881731987 -0.4413284063
0.4512018859 0.6143086553 -0.3051280379 0.3840101957 0.6515256763 -0.2879559994
0.2615993023 0.7625191808 0.7832617164 0.2622295022 0.7141782045 0.761021018
0.1958113611 -0.3446328342 -0.5388149619 0.2648757994 -0.3904488087 -0.5696226954
-0.1051169187 -0.3692841828 -0.2207016647 -0.03155250102 -0.3823134899 -0.2489169985
-0.2325472534 -0.6709358096 0.01534371451 -0.2792676091 -0.6733201742 -0.01441186015
0.2453275323 -0.643468678 -0.04922622815 0.2254669964 -0.6506450772 -0.02611437067
0.1239146516 -0.391320467 0.1852888912 0.1454343051 -0.4074757099 0.219748497
0.285546124 0.1205963865 -0.957251668 0.2510032058 0.07211653888 -0.970664978
-0.1649044752 0.3726476431 -0.01968571916 -0.2186297029 0.3792850077 -0.05309132114
0.4948808253 -0.8197917938 0.1433309168 0.4517135918 -0.7196978927 0.1777464002
0.5117375851 0.2162484825 0.2856533527 0.5707455873 0.2130474001 0.3880654871
0.1674977094 0.05276340991 -0.08710162342 0.1494214982 0.05605179071 -0.05501291901
-0.1461736858 -0.0890256986 -0.3637258112 -0.08392775059 -0.09172876179 -0.3593814969
-0.03234239668 0.7509998679 -0.7947131395 -0.04630409181 0.8336629868 -0.8038254976
-0.6227347851 0.6728945374 0.3685397804 -0.6327059865 0.6873919964 0.3940384984
-0.1737719774 -0.08453332633 0.3333536983 -0.1415756941 -0.07290876657 0.4105401933
0.2097749859 -0.3562488258 0.008658171631 0.3317156136 -0.3508624136 0.01785627939
0.3734196723 -0.3903723657 0.1004798561 0.4506529868 -0.3552959859 0.09197513759
0.01243733428 0.3297611773 0.2023501098 0.06772624701 0.3400293887 0.172377795
0.2039176822 -0.5687237978 -0.002943342552 0.1307110041 -0.558311224 -0.01811826974
-0.4549602568 1.030048609 0.0243528001 -0.4823840857 1.085975051 0.1085824966
0.05966619775 -0.1460283697 0.1019387096 0.07236673683 -0.1280557066 0.1558496058
0.02892975882 -0.1128049344 0.2922755778 0.04346897826 -0.06000038981 0.2209333926
-1.132076859 -0.6719486713 -1.030560255 -1.103600025 -0.7232384086 -1.01218605
-0.1076088995 -0.1013681293 0.1494370401 -0.160475105 -0.07158125937 0.1566586047
-0.03320231289 0.1565652788 -0.2515358925 -0.1568499953 0.1445046961 -0.2382624
-0.2965805531 0.4873485565 -0.3607755899 -0.3050714135 0.4014042914 -0.291326195
-0.6294515133 0.1391091943 -1.199591875 -0.6224573255 0.1207742989 -1.187538981
0.4705099165 -0.9162809849 0.1982699186 0.4044575095 -0.839789629 0.2532404065
0.2339736223 -0.2999850214 -0.2364916652 0.1922215074 -0.2995981872 -0.2777015865
-0.3342207372 -0.08924688399 -0.3126907349 -0.3887417018 -0.08691848814 -0.3460885882
0.8353261352 -0.02432072349 0.4036919773 0.8590738773 -0.02632525936 0.3782818913
0.1501203477 -0.3100230098 0.2703844309 0.2016806006 -0.4244424999 0.2978931069
0.06138751656 0.07530813664 -0.3178372979 0.09955839813 0.09925255924 -0.4116438925
-0.6803653836 0.3843078911 0.2165509015 -0.7452644706 0.4393056035 0.2307534963
0.5554807782 -0.145406276 0.04503254592 0.5217853189 -0.2108933032 0.09911041707
-0.1754936427 -0.7625347972 -0.2853913903 -0.1031078026 -0.7463561893 -0.3159076869
0.3069288135 0.114664942 0.3078457117 0.2797704041 0.1077234 0.3406392932
0.3982965648 0.3464485407 -0.3554125428 0.3524866104 0.3493689001 -0.3295773864
0.02911296859 0.7229887843 0.1198431179 0.01054384001 0.768030107 0.1484346986
-0.7561368346 0.1528793871 0.1080552787 -0.8157557845 0.1919040978 0.1654417962
0.4510456026 -0.5110135078 -0.3024817705 0.4326215088 -0.4583872855 -0.2396816015
-0.2417392731 0.3766427934 -0.8395512104 -0.1894623041 0.4060378969 -0.7694622278
0.4499204755 0.1487597078 -1.693680763 0.4323394001 0.1782819033 -1.65365696
0.4616069198 1.072304487 -0.179428786 0.4840013087 1.188948035 -0.1771861017
-0.2408166379 0.3499768078 0.704796195 -0.2085079998 0.4813728929 0.7005593181
0.09981989115 0.143983826 -0.1852017343 0.1423615962 0.2374960929 -0.1966654956
0.8558526635 -0.2819184661 0.3161597848 0.9057164788 -0.2676298916 0.3934985995
0.3329898417 1.036495805 -0.4348617792 0.311373204 1.105363965 -0.5265445113
-0.2341919243 0.3995487392 0.09580503404 -0.2825413942 0.4746589065 0.1405514032
0.5033358335 0.005497304723 -0.1063999534 0.4960351884 0.080619663 -0.1475546956
-0.2575599849 -0.0673340261 0.4654565156 -0.2144345045 -0.0648445636 0.396833092
-0.2468235344 0.4331851602 -0.2982662916 -0.2796199024 0.4767408967 -0.2390623987
0.04755029082 -0.04476098716 -0.1152029932 -0.001979819965 -0.04522033036 -0.1367135048
0.1038058028 0.1164477468 0.5832692385 0.01879977062 0.1566956937 0.6160274744
-0.7253504992 0.1025959998 0.1054527536 -0.771710515 0.03347592056 0.1184531003
-0.1532012522 -0.2767698765 -0.6741802692 -0.1698738039 -0.3061679006 -0.6886929274
0.06457503885 0.253020525 0.07643629611 0.05646805093 0.2707037926 0.07071849704
0.1906782091 -0.4071214199 -0.7108501196 0.1308203936 -0.3649966121 -0.6663715243
0.1187707335 -0.1373177022 -0.2475242168 0.01980374008 -0.09923960268 -0.2139917016
-1.419057488 -0.2686060965 0.1271480322 -1.484853983 -0.2960563004 0.084146671
-0.7277306318 -0.03764490038 -0.4456887543 -0.7757092118 -0.0333423093 -0.3976798058
-0.1619472355 0.4140998423 -0.2258730084 -0.1535636932 0.4034953117 -0.1524312943
-0.5582962036 -0.3420538604 -0.1662349105 -0.5340644121 -0.3242507875 -0.1172837988
0.176420033 -0.7009266019 0.1847947389 0.1824205965 -0.6879550219 0.2736383975
0.3507543802 0.2635545135 -0.1057566553 0.3963463008 0.3003698885 -0.009904179722
-0.0215908736 -0.6437323689 -0.003700010013 -0.01057089958 -0.6276695132 0.02736053988
0.6450463533 -0.11862427 0.03223599866 0.5995407104 -0.03234722838 0.08901783079
0.2290213406 0.2420799434 -0.004185711965 0.1798020005 0.1904703975 -0.007532139774
-0.1196445525 0.3035431206 0.05187529698 -0.105775401 0.3176121116 0.1013730019
0.05023282766 0.1237752885 0.3652996719 0.04921288043 0.1038791016 0.3204716146
-0.0469247736 0.3962481618 -0.2099823952 -0.0859297365 0.4103125036 -0.1810624003
-0.215467155 -0.6542164087 0.4202465415 -0.1904841959 -0.6542571783 0.3535926938
-0.1466256976 0.08268858492 -0.3634151518 -0.1777883023 0.08248309791 -0.3600623012
-0.7114178538 -0.2095050067 -0.234543547 -0.6911302805 -0.2196715027 -0.2440547049
-0.3091422617 -0.122622937 0.139119029 -0.335483104 -0.1496687979 0.1584848017
0.08863031119 -0.5500710607 0.05679740757 0.1409814954 -0.6047306061 0.05191146955
-0.4108270407 0.569794476 0.05427280813 -0.5094736218 0.5507600904 0.08556713909
-0.4917987585 -0.1645274907 0.1572355628 -0.518882215 -0.1124724969 0.1243325025
-0.1013422087 0.835819602 -0.128519848 -0.1146960035 0.8895730972 -0.08810847998
0.6231654286 0.5744917393 -0.2753205895 0.5821455121 0.5172479749 -0.2508071959
-0.1371214092 0.4094602466 0.4016672075 -0.1468853951 0.3512707055 0.3559668064
0.4161413908 -0.6266934872 -0.2412503213 0.4170089066 -0.5813043118 -0.2853983045
-0.2493939698 -0.2541556954 0.6140387058 -0.2956996858 -0.1804555953 0.5937122107
-0.01687731221 -0.03903308511 0.2625821531 -0.001915780012 -0.06607744843 0.3302822113
-0.2835931182 -0.2397527248 0.8956167698 -0.3158470094 -0.2040535957 0.8870279789
-0.5473511815 -0.08471639454 0.5201514363 -0.4529978037 -0.05230230838 0.5170220137
-0.1255483925 -0.05285992101 -0.1001844257 -0.1488499939 -0.03624729067 -0.1061042026
-0.228719756 0.3928017616 0.4267477393 -0.1766023934 0.4052853882 0.4778324962
0.7186600566 0.02536359802 0.2693507075 0.7509964705 -0.01906505041 0.2305988073
0.2476918697 0.3045743406 -0.07154242694 0.2571403086 0.3756591976 -0.03614224121
0.1203602403 -0.127735436 0.1752355248 0.1627372056 -0.088437289 0.1706438959
0.2479025722 -0.9326102138 0.5467630625 0.225860104 -0.8935629725 0.5704132915
-0.2464230955 0.6869841218 -0.2792075574 -0.1700199991 0.7049071193 -0.2681744993
0.5586574674 0.04935425892 -0.1231057644 0.6105946898 0.07099255174 -0.1145073026
0.03570836037 -0.6031050682 0.2483000308 0.06556294113 -0.6011528969 0.2524797022
0.4482448399 -0.4188857675 -0.00889242813 0.4436622858 -0.4601503015 -0.02566277049
0.5588495135 1.301567793 0.01083248481 0.5203567147 1.326290011 0.04090255126
-0.5571641922 0.6533285379 0.743211329 -0.5254842043 0.5933650136 0.6438276768
0.1675377786 0.1293106824 0.3062714338 0.1650847942 0.09610585123 0.3188039958
-0.3242587447 -0.4002839625 0.2892695367 -0.2913995087 -0.4555721879 0.2970134914
-0.2571561038 -0.2258407623 -0.1094996929 -0.2696919143 -0.2747623026 -0.07319519669
0.1798191667 -0.8493471742 -0.9396582842 0.224496007 -0.9689350724 -0.8989713788
-0.841751039 -0.638579309 -0.4843451679 -0.8127142787 -0.6444032788 -0.4448623061
-0.07341818511 -0.03507808596 -0.03938780725 -0.1433411986 -0.02045740001 0.001991010038
-0.4674883783 -1.159961939 0.5008891225 -0.4520221055 -1.159399986 0.5015262961
0.05188157037 -0.2572420239 -0.305960685 0.0444400087 -0.3476457 -0.3264991939
-0.02093359828 -0.2753320038 -0.2093386352 -0.07532384992 -0.2513779104 -0.2642898858
-0.2091231048 -0.4803861082 -0.3837622106 -0.2084431052 -0.4630464911 -0.4488106072
-0.2077779919 0.2594934702 0.5696626902 -0.2483945936 0.3306674957 0.6269075871
0.1253301948 -0.2993907332 0.03001909703 0.1337973028 -0.3379045129 0.05792291835
0.2940538526 -0.5999619365 0.5589848757 0.3004949987 -0.5743681788 0.5963228941
0.9303571582 0.9113269448 -0.1313809752 0.9447246194 0.8781347275 -0.09219218045
0.1106069386 0.719892621 0.2455509901 0.09447938949 0.6693012118 0.2769578099
-0.2347518653 -0.0504154563 -0.3603442013 -0.2002813071 -0.04617268965 -0.3573848903
-0.1735045314 -0.7281247377 -0.1601680517 -0.2001224011 -0.7156252861 -0.1692959964
-0.3730971813 -0.5142270327 -0.2727366388 -0.3954184055 -0.5278367996 -0.2625210881
0.1905292571 0.08933694661 -0.356074661 0.1984775066 0.06540545821 -0.3997780085
-0.42176193 -0.8116406202 -0.117922239 -0.3710542023 -0.7453802824 -0.1945361048
0.1131325364 0.2366032004 0.5774742961 0.04820663854 0.1723044068 0.5599462986
-0.06897837669 -0.2456098348 -0.1292223185 -0.107694 -0.3130319118 -0.0997145623
0.1804953516 -0.6445344687 -0.2611410916 0.1208029985 -0.5840842128 -0.3353731036
0.209558934 0.4273178279 -0.02439381555 0.2335796952 0.449904412 -0.08174455166
0.1093452647 0.631922245 0.5142724514 0.1143447012 0.6547148824 0.5082244277
0.2057458162 0.07171548903 -0.6307957172 0.176918596 0.06086954847 -0.6599038243
0.01868744753 -0.01199985482 -0.2310731709 -0.0009251500014 -0.03723663092 -0.2853912115
-0.178186968 0.5028943419 -0.04100192338 -0.1289194971 0.4790068865 -0.04905252159
-0.06513845921 -0.04418243468 -0.6762679815 -0.0700000897 -0.0174392201 -0.6906750798
1.137321949 -0.5134079456 0.7676185966 1.030537963 -0.4841867983 0.7166463733
-0.1465059668 0.6203958988 -0.2151206881 -0.1536114067 0.6662890911 -0.1881248057
0.1901028901 -0.04774009436 0.007001679856 0.2336255014 -0.08461722732 0.01718401909
-0.5136346817 -0.09307279438 0.100971356 -0.5305694938 -0.1304523945 0.1057386026
-0.1396654695 0.6141628027 0.4078393281 -0.1695982963 0.6900088787 0.4245341122
0.3596475124 0.03987575695 0.4367854297 0.3632426858 0.03746223822 0.4748390019
0.03449223936 0.1125320941 0.5935906172 0.0970300734 0.0749496296 0.5672236085
-0.06430891156 -0.3318266869 0.09990930557 -0.03954887018 -0.3999612033 0.07608941197
-0.5743730664 0.5189309716 -0.2053330392 -0.5242184997 0.5027300715 -0.2041272074
-0.4289851189 0.852928102 0.004762005992 -0.4162969887 0.7807343006 -0.05673826113
-0.3512610197 0.3008630276 -0.3221402168 -0.3284451962 0.3311974108 -0.2832460105
-0.09513731301 0.02196897194 -0.1035054848 -0.110784702 -0.0028182799 -0.116227597
0.03354192525 -0.1558730602 -0.7907148004 0.03102896921 -0.120806098 -0.8185809255
-0.02086627111 0.5315610766 -0.2019274533 0.0001529500005 0.5478277802 -0.2050541937
-0.4613363445 0.008643765002 0.7749174237 -0.5365771055 -0.03249946982 0.7996029854
0.9370127916 -0.3007183075 0.3007574081 0.8290972114 -0.376283288 0.3779976964
-0.2219035029 -0.8869976401 0.2576029003 -0.2554815114 -0.9215211868 0.2910138071
0.270062387 0.2528192997 0.1158615574 0.3145847917 0.2500143945 0.0413932018
0.1189181507 -0.7223368883 0.4029056132 0.1270502061 -0.6922659278 0.3673700988
0.06511985511 0.001669140533 -0.645734787 0.08969201893 0.02251208015 -0.6063373089
-0.2545698583 0.5137500167 0.2164693773 -0.2491711974 0.4960067868 0.234792307
0.06808003783 -0.06401247531 0.06019752845 -0.04122912884 -0.08808130026 0.04078809172
-0.1420593858 0.487644583 0.3059829473 -0.1126167998 0.4218113124 0.299210608
0.06002318859 -0.09375397861 -0.7725030184 0.1098529994 -0.1152658984 -0.739593327
0.07112459093 -0.2922870219 0.22619313 -0.02773937024 -0.3063009083 0.2386204004
-0.0616444312 -0.3160808682 0.8312262297 -0.04722474888 -0.2577871978 0.8393070102
-0.5716245174 0.1733146608 1.201019883 -0.5469676256 0.1664130986 1.203390956
-0.5454467535 1.038570404 -0.2325525582 -0.5198072791 1.045313001 -0.2562707961
0.06647503376 0.3536202013 -0.1713677645 0.1416742951 0.2950904965 -0.1292566955
-0.3688997626 -0.1692377776 0.5683457851 -0.4322598875 -0.2053716928 0.5625805855
0.248528406 -0.1397685707 -0.1534477621 0.1893250942 -0.1551720947 -0.1902263016
0.5969989896 -0.2453097999 0.5063489676 0.6569939852 -0.2628093958 0.5423610806
0.197678417 0.3901946843 -0.444429934 0.2504909039 0.3104642928 -0.4466823041
-0.6419597864 -0.097558029 0.09926711768 -0.6715906262 -0.1407795995 0.1118211001
-0.3658901155 0.5072334409 0.3603433669 -0.3470877111 0.5922825933 0.3740758896
-0.5731854439 -0.03441542387 -0.1735173166 -0.6181766987 -0.0264102798 -0.1891001016
0.3313358426 0.02149692178 0.505787313 0.358251214 -0.02886465937 0.473816812
0.3130026758 0.07248623669 0.1215851381 0.3854315877 0.07710489631 0.07674612105
0.1011477709 0.3713590801 -0.0487595126 0.104031302 0.3412793875 -0.02610659972
0.3666370809 0.7876976728 0.02796069533 0.4231804907 0.8008030057 -0.02819027007
-0.2308648527 -0.307020992 0.6246287823 -0.2775211036 -0.3086292148 0.6382840276
0.04514248669 -0.4397481978 -0.06125712022 0.05863878876 -0.4734238982 -0.06625074893
-0.0462878868 0.4537542462 0.0467268005 -0.07817237079 0.4572913051 0.02548019961
-0.1569269747 0.06840363145 -0.1573559642 -0.2283796072 -0.02986855991 -0.1888819933
-0.0438237749 -0.1628056616 -0.5760872364 -0.09646575898 -0.2064837068 -0.5871347785
0.006214231253 -0.2576147616 -0.2092144787 -0.03503645957 -0.2672207952 -0.3219340146
0.02921290323 -0.2330192029 1.614281774 0.03723696992 -0.2053741068 1.64152801
-0.3469903469 -0.4961290061 0.2696429789 -0.3498002887 -0.5389711857 0.1882656068
-0.02339233458 0.09173040092 -0.6638020873 -0.006527060177 0.09696166962 -0.7064260244
-0.4446408749 0.5955730677 0.08838873357 -0.4126453102 0.6064990163 0.1242960021
0.5528486371 -0.1477341056 -0.03496522084 0.5389102101 -0.2259895056 -0.1333017051
0.1053594723 -0.2219289541 0.1501774192 0.1790851951 -0.2571952939 0.1842321008
-0.1999786794 -0.1256236434 0.01213719696 -0.1566630006 -0.1849375069 -0.008802370168
0.477255404 -0.1421868205 0.06620258093 0.4615536928 -0.1679383963 0.05695670098
0.2822148502 -0.6122944355 0.1988503337 0.2624781132 -0.6148620844 0.2019522935
-0.1126773655 -0.3903706074 0.2754293382 -0.0586232096 -0.3173942864 0.3109945953
-0.3792591691 -0.2841336727 0.3362389505 -0.3402366042 -0.3521398008 0.3444685936
-0.08372579515 -0.09023325145 -0.1606928259 -0.02793307975 -0.1001576036 -0.1910080016
-0.03090644814 0.209592104 -0.4066878259 0.04071655869 0.2588005066 -0.3687973917
-0.2539975047 0.8402843475 0.4520819783 -0.234028697 0.7948622704 0.4886639118
0.03221510351 0.02109093219 -0.2500049472 0.05389722064 -0.01776251011 -0.2366364002
0.121536456 0.2776936293 -0.2164091319 0.1912270039 0.2950699925 -0.2892856002
1.252561569 -0.09622501582 -0.2877551615 1.32317698 -0.08470349014 -0.3325910866
0.6009634733 0.09345918149 0.1141721085 0.595130682 0.05624977872 0.09216643125
0.4169623256 0.1215221435 -0.04440746456 0.4104548991 0.1227456033 -0.06753847748
-0.3078358173 0.3526622355 -0.3565123677 -0.3009730875 0.3867841065 -0.4045465887
0.3879551888 -0.004219472408 0.1667459011 0.3681736887 0.01231408026 0.1157948971
0.5645312667 0.02968939394 -0.8922549486 0.559240222 -0.04690660909 -0.9171150923
-0.2324396074 -0.1287987679 0.0580620952 -0.2574959099 -0.1911723018 0.04356332868
0.1341932714 0.0272765439 -0.4555605352 0.1269765943 -0.02830195054 -0.4715332985
0.07351250201 -0.02650210448 0.1031417102 0.04953638837 0.04482100159 0.1253381968
0.02179504931 -0.2606296837 -0.05397232622 0.05168263987 -0.2607111931 -0.06752219796
0.2310058922 0.5877876282 -0.3155002594 0.1487905979 0.5534703732 -0.3005326986
-0.1359375417 0.4918621778 -0.05405479297 -0.07706330717 0.4173541963 -0.0176312793
-0.1607440263 0.2562029362 -0.232772842 -0.1533810943 0.2236658931 -0.3171057999
-0.3119607568 0.521445632 -0.1958291382 -0.2416087985 0.5372917056 -0.158257395
0.4741502702 0.1191609874 0.1104077473 0.5028511286 0.09702902287 0.05986019969
0.1834437847 -0.08350251615 0.1481186748 0.2133108974 -0.1051694974 0.1538127959
-0.6113517284 0.1589449197 -0.1307228059 -0.6378148794 0.255931288 -0.2048981935
0.5749169588 -0.7374461293 -0.213863194 0.6196029782 -0.7155532837 -0.2549715936
0.162576437 0.1150758564 0.6153124571 0.1268028021 0.05823190138 0.6051650047
-0.06270299852 -0.6667264104 -0.2930112779 -0.006753980182 -0.7882034183 -0.2427725047
0.7194179296 -0.4906878769 -0.07273263484 0.7663854957 -0.4780566096 -0.1053913012
0.1957698166 -0.2104945481 0.460824281 0.2498922944 -0.1966539025 0.4051927924
0.2894144058 -0.08297304809 0.129875809 0.295402199 -0.1034556031 0.1104020998
-0.631133914 -0.07761539519 0.1909723729 -0.6027315855 -0.1002120972 0.1521064043
-0.3241961002 0.02011810988 0.6049126387 -0.3284276128 0.01439472008 0.6238284111
0.107923381 -0.007936574519 -0.09040358663 0.09052565694 0.00812704023 -0.1800386012
0.7469684482 -0.02951778099 0.2185438424 0.7438060045 -0.01774368063 0.1759984046
-0.2130415142 -0.2993941307 0.1278146058 -0.2227859944 -0.2760887146 0.03448992968
-0.7397634983 0.1801300943 0.2171301395 -0.7380127907 0.1927374005 0.1516589969
-0.1015381664 0.3899051547 -0.06344424933 -0.1799930036 0.4421888888 -0.1036202982
-0.2614531517 0.2878084183 -0.4540833831 -0.3345285952 0.2859624028 -0.4164243042
-0.3220450282 0.4053899944 -0.1072105467 -0.336845994 0.3716027141 -0.1350394934
-0.7443882227 -0.2470561415 -0.3753393888 -0.7823733091 -0.2555640042 -0.3750272989
-0.02374321595 0.2190987021 0.2776192725 0.02482965961 0.2354930937 0.3279601932
-0.7091575265 -0.2403747141 -0.3313898444 -0.7110252976 -0.2150523067 -0.3554368913
0.4545620382 0.1380020678 0.01484041847 0.4979814887 0.1783176064 0.0280381497
0.122283943 -0.1773003936 0.1548543721 0.06163131818 -0.2208395004 0.1686317027
0.4270188808 -0.8571449518 0.6207690239 0.4226894081 -0.8655021191 0.6193218827
0.4249934256 -0.4592642784 1.514826298 0.3986898065 -0.4934954941 1.495882988
0.6216995716 0.168663606 0.01085960306 0.6242923737 0.1719783992 -0.02364186011
-0.1629987359 -0.2183122933 -0.3398085535 -0.1744612008 -0.3103139997 -0.3726016879
0.225009203 0.5122380853 0.3362675011 0.159196496 0.4707146883 0.3935616016
0.2896432281 -0.08981363475 0.1896153539 0.3305853903 -0.04748069867 0.1792124063
-0.797819674 0.03829547018 -0.4537222981 -0.7589538097 -0.02367438003 -0.4120858908
0.1626306772 0.2156342268 0.3380247056 0.172190696 0.2265603989 0.2908006012
0.4749821723 -0.2083227485 -0.5870810747 0.4554969966 -0.1918018013 -0.5643786788
-0.2939892113 0.3134506047 -0.2126573622 -0.2919369936 0.3313787878 -0.2758884132
-0.03470334411 0.2798404098 0.2183709145 -0.05405936018 0.2983658016 0.2281886041
0.1508033723 -0.1493637115 -0.7902016044 0.1595267057 -0.2039442956 -0.6594201922
0.2591232955 0.2404318303 0.1362272054 0.2391978949 0.196142301 0.09407292306
-0.3908519149 0.1839785874 0.04787261039 -0.3400067091 0.1546806991 0.09162417054
0.1905889362 0.06806426495 -0.2741693854 0.1815419942 0.07706233859 -0.2327443957
0.2551683784 -0.1618829519 0.2869422734 0.2636015117 -0.1848779023 0.3314849138
-0.3376020193 -0.7251417041 -0.3133765161 -0.3217015862 -0.7262455821 -0.2972308993
0.04555995017 -0.2425726801 -0.1664832234 0.04088405147 -0.2377626002 -0.1878636926
0.6208429933 -0.1527333707 0.02764202654 0.6698030233 -0.1533931047 0.05811033025
-0.4357067347 0.4765539169 -0.228673771 -0.446973592 0.4341494143 -0.204419598
0.1124570146 -0.05249903351 0.06260800362 0.1229458973 -0.1167040989 0.08223912865
-0.3891842663 -0.005928056315 -0.507514894 -0.3581382036 -0.02713447064 -0.497376591
-0.2175833285 -0.08964852244 0.06902813166 -0.2591288984 -0.1135198027 0.08952731639
0.3108220994 0.4884184897 -0.5488672256 0.3698002994 0.4974501133 -0.5333300233
0.3482313752 -0.04987202585 0.5600292087 0.416172713 -0.01872066036 0.5950940847
-0.8348373175 -0.2314176559 0.1842967719 -0.801312089 -0.2652100027 0.1456415057
-0.361263901 -0.4016929269 -0.08739136159 -0.361875087 -0.4533869922 -0.1152016968
-0.3592425883 0.06572006643 0.2180321217 -0.3734923899 -0.01660709083 0.212075904
0.03020405397 -0.4706844091 -0.1052569821 0.01003928017 -0.4939580858 -0.1051208004
0.5540721416 -0.5777386427 -0.379312098 0.5443928838 -0.6224930286 -0.3874101937
0.036088489 0.06700319797 0.2063299119 0.1082196981 -0.008536210284 0.2494422942
0.07970999181 0.4837171435 0.0625218153 0.03832621872 0.4554500878 0.02047109976
-0.3210159242 -0.7247625589 -0.3539244831 -0.3294360042 -0.7506200075 -0.3691960871
0.09455768764 -0.02179751918 0.3901448846 0.0921446681 -0.04314415902 0.4208019972
0.02120175771 0.09424773604 -0.9823225737 0.06577318162 0.07523489743 -0.9572877288
-0.2156822532 -0.06231366098 0.1783187836 -0.1837559044 -0.08526317775 0.1470793933
0.2282778472 -0.1562704742 0.04635666683 0.1759727001 -0.1644266993 0.03513545915
-0.1809629202 0.7144284248 0.3846056461 -0.230241701 0.7225853205 0.3767979145
0.1169644743 0.2006279677 0.04194281995 0.1699970961 0.2122482061 0.05398520082
-0.08272528648 0.05394120142 -0.4096788168 -0.1424017996 0.05345971882 -0.4095282853
-0.5907869339 -0.2683968842 0.699806571 -0.5910745859 -0.2479864955 0.6917074919
0.09344695508 -0.1774461418 0.174301967 0.0643748492 -0.2277624011 0.1460393071
0.09445255995 -0.150064826 -0.3064450622 0.07861576229 -0.1832661927 -0.2879416943
-0.1451099068 0.09048992395 -0.1122488827 -0.1857039928 0.09667865932 -0.163666904
0.2782922983 -0.4560694993 -0.07937850803 0.2324008942 -0.4838815033 -0.1093173027
0.3197930157 -0.306415379 -0.4866822362 0.2652040124 -0.4281193912 -0.4604249001
-0.4457226396 0.1271476001 0.1448123008 -0.3780489862 0.08301039785 0.1482499987
-0.01240185089 -0.4802253246 -0.09649338573 0.00547097018 -0.4925743043 -0.07984457165
-0.2720880806 0.374812603 -0.2145529687 -0.2267944068 0.3763026893 -0.1857790947
0.1833416373 -0.001962794922 -0.4913510978 0.1594024003 -0.09038860351 -0.4338670075
0.2654354572 0.6675604582 0.2360438108 0.2305026948 0.5749316812 0.2450020015
0.5521652102 0.2639502287 -0.09635438025 0.5972058773 0.2403986007 -0.1649664044
-0.06551553309 -0.3056221306 -0.004755075555 -0.0177223403 -0.3472877145 -0.002278560074
-0.2568209469 -1.256010771 -0.02849526703 -0.1775218993 -1.333184004 -0.02070480026
0.3402824402 -0.290512085 -0.9330388904 0.3586280942 -0.2814478874 -0.9375264049
0.001291533466 -0.6548012495 -0.6119388342 -0.02240383066 -0.6474171877 -0.647860229
-0.8831926584 0.1071167663 -0.5769575238 -0.9021129012 0.06512224674 -0.5983160734
0.5178436637 -0.06835345179 -0.05289040133 0.5426002741 -0.1081051007 -0.07520379871
-0.07746297866 0.1014747918 0.1015389264 -0.06073772907 0.1051518992 0.09067800641
0.2456045151 -0.05977358297 -0.2652904093 0.316101402 -0.05452046171 -0.2475122064
0.7492028475 0.6876685619 -0.01501182001 0.7267342806 0.7125902772 -0.01460533962
0.1223874986 -0.1746558696 1.032965422 0.04672852159 -0.1795997024 1.047140956
-0.5225995183 -0.06374194473 -0.3396931589 -0.560131073 -0.03535488993 -0.3465397954
-0.4937524199 0.1470407397 0.02565665357 -0.4962053895 0.1611174047 0.05838406086
-0.05317050219 0.3286088705 0.04228560627 -0.1097500995 0.337251693 0.07986287028
-0.1045447364 0.4262090027 0.499304235 -0.1567578018 0.441270113 0.4884308875
0.2922840118 0.4202580154 -0.1433204114 0.2594001889 0.3858942091 -0.1050418019
0.08364152908 -0.5444966555 0.8483421803 0.02333123051 -0.59345752 0.8442593813
0.003178791143 0.1701086164 0.09651394188 -0.01348800026 0.1629166007 0.1019762978
0.8968777061 -1.054015875 0.1227257177 0.8880174756 -1.015944958 0.148406297
0.2256070375 -0.2304885685 -0.009484604932 0.2087613046 -0.3004007041 0.03144318983
-0.0636735931 0.3050395846 0.2412312925 -0.06887978315 0.3301188052 0.2596436143
0.04040817171 0.08152848482 0.08681759983 0.09647067636 0.06241771951 0.1296133995
-0.01907329261 -0.05994592234 -0.154619813 -0.005458089989 -0.08359286189 -0.1793666929
-0.04434029758 0.3374724686 0.09595231712 -0.05776726082 0.3121882975 0.07445058227
0.3361195624 -0.05990522355 -0.1566517502 0.3204008043 -0.09994156659 -0.1448263973
0.9694823623 -0.3257696033 -0.1970594227 1.00860405 -0.3529436886 -0.157960996
-0.6670956612 -0.4232438505 0.2603860497 -0.6858900189 -0.4687645137 0.2915532887
-0.2449801862 -0.1008103341 -0.7089366913 -0.2694017887 -0.1168858036 -0.7235683203
0.1614977717 -0.3442959189 -0.1789416522 0.1477034986 -0.3640446067 -0.1974550039
-1.060259581 -0.2698385417 0.2326513827 -1.028017998 -0.2116165012 0.2564294934
-0.8384770751 -0.05889802426 -0.3114910126 -0.8402372003 -0.07480084151 -0.2981199026
-0.9482982755 0.08177500218 0.009850418195 -0.9659702778 0.06074495986 -0.01812019013
-0.4252574444 -0.4318304658 -0.1665771753 -0.4343746901 -0.4298965931 -0.1036596
-0.165924415 0.07829959691 -0.07102951407 -0.1348389983 0.1391585022 -0.02371313982
-0.4672719836 -0.3185690939 0.1499865055 -0.5599117875 -0.3205079138 0.1382731944
0.0733146444 0.0005216691643 0.0469259806 0.05652152002 -0.04927683994 0.08217485994
-0.1953923255 -0.05396257713 -0.3762926459 -0.2482282072 -0.01757708937 -0.3005622923
0.1445021629 0.4230695963 0.3438450098 0.1812831014 0.3930647075 0.352893889
0.09931027144 -0.6717093587 -0.02826701663 0.1068836972 -0.6090369821 0.04604927823
-0.5952608585 0.2870689631 0.1440492123 -0.6488289833 0.2819406092 0.2674885988
-0.04667373374 -0.1074613705 0.06430469453 -0.06194895133 -0.00349913002 0.08054152876
-0.2824065983 -0.3250454664 0.8895344734 -0.2897185981 -0.2968994975 0.9497308135
-0.3320089877 0.2612785101 -0.2842145562 -0.3159418106 0.2762112021 -0.1902651042
-0.1959863305 0.1509950012 0.4040978253 -0.1884665042 0.1870107949 0.421600908
-0.6357195377 0.03473618254 -0.1327012628 -0.6154921055 0.1260595024 -0.1322786063
0.3629636765 -0.06269069761 0.07068466395 0.3882677853 -0.1293040067 0.1141074002
0.03490079194 0.0718992576 0.284057498 0.03778954968 0.07761599869 0.3513070941
-0.3793639839 -0.1859578788 0.06786000729 -0.3570576906 -0.1820890009 0.1171578988
-0.308295399 0.4189293087 0.3086976111 -0.2701227069 0.3994744122 0.3505026996
-0.01841161586 0.4906757176 0.3850796223 -0.00112419005 0.4738189876 0.3672763109
0.8011119366 0.5030559301 -0.04720324278 0.8274915814 0.4780113101 -0.08170869201
0.6989036798 0.7799185514 0.7274526358 0.7196512818 0.8442003131 0.7326545119
-0.07267186791 0.01357669383 0.166530937 -0.08218341321 -0.0008171899826 0.2257522941
0.7856432199 -0.364293009 0.689345777 0.7666751742 -0.2930020094 0.6834859252
0.3169445097 -0.1611038893 -0.1320371181 0.3118852973 -0.1841800958 -0.1013789028
-0.7302709222 -0.1164394021 0.077762492 -0.7705559134 -0.1603249013 0.05162794143
-0.2953158021 0.3241895735 0.9311496019 -0.2989883125 0.3430331051 0.9553974867
0.568592906 0.8432408571 0.04104579613 0.5309870243 0.8584914804 0.06005826965
-0.07217504829 0.1635113508 -0.6200585365 0.01116045006 0.1944985986 -0.663374722
-0.2239935398 0.07616490871 0.3244122565 -0.3004226983 0.1124174967 0.3602387905
0.3946286142 0.04314960912 0.3336331844 0.4215494096 0.06865402311 0.4152669013
0.2684525549 0.3528165519 -0.1434496492 0.2060707062 0.3582834899 -0.1010302976
0.1327347755 0.2231916636 0.09932616353 0.2013444006 0.2200061977 0.09777916223
0.1680626422 -0.5687835813 -0.008651395328 0.145856306 -0.5408154726 -0.02148655057
0.5243784189 -0.2770018578 -0.8232909441 0.4918842018 -0.211908102 -0.8723930717
-0.08256758004 0.631244421 0.2936357558 -0.1313643008 0.6401847005 0.331486702
0.1370901465 0.3799258173 0.3447497189 0.1577630043 0.3256719112 0.3692109883
0.07903173566 -0.4383690655 -0.488419652 0.08840169013 -0.4276964962 -0.4424202144
-0.1255789101 -0.1375986785 0.09269666672 -0.09691993147 -0.1380041987 0.1510121971
-0.3490338624 0.04103145003 -0.6618261933 -0.3718656003 0.02994731069 -0.6979835033
-0.1729345769 0.1414613873 -0.2417256683 -0.1810005009 0.1549836993 -0.2022189051
-0.3858086169 0.08474254608 -0.7782696486 -0.4138266146 0.08505260199 -0.7815099955
0.9416007996 -0.01937867329 0.007429636084 0.9770342708 -0.01227010041 0.03274749964
0.8250809312 0.1350169927 -0.6614712477 0.8132169247 0.1537542045 -0.6321669221
-0.2905205488 -0.1369039118 -0.02011875249 -0.2518089116 -0.1623878926 0.01945441961
0.1369358301 0.08156900108 -0.08995629847 0.127957806 0.05513605103 -0.07856643945
-0.06187053025 -0.4221844077 0.3939440548 -0.07520519197 -0.4269368947 0.4411903918
0.291582346 0.1047285795 -0.03593992442 0.2998445034 0.1034559011 -0.06990008056
0.5814009309 -0.4087466598 -0.2373904586 0.5381532907 -0.4649873972 -0.294362098
0.4631651044 -0.02860403061 -0.01999647543 0.4364418983 -0.06185965985 -0.04440806061
0.1046340093 0.2790831625 -0.6116351485 0.1159301028 0.2690511048 -0.6157174706
-0.2189431041 0.5814225078 -0.2933889329 -0.286483407 0.5860208869 -0.2660281956
-0.1383211613 0.5027999878 -0.06810393929 -0.2143370062 0.5307533741 -0.09670980275
-0.06705572456 1.154518723 -0.03186883032 -0.06098647043 1.126796007 -0.04374824092
-0.0985456109 -0.0445789583 -0.3381386995 -0.1007035971 -0.05109760165 -0.3673630059
-0.1906453669 -0.08994666487 -0.1110319048 -0.1982270032 -0.08808773756 -0.1282858998
-0.1998955607 -0.06597138196 0.2448001951 -0.2406616956 -0.1176194027 0.2183070928
-0.0576178506 0.4095886648 -0.1431169659 -0.03234893829 0.3553897142 -0.1088875979
-0.3910449743 -0.01594513655 0.2876754403 -0.3808042109 -0.002051319927 0.2873283923
0.1424586028 0.002469176892 0.1676207185 0.1793318987 0.002380999969 0.1838389933
-0.08319069445 -0.1162449718 -0.2670214176 -0.1126077995 -0.1090994999 -0.3303664029
-0.1333639771 -0.1204622388 0.2601386309 -0.1424140036 -0.0737221092 0.2150074989
0.121515885 -0.1858911216 0.1837832034 0.09208682179 -0.1758771986 0.1840249002
-0.4223020077 0.3016551435 -0.07770180702 -0.4125368893 0.3046376109 -0.1338938028
-0.04571021721 -0.2944411635 0.386561662 -0.05251466855 -0.2909331024 0.4293627143
-0.01071507577 0.2701567411 -0.1408495903 0.008216380142 0.3032568991 -0.1185678989
-0.1499888897 -0.2273739278 -0.01228413079 -0.1716182977 -0.2258480042 0.01403088029
0.1623776257 -0.31234622 -0.03441222012 0.1512967944 -0.2846758962 -0.03309316933
-0.2742884755 0.04921574891 0.1838948429 -0.3446657062 0.08499670029 0.1068426967
-0.008180230856 0.01941752434 -0.1995689273 -0.03371623904 0.03417785838 -0.2302002013
0.3944191933 0.07596997917 -0.04249263182 0.3784584105 0.05916345119 -0.02198044956
0.2646386623 -0.09497532248 0.719175458 0.2703374028 -0.04262340069 0.7274693847
-0.1139974594 -0.6112283468 -0.01562123001 -0.1292006969 -0.609289825 0.007011060137
0.2227738798 -0.447986871 0.9332098961 0.2548727095 -0.425596714 0.9474927783
0.1776436418 0.06994111836 -0.395827651 0.1379137933 0.1097489968 -0.4098562896
-0.1419485956 -0.05260874704 -0.1028782427 -0.170362398 -0.0726621002 -0.1030414999
0.3914501369 -0.08183022588 0.3292992115 0.403450489 -0.01351184025 0.3393462896
-0.09291951358 -0.08368635178 0.4295833111 -0.1280566007 -0.05277232081 0.4581905901
0.1085514128 -0.2037867755 -0.1617234051 0.1037743017 -0.1997109056 -0.1429558992
-0.06805719435 0.2957529724 0.7940601707 -0.0529627502 0.3153229952 0.7877770066
-0.2417924404 0.2680413723 -0.03011112288 -0.2520770133 0.2480926961 -0.1102643982
-0.1108723208 0.2083133906 0.2698763907 -0.06625510752 0.2306309044 0.2590472996
-0.06712394208 -0.03189086542 -0.2051849067 -0.01659424044 -0.02250099927 -0.2103275061
-0.1165120006 -0.00512562599 -0.1697632968 -0.1349121034 0.01434521005 -0.2298053056
-0.04000849277 -0.1701673269 -0.1757232994 -0.05511628091 -0.1714031994 -0.2093814015
-0.3807883263 0.3313727379 0.01972498 -0.3804191947 0.356110394 -0.01243270002
-0.2519941628 0.477476269 0.0007837787271 -0.2216887027 0.4415068924 0.0204481408
0.2025403678 0.40816167 -0.2019886822 0.2042320073 0.41107741 -0.2299762964
0.321970284 0.4496486485 -0.1457702219 0.3932166994 0.4086096883 -0.1395774037
-0.0592684038 -0.08015504479 0.6877555847 -0.02404640988 -0.06223813817 0.6805645823
0.2428560257 -0.1331407577 -0.2224387228 0.2564631104 -0.1305664033 -0.1960407943
0.3158655167 0.03306717053 -0.01019489393 0.3206458092 0.08171057701 -0.01363253035
-0.08823306113 0.02455557883 0.001484049484 -0.1181868985 0.07194442302 0.02852549963
0.07823611051 0.3771835268 -1.069654107 0.08427163213 0.3476502895 -1.081814051
0.1696944535 0.04173019528 0.3879233301 0.1553366035 -0.001985209994 0.3858186007
0.3262057602 -0.5004330873 -0.006008918397 0.2699218094 -0.4044238925 -0.01381452009
-0.2754226625 0.002090230584 -0.1466464698 -0.2653687894 0.03260330111 -0.1490446031
-0.2099242359 0.1215002537 0.02993926033 -0.2348019034 0.1313921064 0.03031991981
0.2155467719 -0.1576317549 -0.154943347 0.1364271045 -0.09048321098 -0.2156987935
-0.05242657289 0.4093411267 -0.0583634451 -0.02901560068 0.4291720092 -0.09358804673
-0.6400682926 0.06014519185 0.4359490573 -0.6239184737 0.041546911 0.4771086872
0.1928692311 -0.1017127782 0.1184399575 0.2146283984 -0.08373524994 0.1182691976
-0.4423012733 0.4848039746 -0.217086181 -0.4520780146 0.6062654853 -0.2520911992
0.04150766134 -0.03751887381 -0.4677340388 0.01729501039 -0.03732674941 -0.4329358041
-0.5348590612 0.0296802111 1.086314559 -0.573017478 0.01169093046 1.058485985
0.8591467738 0.3596101701 -0.08914583921 0.9295125008 0.3472999036 -0.08630078286
-0.04173658416 -0.2293056995 -0.05762328953 -0.01908314973 -0.2090573013 -0.05437424034
0.2141151726 -0.03207565099 -0.132832408 0.2438448966 -0.03318043053 -0.07571995258
0.4117429256 -0.01240125019 -0.01271160506 0.3701071143 -0.01003309991 -0.05390359089
0.2619697154 -0.1114283279 -0.44223997 0.272346586 -0.08853563666 -0.4487450123
0.3604854345 0.3937102556 -0.2725009918 0.3247003853 0.4613408148 -0.2786900997
-0.3410941064 -0.0585706681 0.01083539333 -0.2807905972 -0.02460803092 -0.008959610015
-0.1744327545 0.2421509475 0.4175482988 -0.1217909977 0.2560710013 0.4459719062
0.396389246 -0.01629975438 -0.2156951278 0.4280155897 -0.02485696971 -0.2055401951
-0.2629922926 0.2016201019 -0.01089852862 -0.2457312047 0.2314503938 -0.06148986146
-0.332095623 -0.3442644477 -0.09706795961 -0.3167183101 -0.2988033891 -0.1033973023
0.4132861495 0.2239758074 0.3678656816 0.4387486875 0.2925933003 0.2857674062
-0.4776273668 1.169237971 -0.01112258062 -0.4277031124 1.162384987 0.0298174303
0.3409860432 -0.1604700685 0.265568018 0.3407836854 -0.1619316936 0.2528536022
0.2825463414 -0.3007160127 0.1557043493 0.3261029124 -0.2461259961 0.09437388927
0.6559579372 0.5370234847 -0.07212005556 0.5881422758 0.5447353721 -0.07729762048
-1.093680263 -0.160626784 -0.2881343663 -1.135720968 -0.1617884934 -0.280290395
0.01540741883 0.3619069457 0.3404735327 -0.04708382115 0.387925595 0.2868900895
-0.08862990886 1.23553741 -0.2206790894 -0.08347661793 1.252038956 -0.1615355015
-0.5444529057 0.2354806215 -0.3345693648 -0.462944299 0.276643306 -0.3098453879
-0.09998463094 0.08903829753 -0.2808920741 -0.1042954028 0.09398899227 -0.2447921038
0.5612581372 0.1463028044 0.2990052998 0.5041260123 0.1717174947 0.2961266935
-0.6152492762 -0.2637523711 0.0176316984 -0.59082371 -0.1812720001 0.02065924928
0.1019977629 -0.2538103461 0.2269394994 0.1269222051 -0.2062754035 0.2486990988
0.346891135 -0.1353722215 0.5373272896 0.3838410974 -0.1828113049 0.5368561149
0.4467359483 -0.2158682048 -0.813449502 0.4759117067 -0.2001302987 -0.8316270113
1.319625735 -0.08654768765 0.001429762691 1.306522012 -0.07633028179 -0.02822327055
0.02650767192 -0.4273450375 0.1222372502 0.05090897158 -0.4654006958 0.1069322005
-0.09058894217 -0.1650307328 -0.1108020395 -0.08092024922 -0.1874763072 -0.1151726022
0.6587225199 -0.1499012411 -0.07852905989 0.688423872 -0.1951909959 -0.02455501072
0.02928187698 0.02699054778 -0.3905373514 0.05342533067 0.1226409972 -0.4263297915
0.6613385081 0.2605495155 -0.5015012026 0.6579784751 0.2272022069 -0.4953249991
0.3549153507 -0.1158259287 0.4690616429 0.3657506108 -0.07552769035 0.4469588101
-0.1556425989 -0.2048125565 -0.4152527452 -0.1781615019 -0.1778960973 -0.4453080893
-0.1460717022 0.1439921856 -0.1029683575 -0.1507274061 0.1229669005 -0.1858808994
-0.3188289404 0.4730775356 0.6199677587 -0.2988662124 0.4617772102 0.5653803945
0.2162582129 -0.105141446 -0.4400574565 0.1539884061 -0.1357710063 -0.4981342852
-0.3521768153 -0.06996591389 0.1585169435 -0.2889609933 -0.06804025173 0.1546193957
0.01133465115 -0.07667089999 -0.255567193 0.00649415981 -0.08571378887 -0.3297637105
-0.1164536923 -0.09436855465 -0.2104770541 -0.1179571971 -0.1358897984 -0.2273384929
-0.2152510583 -0.3977972865 0.0575068295 -0.2685506046 -0.3861612976 0.03309511021
-0.5185495019 -0.0406845212 -0.2896010876 -0.5790138245 -0.02693600021 -0.3396106064
-0.9001085162 0.1736706495 -0.03637549654 -0.9150366783 0.2091602981 -0.07460591197
-0.2314708829 0.1529827565 -0.0748186931 -0.1552594006 0.175921306 -0.1354718953
-0.5934156179 0.2070073336 0.3606008291 -0.5823556185 0.2049296051 0.2730857134
0.2064232528 -0.1195254922 0.123870194 0.1961044967 -0.09958960116 0.1025381982
0.3427339792 -0.6244729161 0.166610539 0.3862076998 -0.6542109251 0.1688688993
0.2926426828 -0.04092476517 0.1763757765 0.3190923929 -0.0417512618 0.1936856061
0.07606124878 -0.0896384865 -0.1958854496 0.04848279059 -0.09045454115 -0.2136421055
0.4378888905 0.09762616456 0.1446168572 0.4623327851 0.07465825975 0.1618407071
0.05172145739 0.06274107099 0.1584131718 0.009969259612 0.08209641278 0.1798781008
0.03222559392 -0.1488770247 0.4701731205 0.02426579036 -0.1320566982 0.4358491898
-0.091907911 -0.47083354 -0.1389974356 -0.06258053333 -0.4724364877 -0.1318619996
-0.1683483273 -1.343175888 0.1734309494 -0.2540062964 -1.320073009 0.145748198
0.3673764169 0.6975284219 0.1925684661 0.4216989875 0.660320282 0.1198749989
0.1015560776 -0.09928269684 0.9896395206 0.1008758023 -0.128339693 0.9756587744
-0.09348504245 -0.6423390508 -0.4464747906 -0.07154574245 -0.6328570247 -0.5125085115
0.2675845027 -0.08576449752 -0.3144858479 0.225245297 -0.1171083003 -0.35059461
-0.5324545503 0.02134686522 0.03422123194 -0.566722095 -0.04517623037 0.08818391711
0.772539258 -0.1993460953 -0.5178129077 0.7872992158 -0.2370380014 -0.5022444725
-0.4471257627 -0.3082643449 1.075101614 -0.4022766054 -0.2935869098 1.056220055
0.2963083088 0.1757149994 -0.121139966 0.2782106102 0.2136808932 -0.1859440953
-0.2043000609 -0.2175360322 0.3277916312 -0.1958691031 -0.2106537968 0.313190788
-0.2792834044 0.2280057371 -0.08987098932 -0.3076607883 0.2024746984 -0.1619596034
-0.6104424 -0.01251878403 -0.4126263559 -0.6456614137 0.03212022036 -0.4320363998
-0.4092391729 0.1854813695 0.2657428384 -0.3746457994 0.1912790984 0.2387403995
0.2055704594 -0.1239480302 -0.4323693514 0.2170324028 -0.1023842022 -0.4555577934
-0.0369838886 -0.03029449098 0.8386050463 -0.01649090089 -0.0196717605 0.7733995914
0.02667567134 -0.4143481255 -0.7756751776 0.03175811097 -0.42019099 -0.8016412258
0.1494245678 0.008197654039 0.7579692006 0.2020609975 0.01257561985 0.7485057712
0.03606983647 0.1831656992 0.2275460809 0.03884458914 0.2151374966 0.2845739126
0.02539129555 0.05667158589 -0.6282606125 0.00754484022 0.05974182859 -0.6416288018
0.02253554016 0.237745285 0.4123555422 0.07259566337 0.2186273038 0.3754869103
0.09394896775 -0.06474906951 -0.06038589403 0.185484007 -0.08216305077 -0.03673709929
-0.157806173 -0.09190955013 0.05200761184 -0.1580525041 -0.06040747091 0.05976507068
-0.1071636826 -0.05339992791 -0.2485428452 -0.04764005914 -0.06930477917 -0.2122388929
-0.07627748698 -0.03232843801 -0.02879261039 -0.02767115086 -0.03641135991 -0.02721085958
-0.2155776322 -0.01014274545 -0.02297341824 -0.2035581023 -0.00812259037 -0.02560137957
-0.3245558739 0.04033382609 -0.08299353719 -0.3659375012 0.04224216938 -0.08846888691
-0.1687476337 0.8702521324 0.5335541368 -0.1960954964 0.903458178 0.5265808105
-0.230164066 -0.1566991508 0.4675964117 -0.1596456021 -0.1542342007 0.4521036148
-0.01151917223 -0.2779214978 -0.1025065258 0.01347197965 -0.2601575851 -0.1107624993
0.4036048353 -0.257137537 0.2639126182 0.3699291945 -0.2242671996 0.2743192911
0.1425302774 0.1025865227 0.3890360892 0.111169301 0.102222003 0.3765774071
0.1380555034 -0.05552460253 0.01525814179 0.1404567063 -0.04367563128 0.04949485883
0.09316562116 -0.1916622221 -0.0674405545 0.1298640966 -0.2005677968 -0.09490285814
-0.2201818377 -0.1318059415 0.3028212786 -0.254152 -0.1246306002 0.3240570128
0.4208075106 0.4520615041 0.07466559112 0.4430555105 0.4917509854 0.08908744156
-0.491340965 0.09017838538 0.1454848051 -0.488832593 0.1215180978 0.1159187034
0.6102178097 -0.1972018331 0.1063263491 0.6254943013 -0.1776663065 0.08506508172
0.01588646136 -0.1490573287 0.2171774507 0.02071800083 -0.1116617024 0.1837542951
-0.1989133954 0.1057336777 0.2806878388 -0.1868548989 0.09160351008 0.2950811982
-0.166000545 0.2053547353 -0.1726448536 -0.1555296034 0.2245251983 -0.1417855024
-0.7821120024 0.3132973611 0.105045855 -0.8238090873 0.32407251 0.1251160949
0.4021568 -0.3151892722 0.1877318025 0.4177728891 -0.3227269948 0.1190276965
0.2389912307 -0.6008070707 0.4436846375 0.2280617952 -0.5908874869 0.4931423962
-0.002955541015 -0.428676039 -0.004221808631 0.02925660089 -0.4442565143 0.01109778974
0.06289327145 0.1005302444 -0.1510423571 0.1145209968 0.1005420014 -0.1673665047
-0.00426903367 -0.2532942891 0.1608120352 -0.008094569668 -0.2677299976 0.196963802
-0.006816998124 -0.346837461 -0.001178864739 -0.0071483301 -0.3286161125 -0.02328488976
0.3406304717 -0.2110060751 -0.08876919746 0.3388616145 -0.1457595974 -0.1160077006
-0.01243584231 0.1000339761 -0.2426709384 -0.02040052973 0.09936074167 -0.3013896942
-0.322173357 0.4916051626 -0.642413497 -0.3269948065 0.5093474984 -0.6571642756
-0.4363555312 0.2595670819 -0.3127861321 -0.4623532891 0.3058747053 -0.311876595
-0.4064416587 -0.09883857518 -0.07125731558 -0.3669300079 -0.07246883214 -0.07334601134
0.01336768083 0.2435223609 -0.1773913056 0.03995236009 0.2298627943 -0.2013009936
-0.4750908017 -0.1037947163 0.2204093784 -0.5081545711 -0.06303866953 0.188399598
0.0339082405 -0.1792957336 0.4787311554 0.02172278054 -0.1460236013 0.4525592923
-0.01466448233 0.02830554359 0.4510743022 -0.06504887342 0.05748099089 0.3980408907
0.4700508118 -0.1111601666 0.1894576848 0.5121591091 -0.123562701 0.1591553986
-0.8427771926 0.4778092504 -0.1156988144 -0.8286777139 0.517324388 -0.153590098
0.1459872127 -0.04219759256 0.6645336151 0.126362294 -0.01668583974 0.6655306816
0.1487825811 -0.4782273471 -0.2708727419 0.1671847999 -0.4763348997 -0.3505172133
-0.09634150565 0.2281331718 0.3708815575 -0.1303557009 0.2352993041 0.3624258935
0.1107224673 -0.1305160373 -0.3650020957 0.1361483932 -0.05328670144 -0.3771054149
0.199710086 -0.1066713184 -0.1656654179 0.173072502 -0.08811306208 -0.1688677073
0.1647426337 0.1631591767 -0.760545373 0.1809476018 0.1533899009 -0.7604839802
-0.03671067581 -0.03665320575 -0.1234625131 -0.02757330053 -0.04134029895 -0.1380082965
-0.2446505874 -0.4209297597 0.2483180314 -0.2994413972 -0.4120917916 0.2391757965
-0.3891891837 0.377851665 -0.07482977957 -0.3914467096 0.4591149092 -0.1033565998
0.1509803832 0.3875747323 0.1091193557 0.1659235954 0.3496476114 0.07281039655
0.3090178668 -0.003013120964 -0.1971930116 0.283198297 0.0387022607 -0.2421623021
0.1397186071 0.5120896101 -0.1414677352 0.1045306996 0.5427361727 -0.1816346049
0.06649982929 0.1808803082 -0.2337383926 0.0701456666 0.1609043926 -0.2353264987
0.1485379636 0.03713542596 -0.04911585525 0.1437917054 0.04952815175 -0.05367802829
-0.1635429412 -0.01396267768 -0.261240989 -0.1828681976 -0.02780319937 -0.3205358088
0.1060970202 -0.2679970264 -0.005776253995 0.1359968036 -0.2699623108 -0.03410144895
0.2634562254 0.240075022 0.5930083394 0.2744137943 0.2591505945 0.5680993795
-0.3010931015 0.06948863715 0.1851214916 -0.2317505926 0.05883038044 0.1861066967
0.3698300123 -0.1241674796 -0.5989119411 0.3531019986 -0.1482142955 -0.6094716191
-0.3594453633 0.08169975132 -0.4636702836 -0.3295148909 0.09988568723 -0.4513120055
0.09886931628 0.1245752126 -0.2705453932 0.1473138034 0.127927497 -0.2852743864
0.09903298318 0.05880075693 0.4975743294 0.1315304041 0.09837400913 0.4656567872
0.3236040175 0.3148774505 0.5485096574 0.3427704871 0.3192636967 0.5145990849
0.291844815 -0.2511066198 -0.6074573398 0.3031161129 -0.2249898016 -0.5967819095
0.02510594949 -0.3515887558 0.1898415834 0.06635250151 -0.3742119074 0.2065999061
0.3550077677 -0.5945704579 -0.0413191244 0.388738513 -0.61574018 -0.04379558936
0.2335241139 0.01965846121 0.211864531 0.2790665925 0.005490509793 0.1848827004
-0.07197026163 0.197744146 0.3389482498 -0.04573300853 0.2142509073 0.3051064909
-0.008339212276 0.5411132574 0.01614286378 0.01812341064 0.5816506147 0.0005580500001
0.2234244347 0.003522138111 0.5720672011 0.2579815984 0.005845840089 0.5034822822
0.1608205885 0.001375747146 0.1494716108 0.1882815063 -0.0124147702 0.1108174026
-0.06229441613 -0.4010950923 0.4853484929 -0.06182789057 -0.3891015947 0.4719493091
0.1845691055 -0.3649546504 -0.3640009165 0.2044399977 -0.3527747989 -0.3813107908
-0.08543310314 0.128560245 -0.5872101188 -0.08380352706 0.1096391007 -0.6267114878
-0.5325791836 0.2559441328 -0.2308249176 -0.4978547096 0.2565540969 -0.2757442892
0.1116823331 -0.1693100631 0.04617052525 0.1356400996 -0.169491604 -0.006977569778
0.1689804941 0.3736831546 0.2568180561 0.210471794 0.386123091 0.2514941096
0.1098916158 -0.293926239 0.09116370231 0.1235274971 -0.2711955011 0.07404994965
0.1634665877 -0.7120811939 0.4880359769 0.1956554055 -0.6666548252 0.4790548086
0.2279941142 0.02182366326 -0.04177978635 0.2476201057 0.02316123992 -0.09127032012
0.1477682889 -1.102635622 -0.4421033263 0.1465210021 -1.117920995 -0.4524058104
-0.04963067174 -0.1402981132 -0.08008390665 -0.01543083973 -0.1168223992 -0.08570093662
0.09757325053 0.1065813899 0.3313232064 0.1492073983 0.103306599 0.3019219935
0.477996707 -0.3984270096 0.2657649219 0.4290510118 -0.4174998999 0.2480076998
0.7655128837 -0.5374878049 0.09736637771 0.7559584975 -0.5220314264 0.06901925802
0.406694144 0.4718212187 0.1082968712 0.3903430998 0.504365027 0.07714877278
0.2979284525 0.2352711856 -0.138720274 0.3086388111 0.2665218115 -0.1590808928
-0.7121042013 0.1500044465 -0.04273956642 -0.7372902036 0.1745862067 -0.03654269874
-0.1602766216 -0.3005007803 0.07797166705 -0.1216960996 -0.2615020871 0.08284299821
-0.2749749124 -0.173195973 -0.4599132836 -0.2531447113 -0.1622581035 -0.4545185864
0.2616542876 0.0009436155669 -0.07775880396 0.2289626002 0.01299392991 -0.09962329268
-0.4937860966 0.09014453739 -0.2445882261 -0.4661836922 0.01587443054 -0.2578788102
0.1619256735 0.2618189752 -0.132899031 0.1619527936 0.2654109895 -0.1291604042
0.4813711643 0.008737837896 -0.1944824457 0.4982595146 0.05270820111 -0.1781772971
0.2962170243 0.1628298163 -0.08566951007 0.2832722068 0.1559166014 -0.09775672108
0.2462434322 0.1239638999 -0.2563447058 0.2702105045 0.105592601 -0.2518683076
-0.2270216048 -0.06030845642 -0.291987896 -0.2283672988 -0.03167751059 -0.3310180008
-0.1001009271 -0.2546041608 -0.02682875656 -0.1238095015 -0.2183851004 -0.05198267847
-0.1022003442 0.4620424509 -0.116881974 -0.0829635635 0.4127950072 -0.1235034987
-0.1937666237 -0.18725425 0.1784587353 -0.2411565036 -0.1936352998 0.1338142008
-0.004619217478 0.1899829358 -0.1007708237 0.0242926497 0.1868685037 -0.1283220947
-0.4304504693 0.04598776251 0.3791927695 -0.4115056992 0.06011958048 0.3500173986
-0.1055955663 0.1155705601 -0.2519616783 -0.08372557163 0.1099307016 -0.2713065147
0.2970879972 -0.1953849792 0.1713091582 0.28767851 -0.1773865074 0.1172131002
-0.4995845258 0.03097176738 -0.01822609454 -0.4901655018 0.02384253033 0.002652270021
0.1222795844 -0.4557661414 0.02170398086 0.127323404 -0.4715659916 -0.007648949977
-0.2453186512 0.3922719061 0.1042484194 -0.2207742929 0.4188444018 0.09524343163
-0.4228838682 0.1543116868 0.02306876145 -0.467818886 0.1802801043 0.02269406058
-0.082561858 0.1590126455 0.03422496095 -0.09265972674 0.1949739009 0.02786419913
-0.09351607412 0.005743464921 -0.1276030391 -0.07492239028 -0.008610510267 -0.1209807023
-0.02955234796 0.04128207266 0.1846285909 -0.0007358699804 -0.01514238957 0.1920312047
0.3335607052 -0.1698933542 0.4628053904 0.295058012 -0.1230408028 0.4462141097
-0.0963185057 -0.03116432205 0.13508977 -0.1193943992 -0.09149152786 0.1117113978
-0.6193083525 0.09473174065 0.6040532589 -0.6065400243 0.1250952035 0.5544694066
0.1640459746 -0.04170058668 0.3292142749 0.1295315027 -0.06784643233 0.3104115129
-0.1589008719 0.07497254759 -0.1389826238 -0.1773951948 0.07823237777 -0.1290491968
0.5229222178 -0.5418764949 0.06667839736 0.5039737225 -0.596344471 0.05745021999
-0.03060849383 -0.1334611923 0.4499256015 -0.08778370917 -0.07026988268 0.4593456089
-0.1403872967 -0.06043997779 0.07823703438 -0.1413051933 -0.05990418047 0.05877805129
-0.2602429688 -0.08907435834 -0.07331869751 -0.2594535947 -0.09371553361 -0.1278775036
-0.04512425512 -0.02994918078 -0.2546238005 -0.01147917006 -0.05547804013 -0.2906002104
-0.2239786983 0.0331694968 -0.2700226903 -0.2443812042 0.05751556903 -0.2462465018
-0.4183812737 0.3611851335 0.06735874712 -0.4220041037 0.3713161051 0.04916438833
0.01951242611 -0.1133110672 0.132244423 0.03224242106 -0.136926204 0.08534365147
-0.2276841253 0.04264785349 0.1097368672 -0.2131484002 0.0482125096 0.05244868994
-0.03141012043 0.002544624265 0.4167513549 -0.05672343075 0.03119082935 0.4050098956
-0.01888760738 -0.03493481874 -0.2314293534 0.01729447022 0.01319206972 -0.2405041009
-0.005729779601 0.3026427031 -0.03787814081 -0.0350077413 0.2954817116 -0.04000267014
-0.09694830328 0.2644834518 -0.2532780766 -0.110086903 0.268411994 -0.2462083995
0.641469717 0.02795022354 -0.0853754431 0.6547452807 0.01836981066 -0.07453233004
0.04971459508 -0.1368339658 -0.06700979918 0.0767217502 -0.1509495974 -0.07906351984
0.5194032192 0.666072309 0.2531725168 0.4879711866 0.639015615 0.2955679893
-0.2364242524 0.1494082361 -0.2526876926 -0.2231848985 0.187718302 -0.2632218003
0.09714870155 0.3244949877 -0.340593338 0.09649226069 0.2985880077 -0.3536077142
-0.2337158322 0.3726656735 0.03140969574 -0.2392323017 0.3451997936 0.01723011024
-0.0130906757 0.4766777754 0.1681250483 -0.0292855408 0.4965114892 0.1224284023
-0.0009812961798 0.02673518285 0.07102376223 -0.02685678937 0.04264103994 0.06439214945
0.1551944464 -0.05359283835 0.1933758706 0.2176145017 -0.06144991145 0.2065335065
-0.06616067141 -0.7434759736 -0.1868886203 -0.01728714071 -0.7420607209 -0.1854853034
-0.9197907448 0.4813201725 0.2462493628 -0.8931177855 0.4434573054 0.2432869971
0.1414043754 -0.03360405564 -0.1075472981 0.1075218022 -0.01091958955 -0.1154733971
0.08767004311 0.2938299179 -0.1249674857 0.09940864146 0.3064611852 -0.1561726034
-0.3209173679 0.4361376464 -0.3671362102 -0.3487260044 0.4985333979 -0.4014213085
0.5835049748 0.1531561166 -0.3002263904 0.5911201239 0.07762207091 -0.3285970986
-0.2298869789 -0.0555200614 0.2829428911 -0.2426860929 -0.01828105003 0.3229830861
0.3771749735 0.1316836476 0.09353235364 0.3870641887 0.1358526051 0.1487988979
-0.004905045033 0.04440040514 -0.2656902373 0.02659823932 0.04278593138 -0.2859326005
-0.09065122157 -0.0144604817 -0.3165751696 -0.1181029975 -0.05818561837 -0.3100608885
0.06400276721 -0.21346578 0.2490332723 0.08803980052 -0.2274366021 0.2830792069
0.05228599906 -0.09723111242 -0.06255349517 0.04491019994 -0.1170952991 -0.07649388909
-0.5857429504 0.2824753225 -0.04111275449 -0.5897554159 0.301207304 -0.03801120818
-0.4875696599 -0.1020339578 -0.3294562995 -0.4862881005 -0.1133678034 -0.3377622068
0.119436942 0.1011615768 -0.09845650196 0.08118273318 0.04696924984 -0.08493109047
0.1800918579 0.1776306182 -0.5354863405 0.1658660024 0.1894561052 -0.5313538909
0.3696720302 -0.4628313184 -0.1259006858 0.3534522951 -0.4490456879 -0.1500075012
0.1379239112 -0.03903087974 -0.2308718711 0.1260163039 -0.03976877034 -0.2306409031
-0.2984655499 -0.5443868637 0.003624229692 -0.2965584099 -0.5507053137 0.02966983058
0.02464110032 -0.2921295762 -0.2577156723 0.04691804945 -0.2812314928 -0.2550280094
0.105825752 0.06949245185 -0.1845741868 0.1300002038 0.05108001828 -0.1591202021
-0.1920900047 0.2805540264 -0.1282137483 -0.2562122941 0.2635264993 -0.1179455966
0.2684883475 -0.1806552857 -0.3061200082 0.2453698963 -0.1750611067 -0.2777396142
0.1645794213 -0.1018631384 0.1723842621 0.1654096991 -0.1075564995 0.1980202943
-0.03899484873 0.09271673113 0.288171947 0.00029791001 0.04930201918 0.3001255989
0.212108016 -0.07995985448 -0.1175421551 0.2640028894 -0.1118083 -0.1022278965
0.0232803598 0.3018551171 -0.09142553061 -0.02574180067 0.3035543859 -0.07605218142
0.2123802602 -0.02900106087 0.424122721 0.1944624037 -0.05047526956 0.4377822876
-0.007877841592 -0.1180055141 -0.1327548623 -0.002464419929 -0.1728267968 -0.09766569734
-0.3249400556 -0.06420033425 -0.2105212063 -0.2705368996 -0.09607113898 -0.1524246931
-0.09642710537 0.1790055484 -0.3059844077 -0.103926003 0.1513213068 -0.2693113983
0.07213070244 -0.3910934925 -0.3016955853 0.04915665835 -0.4060192108 -0.2208580971
-0.2533582449 0.2513026297 0.001328861807 -0.2154265046 0.2519172132 0.01778952032
-0.1815690547 -0.1339484006 -0.0008934978396 -0.2220540047 -0.1485801935 -0.02607705072
0.3945309222 0.1201219261 -0.06497174501 0.3970532119 0.09317918867 -0.05417539179
0.3111946881 0.1102065369 0.1830776334 0.3355641067 0.09011343122 0.2371677011
0.08929392695 -0.06202010065 -0.8880015612 0.0944686383 -0.04904659837 -0.8592854738
-0.1542280912 0.4175733626 0.02787257172 -0.1680243015 0.3738991916 0.03750566021
-0.1968448907 -0.240100354 0.554908514 -0.1456308067 -0.2375508994 0.5832058191
0.6504449844 -0.1288119555 0.0001118183136 0.6801685095 -0.1410648972 -0.008729070425
-0.4213549197 -0.03715321049 -0.001379975118 -0.4182110131 -0.04255038127 0.03522076085
-0.103599757 0.07538336515 0.1804085672 -0.1253066063 0.0596151799 0.1931899041
0.2436960191 -0.1567153335 0.1543367207 0.2341170013 -0.1627119929 0.2162736952
-0.411288619 -0.3634863198 0.264777422 -0.4278424084 -0.3654027879 0.3015249074
-0.2058522254 -0.07504414022 0.3752821386 -0.2164814025 -0.1140009016 0.3980022967
-0.07099644095 -0.2395491749 0.03370133042 -0.07096298784 -0.2446945012 0.06403227895
-0.2162060142 -0.07804343104 0.4112245739 -0.2202823013 -0.0415491201 0.4536836147
0.1210486069 -0.1902399659 -0.04331567138 0.1073848978 -0.1569083929 0.006658759899
0.01487568207 -0.1764988452 -0.4078791738 -0.02828668058 -0.2239878029 -0.3892798126
-0.3577705622 0.2560681701 -0.253775686 -0.3617588878 0.2175796032 -0.197192803
-0.0413710922 -0.08489749581 0.1205852926 -0.1030768976 -0.08653961122 0.1608484983
-0.1753633767 -0.06266216189 0.553593874 -0.2280569971 -0.1214452013 0.5684583783
0.3097182512 -0.1308859587 0.09936189651 0.2933563888 -0.1518077999 0.1354901046
-0.4192378521 0.02756605297 0.07938722521 -0.4178735018 -0.02554471977 0.1041646004
0.2110315263 -0.06759780645 -0.4271139503 0.2029713988 -0.09386780113 -0.3894414902
-0.04958361387 -0.1970381737 0.09160791337 -0.06481798738 -0.193125993 0.1160496995
0.9664033055 0.02279713564 -0.2314542532 0.9947909713 -0.01909874938 -0.2595238984
-0.4837568104 -0.02238886245 -0.2174564749 -0.5208622217 -0.02013611048 -0.1862874031
-0.2007805705 0.2633680105 -0.02038941346 -0.2677629888 0.2911609113 0.003743950045
0.1853744984 0.2104233652 -0.1820629686 0.1944254041 0.1708336025 -0.1725908071
0.1412543058 -0.3182080388 0.2233296633 0.1124209985 -0.3651722074 0.2266162038
-0.1214859784 0.1223324686 0.4529840946 -0.1495579928 0.1307301074 0.4813573956
0.1000296324 -0.2067664862 0.2198664993 0.1106086001 -0.1861625016 0.2720521092
0.2142010033 -0.08949707448 -0.06592671573 0.1821441054 -0.1087564975 -0.001970730023
-0.326097846 0.2416873276 0.1151577756 -0.2898266017 0.2274715006 0.1352156997
0.1138429269 0.2984685004 -0.1405080855 0.1071576029 0.3198652864 -0.08096337318
0.440656513 0.02078162134 0.06519417465 0.4518325925 0.06117286161 0.1182752028
-0.1549480855 -0.05658217147 -0.4549430907 -0.1983965933 -0.07373049855 -0.4406960011
-0.05089488253 0.00507235527 -0.38384673 -0.05474090949 -0.002942590043 -0.3528051972
0.1110944226 0.01526536793 -0.2306564152 0.06363493204 0.04307046905 -0.2413433939
-0.4686067104 -0.08370979875 0.1674513221 -0.477443099 -0.0847980082 0.1850418001
-0.4958626628 0.1669189334 0.1089427844 -0.5236756802 0.1775283068 0.09394066036
-0.07685504854 0.08101011813 0.2571444511 -0.1119923964 0.08918590099 0.2776679993
-0.0392132923 -0.1161410138 -0.5254849792 -0.01060799044 -0.1142057031 -0.513800323
-0.04725371301 -0.1339245439 -0.2350757122 -0.08821558952 -0.121291697 -0.2370975018
-0.115369156 0.03320156783 -0.02596947551 -0.08041787148 0.02134249918 -0.04495624825
0.07844926417 -0.07550002635 0.1557121873 0.02805954963 -0.1206917986 0.1188829988
-0.247588098 0.07209919393 0.1479931474 -0.2865154147 0.07123733312 0.1811424047
0.3777354956 0.4216555059 0.2914307714 0.3765803874 0.4031789005 0.3563340008
0.04634152725 -0.1915104091 -0.06065373123 0.01122162957 -0.1892856061 -0.05333214998
0.08709003776 -0.1148163527 0.1491709203 0.03139029071 -0.120480001 0.1297719032
-0.4135390222 -0.4976220131 -0.8944565654 -0.4370586872 -0.4851796925 -0.8877441287
0.2225257456 0.374286443 0.1857249439 0.1858036071 0.3936060965 0.1925624013
-0.2261889428 -0.3587771952 -0.2913345993 -0.2566562891 -0.3227241933 -0.2709724009
-0.02281833254 -0.3369036019 0.2652421594 -0.03885700926 -0.329085499 0.2981140912
0.2856038511 0.004342486151 0.1681732386 0.264821887 -0.03448934853 0.178798005
0.09240723401 0.03392262012 0.01955405623 0.04026300088 -0.01145062968 0.03426276892
-0.1892359704 -0.5480381846 -0.2183677554 -0.2008347064 -0.5261105895 -0.1688777059
0.2081006467 0.7031602263 -0.2484918684 0.1716016978 0.6917048097 -0.2293619961
-0.05140982568 0.04546293244 0.4214765131 -0.07711979747 0.0003583499929 0.4510988891
-0.172059387 -0.2707081735 -0.3392005861 -0.2167880982 -0.2752512097 -0.3253437877
0.1505800188 -0.1655695587 0.2689879835 0.1654464006 -0.1766211987 0.2683733106
-0.06657455117 0.06218267605 0.1122933552 -0.04148349911 0.06294088811 0.1714444011
0.3549990356 0.7223982215 -0.1539029926 0.3517904878 0.7090746164 -0.1305499971
0.1371557415 0.1838541478 -0.09132517874 0.1191318035 0.1820493042 -0.0736001581
-0.02241066098 0.06762866676 0.4131896198 0.03023372032 0.06211290881 0.4220820963
0.04002356529 0.2505377829 0.2098191828 0.0157929007 0.1884821951 0.2258545011
0.1074988171 0.1133330315 -0.2121888697 0.06392913312 0.1155792028 -0.2437704951
-0.174910441 0.001922266092 0.2663684487 -0.2036617994 -0.03868519887 0.3076922894
-0.06567384303 -0.576540947 -0.04822798446 -0.03281325102 -0.6260117292 -0.05434200168
0.2638667226 -0.07818456739 0.005622118711 0.3241865039 -0.1485867053 -0.00649027992
-0.05521086603 -0.2864760756 0.08818622679 -0.03446307033 -0.3095273972 0.07726781815
0.1699279398 0.02716271952 -0.07588526607 0.2449786961 0.04227383062 -0.0498598516
-0.1226655543 -0.1234488636 0.1192737371 -0.1319237947 -0.1435346007 0.08830393106
-0.08977325261 0.6940044761 -0.1362385005 -0.07389076054 0.77189821 -0.1597052068
0.00586871244 0.02947622724 -0.09506318718 0.01768428087 0.0249994304 -0.1354160011
0.4947365522 0.3221326768 -0.009894549847 0.4693908989 0.3530671 -0.000248389988
-0.03829755262 0.0347125642 -0.07448934764 -0.01440536045 0.01616789028 -0.05252686143
0.5735253096 0.09683524817 -0.006203986704 0.5619966984 0.09700846672 0.03009049967
0.09999414533 0.0225029923 -0.08577950299 0.1212479025 0.002907630056 -0.0705942288
-0.00635241624 -0.259028852 -0.01591000706 0.007606890053 -0.2431519926 -0.02808986977
-0.1308959574 0.2575623393 -0.1248236224 -0.1059191972 0.2570498884 -0.09138429165
-0.3711639643 0.3267829418 -0.1095843762 -0.3752096891 0.369623214 -0.06188040972
0.1904777139 -0.2116762698 -0.2781009078 0.1966118962 -0.1997487992 -0.224635601
-0.1721888781 -0.04938997328 0.5094206929 -0.1400295943 -0.08336021751 0.5160322189
0.2437245399 0.06235380471 0.04085862637 0.2140381038 0.04320567846 0.07483077049
-0.5358791351 -0.1505288184 0.5483356118 -0.6442772746 -0.08422525227 0.4381710887
0.3721500039 0.1036534086 -0.6294314861 0.3276501894 0.1002999991 -0.5973439217
0.1106060445 0.007683256641 -0.3196521699 0.1309328973 0.03073525056 -0.3786661923
0.3969066441 0.2017117888 0.7507974505 0.3232116997 0.2545978129 0.7405406237
-0.1308399737 0.3262412846 -0.1314109713 -0.1122151017 0.46252051 -0.1647607982
-1.296188235 -0.0944814235 0.0366596058 -1.315171003 -0.1520518959 0.01042222045
-0.5638691783 0.003686407581 -0.7746614218 -0.6264839172 -0.006366100162 -0.7739316225
0.7981603146 -0.03865855932 0.251376152 0.7823938131 0.008057580329 0.2323241979
0.01512338221 -0.2423722148 -0.3120746613 -0.04658231139 -0.2180231065 -0.2931672931
-0.6699306369 -0.6087514162 -1.060809255 -0.6997879148 -0.5651702285 -1.107655048
0.07259385288 -0.2702853382 0.2745934725 0.06765273958 -0.2343412042 0.257217586
0.5606634617 -0.06010314077 -0.03980648518 0.5239303112 -0.0006328300224 -0.04066488147
0.0007639229298 0.0320516713 0.9763143659 -0.01560803968 -0.008004670031 0.9228407145
0.1678037047 -0.09207623452 0.3758373559 0.1532641053 -0.1639087945 0.4071527123
-0.3113900721 0.1786645651 0.2586269081 -0.315744102 0.1862722039 0.258877188
-0.09491446614 0.4475078285 -0.6128710508 -0.1581556052 0.4873616099 -0.6014031768
0.05396374315 -0.1830981374 -0.4130758643 0.02533514984 -0.1817709953 -0.4591858089
-0.4814709425 0.5128507614 0.6437990665 -0.497656703 0.5134965777 0.7539598942
-0.3913473785 -0.223610431 -0.6160383821 -0.3981136084 -0.2169048041 -0.5848162174
-0.117802389 0.3279181719 -0.01582461782 -0.02382666059 0.3630354106 -0.02151688002
0.2390070856 0.7560238242 0.5358593464 0.1466113031 0.8284131885 0.5085517168
-0.3731488585 -0.6704890132 0.04377871007 -0.4368363023 -0.5371677876 0.03856103867
0.1078355685 0.0743779242 0.0777374655 0.1472910047 0.07863958925 0.08894427121
0.1928523183 0.235350579 -0.0752582252 0.2460207939 0.2565372884 -0.09543973953
0.05608143657 -0.4085350633 0.322709173 0.04517393932 -0.37154001 0.3087070882
0.193016246 -0.6359317899 0.06800545752 0.1606131941 -0.6613255143 0.08676648885
0.5891075134 -0.1624945998 -0.3859385848 0.5325139165 -0.1344871074 -0.447932601
0.2299300283 0.2697301805 0.1819199026 0.2278387994 0.3670358956 0.2385451049
0.4538774788 1.003407001 -0.1519406438 0.4880520105 1.058122039 -0.1618507057
-0.08412960172 0.1197542623 -0.5973246098 -0.08296100795 0.1629440039 -0.613743782
-1.269020915 -0.05895986408 -0.08058343083 -1.294231057 -0.04531314969 -0.08576449007
0.5469637513 0.756054461 -0.1013187021 0.5169708729 0.7999091148 -0.1467449963
0.3642682135 0.01088590268 -0.06300258636 0.3318193853 0.0568911396 -0.05781606957
0.5613958836 -0.2187986076 -0.3868010342 0.5679839849 -0.2863363922 -0.3501026034
0.9242430925 0.6350586414 -0.3517669439 0.9087579846 0.6519312859 -0.4088265002
-0.516920507 -0.1515342593 0.1244249567 -0.5587559938 -0.1440708041 0.0796180293
-0.1697711945 0.1772241592 -1.802776217 -0.1455866992 0.1424757987 -1.88241899
-0.3737451732 0.2471221834 -0.5574855804 -0.3969799876 0.243669495 -0.5090978742
-0.474809885 -0.910327673 0.06323649734 -0.525622189 -0.913765192 0.1116555035
0.2856892943 0.558149457 0.1430875361 0.2995828092 0.5198330283 0.2010141015
-0.3029747605 0.7837911844 0.1162129045 -0.4012688994 0.8271892071 0.0308093708
0.261269778 0.404522866 -0.4094299376 0.1868955046 0.4130299091 -0.4700055122
-0.07725568116 1.417828321 0.6652123928 -0.1205701008 1.389762044 0.7310938835
-0.6989791989 0.05358295888 -0.1317952424 -0.6209890246 0.02708828077 -0.05853037909
-0.1153678522 0.8152738214 -0.3896659017 -0.07572872937 0.7412474155 -0.4803062975
-0.2352007031 0.3409718275 -0.08813560009 -0.2629345953 0.2312918007 -0.04545693099
0.6213542819 0.06983158737 -0.3900106847 0.532450974 0.1105535999 -0.4860185087
0.1913865209 0.6888993979 -0.3746530116 0.1779821068 0.7245618105 -0.3031313121
0.2265622914 -0.1784535646 0.1714607477 0.264349103 -0.08001945168 0.09720469266
0.7364054322 -0.2260058373 0.07645386457 0.6972851753 -0.1945974976 0.05390973017
-0.9790400267 0.06411010772 0.3242478371 -0.9737095833 0.1059205011 0.2479873002
0.68429178 -0.3521247804 0.157062009 0.6582068205 -0.3277888894 0.08620695025
-0.7054620981 0.5957881808 -0.6720981002 -0.6797475219 0.6321011782 -0.6819272041
0.08983850479 -0.5750959516 0.2571813464 0.1130397022 -0.615598321 0.248447299
1.555304527 0.2195364684 -0.009428148158 1.537855029 0.2049839944 0.04795311019
-0.1336352825 0.5819223523 -0.07488767803 -0.1748193949 0.5990061164 -0.1552634984
-0.4285848737 -0.3269996643 -0.1379154772 -0.4417290092 -0.3696598113 -0.1777399927
-0.9265679121 -0.3906871676 0.2447538674 -0.7909713984 -0.3874165118 0.3203546107
-0.4087454379 -0.8069671392 -0.1880199909 -0.4321748018 -0.811403513 -0.1163180992
0.2363323569 -1.087288022 -0.5504823923 0.224090293 -1.134016991 -0.5456110835
-0.05120497197 1.095615983 0.279219836 -0.03815415129 1.09879005 0.2144809067
-0.3542961478 -0.03623734787 -0.2768669724 -0.3838556111 -0.08547178656 -0.3389931023
0.3046333194 -0.5575659275 0.3212811351 0.2392445058 -0.6078026891 0.368629992
1.121773243 -0.1783982813 0.7078032494 1.154064059 -0.2386682928 0.7145764828
0.6916784048 -0.2183418125 0.2364447117 0.6884149909 -0.2958686948 0.2593519986
0.3032602668 -0.3446276486 -0.01830760203 0.2300596982 -0.3532237113 -0.04063399136
0.1667274237 -0.7048934102 -0.3347045183 0.190595001 -0.7043973804 -0.3999536037
-0.08603180945 0.01391284913 1.062193394 -0.01826477982 0.02775426023 1.094113946
-0.5064010024 0.01276606508 0.05253194645 -0.4511496127 -0.0278187301 0.03170188889
0.1522864401 -0.7132653594 -0.04104779661 0.1605215967 -0.7076892853 -0.06669721007
-0.5775295496 -0.1471846849 0.06183376163 -0.5884438157 -0.2003902942 -0.01224416029
-0.0147270374 -0.3632851243 -0.1462467015 0.00240220991 -0.3852202892 -0.1308643967
0.5863391757 -0.2020815015 0.7675803304 0.6066715717 -0.1087038964 0.7640349865
0.5839903355 0.3561674953 0.04886864126 0.6072493196 0.3188343048 0.06526643783
0.6287424564 1.111427903 -0.2284482718 0.6570771933 0.987880826 -0.2774482071
-0.452234149 0.9940872192 0.1094204932 -0.5106697083 1.018378019 0.124178201
0.06524628401 -0.7719092965 -0.1730887145 0.07784426212 -0.8095937967 -0.2471137047
0.02372245304 -0.2032613009 -0.04485857487 -0.07844909281 -0.1937738061 -0.02603550069
0.419737041 -0.07776923478 0.4154022932 0.4379566014 -0.09998437762 0.4220863879
0.3613866866 0.5382319689 0.2206829488 0.3429127038 0.5686535239 0.1958122998
-0.3122507036 -0.1826586723 0.1643812358 -0.3325622082 -0.2452849001 0.09980619699
-0.2198956311 -0.3246735334 0.1422101706 -0.2425763011 -0.3677268922 0.1013417989
0.1264276952 0.6279456615 -0.07786536962 -0.004431770183 0.5651744008 -0.1225017011
-0.05663244054 -0.07164986432 -0.9830887318 -0.1490125954 -0.06756384671 -1.066488981
0.4114079773 -0.08297678828 0.9813278317 0.3980016112 -0.05748394877 0.9940543175
0.5336473584 -0.2512457967 -0.3232261539 0.5285847783 -0.2991068065 -0.3027800918
0.9051517844 -0.05270786956 0.2491903901 0.8311753273 -0.1149130985 0.2132322937
-0.03841423988 -1.386869907 -0.02998259291 -0.0707551837 -1.440592051 -0.03700349852
-0.3169717789 1.855816364 -0.2599061131 -0.2979122996 1.786002994 -0.2735230923
0.5036862493 -0.3567353785 0.5121765137 0.5543416142 -0.3580448031 0.5634127855
0.5390070677 -0.4489635825 0.2763831913 0.4791130126 -0.5048177838 0.2963806987
0.1519466192 0.2983664274 -0.6312135458 0.1486490965 0.368049413 -0.6137545109
-0.748587966 -0.1168613806 0.1478987038 -0.7624980211 -0.01893994957 0.133930698
-0.1435005516 -0.3470109999 -0.1021582186 -0.1375879943 -0.4084442854 -0.09448941797
-0.1961492002 -0.1094746441 -0.3113452792 -0.1937097013 -0.1484723985 -0.3213652074
-0.7510033846 0.1973564774 -0.03349954635 -0.8064123988 0.241673395 -0.07615912706
0.5439909101 0.1153508201 0.106884785 0.4579535127 0.1719049066 0.1226866022
-0.2425899804 0.06322401762 -0.2085063159 -0.218988806 0.1480502039 -0.2036599964
0.9241361022 -0.4630913436 0.1322661191 0.9226266742 -0.4801211953 0.1372227073
-0.1500068307 -0.2874667048 -0.02355851233 -0.2210173011 -0.3125151992 -0.01537191961
-0.1035258621 0.01472556032 -0.1849475354 -0.1181365028 0.02752403915 -0.2409354001
-0.1174721867 0.3775599599 0.2097155452 -0.125069499 0.4044331908 0.2210433036
0.08759541065 -0.1255901456 -0.2099380642 0.02031164058 -0.1279730052 -0.2040477991
-0.4457304478 0.05813229829 -0.133762002 -0.517136693 0.02584093995 -0.1819746047
0.5533048511 0.01515032537 -0.3805278242 0.6008875966 0.1165523976 -0.3612178862
0.4274140596 -0.510518074 0.07152016461 0.3796320856 -0.505315125 0.01120875031
-0.5608862638 0.1254242063 -0.6993998885 -0.5706806183 0.0690054819 -0.6959857941
-0.05393745378 -0.5779637098 1.012841105 -0.1975100935 -0.669954896 1.049093008
-0.1134073436 0.3571201265 0.2116773278 -0.1413791031 0.3525356054 0.1733126938
-0.2197894305 -0.08389419317 -0.1418765783 -0.2600702047 -0.08527359366 -0.1416413933
0.1317174286 0.3093177676 0.3142212629 0.115426898 0.2564213872 0.2649270892
-0.3627146482 0.1010108218 0.1553251445 -0.4480536878 0.1048095971 0.221607402
-0.1665829569 0.2403835803 0.4578660131 -0.1647063941 0.3137697875 0.4981170893
0.4158774018 -0.4439045489 0.703060627 0.3806296885 -0.4709501863 0.6798887253
0.1634253412 0.08954952657 -0.3620455265 0.1707306951 0.1097244993 -0.3559415936
0.2841024697 0.02577596158 -0.6464635134 0.2045745999 0.0376050584 -0.5905283093
0.4017944932 -0.007682673633 0.0539435856 0.3913015127 0.07773202658 0.07889989763
0.4700442255 0.07101799548 -0.2543201745 0.4517760873 0.1113097966 -0.3048597872
-0.6400191784 -0.6262410283 0.05845555663 -0.6736944914 -0.6733878851 0.04287873954
-0.409365356 -0.2011151016 0.4239846766 -0.4085904956 -0.1440971047 0.4580821991
-0.0315540731 0.3490066826 0.3218917847 -0.05530497059 0.3564463854 0.3535520136
-0.9969087839 -0.1508696824 0.2926389277 -1.084563971 -0.1521297991 0.3268148005
-0.07706287503 0.207558006 0.09697174281 -0.06560782343 0.2047695071 0.1293475926
0.06706675887 0.3713910282 -0.1094777286 0.01571539976 0.3246388137 -0.1026351005
-0.3525222838 -0.242830351 0.5882365108 -0.3943148851 -0.2201769948 0.566380322
0.1320046186 -1.475738645 0.1972202957 0.1421395987 -1.484560966 0.2375427037
0.569933176 -0.1892307252 -0.1188755929 0.6549354196 -0.2312195003 -0.09379725903
0.9810681939 -0.01781052537 0.1086009219 1.019287944 -0.04065779969 0.08752907813
0.1592160761 -0.1670107245 0.0598141402 0.1802597046 -0.1481866986 0.1669545025
-0.1057296321 -0.1727184653 -0.1291297227 -0.07707095891 -0.1706123948 -0.08044411242
0.1511761397 -0.2045845091 0.1189237386 0.07379414141 -0.2556059062 0.09731058776
-0.06179250777 0.5633445382 -0.3435546756 0.001100930036 0.5883569717 -0.3134329915
-0.2400455028 0.05512755364 -0.2970046699 -0.2396163046 0.06623741984 -0.3280805051
-0.7205796242 0.3144282103 0.190057531 -0.6987367868 0.2795161903 0.2450861037
0.2341751903 0.001015022397 -0.001432679594 0.2483640015 -0.09461192787 -0.0002379399957
0.09527522326 -0.2281502187 0.7206905484 0.1268557012 -0.2226825953 0.7682948709
0.5346339345 0.007178640924 0.1179061383 0.5493434072 0.005423029885 0.1450269967
-0.03981063515 -0.07108899951 0.485707581 -0.01138773002 -0.08483459055 0.4727073908
0.174241215 -0.06258568168 -0.7927280664 0.1739419997 -0.06942682713 -0.8009700775
0.4186306298 0.7591755986 0.4927772284 0.3886631131 0.7008051276 0.4816778898
-0.1537490636 0.2021503448 -0.3436812758 -0.2227142006 0.1604758054 -0.3517715037
-0.3623039424 -0.122032553 0.03135923296 -0.3167800009 -0.2053422034 0.01225763001
-0.4378269911 0.1398372203 0.3276585937 -0.4206092954 0.1297312975 0.3468864858
0.2894005775 0.2135416865 0.06287612766 0.3801225126 0.282928288 0.03810891137
0.03732533753 0.7770555615 -0.09248123318 0.04436009005 0.7391644716 -0.1592869014
0.2483247221 -0.03450112417 -0.458353281 0.3069030046 -0.00813280046 -0.4817900062
-0.6697016358 0.0742572993 0.421380043 -0.6334012151 0.09047552198 0.3695803881
0.04664469138 -0.1393806338 -0.1555309892 0.1005391032 -0.09545820206 -0.1744837016
0.1418944448 0.03939889744 -0.1149801686 0.2040513009 -0.02069788985 -0.146972999
-0.05129953474 0.313352704 -0.2210384309 -0.07619278133 0.3144643903 -0.2907398939
0.3060921729 -0.3159338832 -0.7471443415 0.3568490148 -0.3251022995 -0.7008020282
0.6121202111 0.1493766308 0.8513221741 0.6287286878 0.1449929029 0.8338503838
-0.3816203773 -0.4616492391 0.1402756274 -0.3556034863 -0.4886853993 0.2387242019
0.1909556985 -0.2020432651 0.5688535571 0.1628271043 -0.2941217124 0.4618870914
-0.5369251966 -0.002422899008 -0.6417492628 -0.5181828141 -0.01885266043 -0.6011551023
0.3456289172 0.1167411506 0.6336544752 0.4047631919 0.1047099978 0.7041953206
-0.3915595412 -0.01284925546 -0.3818890154 -0.3439573944 -0.02804150991 -0.3474166989
-0.4055492282 -0.3262478709 -0.0735945031 -0.3787063956 -0.3581084013 -0.01569861919
-0.3512964249 -0.7713436484 -0.3646156192 -0.3272010088 -0.7805290222 -0.3517802954
-0.4662260413 -0.07364461571 0.1683265567 -0.4398038983 -0.1239965037 0.2229308933
0.795955956 -0.2666863203 -0.01662508026 0.783988595 -0.2837632 -0.02798941918
0.4153781235 0.03817755729 0.1035723761 0.4985967875 -0.004731989931 0.08099482954
-0.1921558976 -0.3018476367 -1.1703614 -0.2078828067 -0.2737379074 -1.115455031
0.2978238165 0.1209655181 -0.1914144456 0.3027431071 0.1271499991 -0.165901199
0.04278365523 0.1809756011 0.8431959152 0.07971671224 0.175445199 0.8021858931
0.564817369 -0.2738435566 0.3897327185 0.5189046264 -0.2712723017 0.4011124074
0.02703670412 0.1031906381 0.4242286682 0.0815526396 0.04867995903 0.4772207141
-0.08641477674 -0.01124436222 1.440998316 -0.06333404779 -0.02515150979 1.452487946
-0.245410338 -0.3985906541 0.2798959613 -0.2051803023 -0.4238671958 0.2471067011
-0.1608364433 -0.7643314004 0.4760455787 -0.2002380937 -0.788849771 0.4749242067
0.1176416278 -0.3479820192 -0.4550181031 0.1783782989 -0.3755824864 -0.3780759871
-0.2397673875 0.4716075063 0.06874029338 -0.1877990067 0.4558857083 0.0554805696
-0.02459716797 -0.1869010478 0.5782552361 -0.06894537807 -0.256629914 0.5991731286
0.5306890011 -0.01712837443 0.02004073933 0.5195555091 -0.05102526024 0.01782104932
-0.08512182534 0.1006854177 -0.02958997898 -0.148162201 0.0631678924 -0.03200908005
-0.7863235474 0.2106881291 0.5128260851 -0.7497444153 0.2522203028 0.4400886893
-0.1074182764 0.4150741398 0.1330100596 -0.08361169696 0.4338817 0.1646997035
0.1573925018 -0.2724494934 0.4283816218 0.1027202979 -0.3736895919 0.3611589968
-0.297993958 -0.5520533323 0.1500901431 -0.3089376986 -0.6268926859 0.225356698
-0.6827305555 -1.146872401 0.04889844358 -0.6459550261 -1.102888942 0.08663029224
-0.8157840967 0.05731481314 -0.04493321106 -0.8342667818 -0.03443333879 -0.032394059
0.2319907993 -0.02542879991 0.1065215915 0.2583175898 -0.01578298025 0.1585890055
-0.1415613592 -0.3700076342 -0.06357781589 -0.1247849017 -0.4688270092 -0.07052338868
0.09389002621 0.4284962118 0.2338850796 0.01347594988 0.4317004085 0.2879304886
0.0787332207 0.1719346941 0.1671486795 0.07885417342 0.1409080029 0.2766664922
0.580457747 -0.1860367805 0.2300374806 0.5846272707 -0.1580177993 0.2607390881
-0.09835724533 -0.08135959506 0.1307719648 -0.1188853011 -0.05928884819 0.2494300008
0.4205918908 -0.2371046096 -0.2320944071 0.3972676098 -0.1685854942 -0.2451844066
0.3890455365 -0.1531058103 -0.4132710695 0.402877301 -0.06526418775 -0.4810962081
-0.836374104 0.7239650488 -0.1633248776 -0.8491886854 0.7532737851 -0.1744613945
0.3794954717 -0.9070985317 0.114426665 0.3870888948 -0.9003875256 0.09335906059
0.1075294316 -0.06460537016 0.1605343819 0.160295099 -0.07840675861 0.219887495
-0.2948081791 0.02738240734 0.03700210154 -0.2733221054 0.02954255976 0.03797148168
0.8198440075 -0.009171728045 -0.05273929238 0.8364198804 0.0506664291 -0.09056235105
-0.1573346406 -0.2651979327 -0.2769008875 -0.2251747996 -0.2332150042 -0.2823886871
-0.9530414939 0.02491910756 -0.3503057063 -0.9000871778 -0.06948011369 -0.3290137947
-0.2578010261 -0.02508370019 -0.0744163245 -0.215743497 0.007644069847 -0.01791699976
-0.1048563272 -0.6115188003 0.530600071 -0.1611655056 -0.6009504199 0.5861418843
-0.881586194 -0.07829418778 -0.08378693461 -0.9016395211 -0.03147219121 -0.1467597932
-0.6026367545 -0.5356501937 0.7654333115 -0.5927388072 -0.4691551924 0.7595015764
0.05936573073 -0.3986950517 -0.0001348971855 0.09069980681 -0.4419972897 0.05701572075
-0.4813195467 -0.3269748688 0.2657949626 -0.4836930931 -0.3266389072 0.313596487
0.1223159358 0.07490441948 -0.1348587573 0.1651795059 0.05099583045 -0.1251161993
-0.1604283601 0.2598828375 -0.2997974157 -0.1346679926 0.241633594 -0.3384160101
-0.4471746087 0.5201613903 0.0008155219257 -0.4452297091 0.5835266709 0.0467761904
0.2930050194 0.009092140011 -0.06327196211 0.3313713074 0.009601710364 0.01904072985
0.2812856436 0.004317353945 0.2141437382 0.3005177975 0.04613294825 0.2680228949
0.9105458856 -0.03448937088 -0.09012726694 0.8819674253 -0.04376539961 -0.1175919026
0.5460432768 0.1365181208 0.3519088328 0.5631073117 0.1559486985 0.3617443144
0.1259082705 0.1473978609 -0.08957900107 0.1515001059 0.07426796108 -0.06794597954
-0.1837665439 0.4285835028 -0.4839587808 -0.1793292016 0.4026331007 -0.4454135895
-0.3510831594 0.2920583189 -0.1936300248 -0.3675793111 0.3021593988 -0.1273317039
-1.055666089 -0.08982087672 -0.1891105175 -1.046650052 -0.07186137885 -0.1707700938
0.4197013974 0.1965421289 -0.6941531301 0.4700830877 0.2489649951 -0.6775795817
0.1422223747 0.1754519641 0.09271334112 0.1163458973 0.2112289071 0.1134885028
0.02891856432 0.4226558805 0.2125094533 0.04601538181 0.410030514 0.2055317014
-0.3144080043 0.2299067825 -0.1562031955 -0.2497591972 0.2816982865 -0.1246267036
0.1213085279 0.1511994898 -1.154838443 0.1187988967 0.1978034973 -1.128527999
0.4080649018 -1.220374227 -0.3024949431 0.3601841927 -1.161116958 -0.2127695978
0.001666683704 0.002614635043 0.2068435997 -0.002640309976 0.03394160047 0.231489107
0.1154572815 0.2514846921 -0.6068563461 0.1998497993 0.3251450062 -0.5492972732
0.131515801 0.173296392 0.4260659814 0.1083007008 0.2156075984 0.4067853093
-0.430444181 0.1115892977 -0.735270679 -0.3997941017 0.04548675939 -0.809687674
0.5026879311 0.1558899879 -0.2342688292 0.5359774232 0.1637692004 -0.2874313891
-0.7286120057 0.150585115 -0.06878502667 -0.7273746133 0.1772115976 -0.01398602035
0.005073428154 -0.1035911739 0.02253900468 0.03567576036 -0.1132846028 -0.01266456954
0.5169480443 0.09307322651 0.1842586249 0.5685440898 0.1503102034 0.1979835033
0.07861784846 0.1822962314 0.002343840431 0.07862205058 0.2055813074 -0.06695730239
0.3461169899 -0.261456579 -0.04374512658 0.4081785977 -0.2090153992 -0.06494365633
0.08244635165 -0.07438560575 -0.1948286742 0.1709076017 -0.0986167118 -0.2081014961
0.4622282386 0.1350699365 -0.01358683035 0.5738440156 0.1504011005 -0.008417359553
-0.0174715668 -0.7700058818 0.1811983734 -0.05221334845 -0.741902411 0.1916756034
0.03847175837 -0.1112075076 0.4350501299 0.08319371939 -0.07722178847 0.4956836104
-0.1498414725 -0.006446033716 -0.3657740653 -0.03200700879 0.03661604971 -0.3580720127
-0.2111263275 0.2505680323 -0.4486197531 -0.1573449969 0.2164177001 -0.4457721114
-0.5788191557 0.520190537 0.06863513589 -0.5362650752 0.4744895995 0.03266869113
0.2155474424 -0.05977197737 -0.174222216 0.2742444873 0.002596310107 -0.1439996958
-0.05976773798 0.1793381274 0.5742474794 0.09050764143 0.2299419045 0.5293887258
0.1491634697 1.288917303 -0.08994696289 0.1521151066 1.372854948 -0.1779823005
-0.2805578113 0.2561039925 -0.5383851528 -0.2770538032 0.2483520061 -0.5747423172
0.03550089523 0.1804697514 -0.7743502259 0.03072910942 0.1977799982 -0.7360332012
-0.2455712706 0.6426953673 -0.1249947026 -0.1763720959 0.7052314878 -0.1610620022
0.03222443163 -0.1492882669 0.01709285378 0.04525526986 -0.2253188938 -0.02782689035
0.0504510887 -0.6515387297 0.02443758398 0.08237437904 -0.666698575 -0.02832660079
0.1101038828 1.000667453 0.2401282191 0.0886977911 1.008828998 0.2001716048
-0.009603694081 -0.1789255738 -0.3266851008 0.02672128938 -0.1832364053 -0.3107700944
-0.193230629 0.05469719693 0.2388203144 -0.1392692029 0.05268589035 0.1666309983
-0.08397942036 0.01684154198 -0.1072566211 -0.002784860088 -0.03085179068 -0.1156250983
-0.9906820655 -0.04935727641 0.5249561667 -0.9598662853 -0.09042651951 0.6321914196
0.1396199614 0.2123882473 -0.15126656 0.2222342938 0.1994688064 -0.1399984956
0.2495443076 -0.357047081 0.05939562991 0.2891260982 -0.3194664121 0.01516846009
0.02879680321 -0.001101551577 -0.5013025999 -0.01609536074 -0.0707918182 -0.5407999158
-0.4192157984 1.000930786 -0.7692704201 -0.3822340965 0.9703794718 -0.7982017994
0.4912088811 -0.009467094205 0.3168949783 0.4748908877 -0.06317421794 0.2945803106
-0.1163057685 -0.2054781318 0.2156997025 -0.0840633437 -0.2084065974 0.2654586136
-0.1713185906 0.2855096757 -0.1770842075 -0.2042014003 0.1923927069 -0.1508526951
-0.2102392465 -0.2476833165 0.01261267066 -0.2427155972 -0.2357618064 0.02652931027
-0.1093230471 -0.3808769584 0.1750091761 -0.1245871037 -0.3308748007 0.2167671025
0.3893912435 -0.178666085 -0.01621799171 0.3952761889 -0.1969701052 0.04845780134
-0.007610829081 -0.1114772931 0.6503068805 -0.006572640035 -0.1398068964 0.6720647216
-0.03521768004 -0.8673765659 -0.2933990061 -0.05434653908 -0.8475992084 -0.3016732931
0.3990261853 -0.2363961339 0.4593580961 0.4199926853 -0.2498791963 0.487942189
-0.2206350416 0.1558240205 -0.3859684467 -0.2449014932 0.0981118679 -0.3297981024
-0.367282927 -0.3510595858 -0.0736335516 -0.3367164135 -0.365978688 -0.04142368957
0.6698580384 0.1580963284 -0.09455476701 0.6513125896 0.1638595015 -0.1193317994
0.04294570163 0.4047792852 -0.2542353272 0.04905239865 0.3519606888 -0.2566897869
-0.8447793722 -0.3973653913 -0.09790102392 -0.8531811237 -0.4591006935 -0.1317975074
0.2911455035 0.3259256482 0.2762604356 0.3043422103 0.3158180118 0.2864952087
-0.09465654194 -0.3399829566 0.279897958 -0.1255832016 -0.3471209109 0.3141598105
0.3159278035 0.1308600008 0.2786090672 0.3192794025 0.1404239982 0.3049610853
0.1305142343 0.2316630185 -0.3840312362 0.1182926968 0.1649924964 -0.378392309
1.063805223 0.7569738626 -0.4731257558 1.133924961 0.7083649039 -0.5226889849
-0.1114594489 0.2276973873 -0.5643039942 -0.1249829978 0.2094445974 -0.5218592286
-0.5384212732 0.1255770624 -0.1901722699 -0.5882562995 0.100463897 -0.2084123939
-0.02399139106 0.3114972711 -0.3824109733 0.07573690265 0.317227304 -0.3069132864
-0.06536391377 0.2479718477 -0.2625673711 -0.08742287755 0.2470872998 -0.2633244991
0.004704109859 -0.08991716802 -0.3541163802 -0.007524549961 -0.06999727339 -0.3254661858
0.3505271077 0.1280151308 -0.2546795905 0.3329449892 0.1521881074 -0.2411215007
-0.04011230171 -0.1774748564 -0.0820434913 -0.06061147153 -0.1254720986 0.006694009993
-0.423948288 0.2344701737 0.1652081609 -0.4361271858 0.2733128071 0.219065398
-0.1990237087 -0.2243829668 -0.2790607512 -0.2587128878 -0.2012498975 -0.2583008111
0.4069404304 0.2921877801 -0.106251955 0.3844057918 0.3142127991 -0.1301946044
0.1571758837 0.01865864359 0.02768900432 0.1273362041 0.08149830997 0.02229952998
0.2942337394 0.08244606853 0.1270798147 0.2694154084 0.1783351004 0.184791103
0.03590978682 0.190368697 -0.148495093 0.03821539879 0.2390581071 -0.09912881255
0.3324457407 -0.5837644935 -0.269405514 0.3047622144 -0.6431475282 -0.3222975135
-0.3056431115 0.3055806458 -0.4994664192 -0.2851811051 0.253157407 -0.4893685877
0.0765503794 -0.2859624028 -0.307395637 0.07889009267 -0.3087222874 -0.3186734915
0.7172175646 -0.2122086138 0.06424942613 0.6275957823 -0.213511005 0.0412051715
-0.1799759716 -0.02449013852 0.6186302304 -0.1874762028 -0.06470823288 0.5429034233
-0.4750412703 -0.08641047776 0.2775206864 -0.4959621131 -0.1161039025 0.3092609048
0.5144304633 0.3929855525 0.1420446038 0.5213984847 0.3904221952 0.1470506042
-0.01314832643 0.2591468692 0.2848570049 -0.005964189768 0.2433456033 0.3197287023
-0.6042531729 -0.1607498825 -0.1012919992 -0.6503702998 -0.1934386939 -0.08380147815
0.1213077679 0.0528787002 0.5346599817 0.1178644001 0.005642550066 0.5128899217
0.3461225927 0.1750666201 -0.4922593236 0.3948338032 0.2369143963 -0.4731119871
0.1627829522 0.3318293095 0.1649300754 0.2039618939 0.2954333127 0.1391697973
0.09838351607 0.4154917598 -0.4888237715 0.09687381983 0.4300034046 -0.4874385893
0.5963190794 0.1372702569 0.07791733742 0.5607702732 0.1375495046 0.079762429
-0.2603317201 0.5762820244 -0.4738406837 -0.2406280041 0.6222720742 -0.474000901
-0.04536845908 0.3714352846 -0.2823144495 -0.02887248993 0.3392359018 -0.251116693
0.03363353759 -0.09326185286 -0.04281498492 0.05316536129 -0.0891764015 -0.001847169944
0.3901821077 -0.1803131104 -0.2636828423 0.3559958935 -0.1612579972 -0.2949712873
0.1500199586 0.2896751761 0.007058523595 0.1435333937 0.3883073032 -0.01161212008
0.144487679 -0.05742969364 -0.0895601213 0.1093887016 0.005564120132 -0.09120254219
-0.2488183975 -0.2296919227 0.068099536 -0.2338148057 -0.2419968992 0.04401452094
-0.08689831942 0.9375130534 -0.2299889326 -0.0995169282 0.9228222966 -0.2159332037
0.03656843305 0.1837443262 -0.2498707473 0.07150778919 0.1704528034 -0.2586395144
-0.2274479866 0.4278792441 -0.09356218576 -0.2070939988 0.4640023112 -0.04247692972
-0.1037753969 0.05608306825 -0.1042056531 -0.1304119974 0.1078161001 -0.1105529964
-0.003963279538 -0.4494223893 -0.3795445561 -0.0287688002 -0.4654869139 -0.3564951122
0.1845628768 0.1078270599 0.4088729024 0.2174120992 0.1019437984 0.38702479
-0.1430367976 -0.393550843 -0.3134313226 -0.1022073999 -0.4433529973 -0.2859275043
-0.4487240016 0.1491063833 -0.09158015996 -0.4950608909 0.08881819993 -0.1226271987
0.02799262106 0.2045458853 -0.3319164813 -0.02179826051 0.1987477988 -0.3269157112
-0.2011936456 0.3226236701 0.04144254699 -0.1917026043 0.3242844939 0.0408109501
0.4385119379 -0.1137935594 0.4025785625 0.4467288852 -0.1490586996 0.3472883105
-0.2133020163 0.3500364423 -0.09211499989 -0.2806828916 0.3315516114 -0.07574687898
0.3350310326 0.5866223574 0.52046597 0.2743440866 0.5917937756 0.6085541248
-0.4965068996 -0.6782405972 0.2215085924 -0.539532423 -0.664157629 0.2278306931
0.1463748217 -0.5698170066 0.161598891 0.1489481926 -0.4933848083 0.1471450031
-0.1353147328 0.09246999025 0.04829834029 -0.1448121965 0.159790203 0.1158254966
0.5931082964 -0.03688543662 -0.6272004843 0.6036419272 0.002189239953 -0.6044958234
-0.7718180418 0.2248685211 0.1781741381 -0.8083425164 0.2489372045 0.2374278009
-0.2410049438 0.2261656225 -0.4112951458 -0.2626456022 0.2709183991 -0.3878054023
-0.2351443321 -0.2797937095 0.5564456582 -0.2409867942 -0.3246173859 0.5512490273
-0.02257268131 0.07762939483 -0.1905000657 0.02111195028 0.0679641068 -0.2399501055
-0.120023571 -0.8835322857 0.1685299575 -0.1648550034 -0.9280961156 0.120435901
0.03175756335 -0.0007324011531 -0.09255150706 0.04946678132 -0.0399104394 -0.1088617966
-0.1091298312 -0.1281476766 0.2284192443 -0.1386945993 -0.068453677 0.2126193047
0.03398917615 -1.044291496 0.2540106773 0.1145130023 -1.068637967 0.2727903128
0.1984317601 -0.2143509835 -0.06391710788 0.1709087044 -0.2531954944 -0.0618622601
-0.6913526654 -0.1154250652 0.06934803724 -0.6808127761 -0.1173944026 0.09976942092
-0.4352471232 0.345198065 0.2095775157 -0.5211328864 0.3379419148 0.229409799
-0.02495245636 1.104943991 0.04524698108 -0.03113720007 1.048305988 0.07076878846
0.4120394588 0.4308661222 -0.3117902875 0.4007307887 0.3659966886 -0.2734355927
0.5123691559 -0.6377183795 -0.1866028756 0.5279737115 -0.6747980714 -0.1513698995
0.431216985 -0.2504830956 -0.4630052447 0.4376155138 -0.3060697019 -0.4474413991
-0.07835002244 -0.5998766422 1.145977616 -0.09320688248 -0.624551177 1.172621965
0.1571341604 0.05715034157 -0.2944263816 0.2250870019 -0.0160083808 -0.2218696028
-0.1151124313 -0.1275160015 -0.80937922 -0.1592546999 -0.1385578066 -0.84807688
-0.8234869838 0.5062277913 -0.2075675577 -0.8157098889 0.5450165272 -0.1446153969
-0.6593522429 0.3782886267 -0.1860598624 -0.6414148808 0.3649736941 -0.1763823032
0.06393665075 -0.4289160371 -0.1711643934 0.04552185163 -0.4261268079 -0.09839759022
0.2304998338 0.01864594594 0.1199533343 0.2186634988 0.02040144987 0.1394364983
0.4611706734 0.04759547487 0.574976325 0.4656622112 0.141050294 0.6246932745
0.245232448 0.086788252 -0.4612292051 0.2387246937 0.1051895991 -0.4459351897
0.2896015942 -0.7632620335 0.06288154423 0.3238390088 -0.7179898024 0.0805901736
0.1519591808 -0.397390753 0.1488262862 0.1705424935 -0.379170686 0.1544042975
0.3736340404 0.235100016 -0.2649274468 0.423386395 0.3047975898 -0.2761651874
1.285323024 0.07462444901 0.4366585016 1.276288986 0.05575378984 0.4827975035
0.4213550687 0.9689925909 0.2047418207 0.4014745057 0.9467198253 0.1797485948
-0.01712433249 0.1168621182 0.1727148443 -0.0215631891 0.05167207122 0.2206815034
-0.5531243086 0.06640006602 -0.1912686378 -0.5358452201 0.1167057008 -0.1743461043
-0.1305594295 -0.1692818403 -0.04286238924 -0.1540354043 -0.1377321035 -0.04195744917
-0.3607141078 -0.3601525724 0.3959087133 -0.3404912055 -0.3705958128 0.3970814049
0.5145859718 -0.4436225593 -0.337577492 0.5074843764 -0.3552455008 -0.2721090913
-0.006499757059 0.09741980582 -0.02501318045 0.008585279807 0.07858292013 0.02146019973
1.056503892 0.4222696722 0.1729655266 1.063766956 0.3644939065 0.1841958016
-0.369245559 0.2547098994 0.1058167592 -0.3933894038 0.2073864043 0.1862808019
0.09729239345 0.308832258 -0.05537033826 0.08483880758 0.2784557939 -0.01430771034
-0.02625815012 -0.03709905595 0.07389564067 -0.0183929 -0.02785456926 0.1140357032
0.3299839497 -0.1448648572 0.380651474 0.3468542099 -0.2061541975 0.4241220951
-0.3973736465 -0.2233091444 0.2641602457 -0.3495154083 -0.2406415939 0.3528183997
-0.2140437067 -0.1058177352 -0.09395825118 -0.2022795975 -0.1166857034 -0.07082521915
-1.012049317 -0.4409070611 -0.0757182911 -1.060333014 -0.4590083063 -0.01252796035
-0.2631604373 -0.3671514392 -0.1729991287 -0.2470844984 -0.3874371946 -0.1211970001
-0.2172476202 0.04175516963 -0.002600744367 -0.1984961033 -0.01216899976 0.05300141871
0.07716718316 0.3169014752 0.2680544555 0.1254359037 0.3188753128 0.3405962884
-0.2664189935 0.02971983887 -0.1587463617 -0.3354508877 -0.0251860898 -0.1310629994
0.0820401758 0.2223068178 0.06957744062 0.08429290354 0.1812368035 0.1090376005
-0.3310759068 -0.3463018239 0.3998497725 -0.3334554136 -0.3606693149 0.4032633901
0.03556919843 0.5913230777 0.9602358937 0.06605701149 0.5503284931 1.032462955
0.372323215 0.23722817 -0.1014335975 0.374951601 0.225929901 -0.07708405703
0.5274978876 -0.08532082289 0.1738604158 0.548224926 -0.05818697065 0.2399913967
0.2027267516 -0.08646908402 -0.3317602575 0.2135818005 -0.07067365199 -0.3848077953
0.02793611214 -0.6766771078 0.05980226025 -0.02590434067 -0.630864799 0.0782551989
0.167515859 0.00202159211 -0.06529137492 0.1675256938 -0.008302439936 -0.05948514864
-0.05588325113 0.1042450815 0.4488351643 -0.03660139069 0.07484543324 0.4343940914
-0.03542393446 -0.3253774941 0.263379693 -0.03353999183 -0.3213171065 0.2830438018
0.07018664479 0.01248664688 -0.1481389701 0.05121178925 0.04631093889 -0.1829884946
0.1700978279 0.07145000994 -0.2130416632 0.1661285013 0.1707351953 -0.1836683005
0.07285761088 -0.9409690499 0.4284740686 0.0399966985 -0.9830874801 0.4627509117
0.1704338193 -0.02062163688 0.6338050961 0.1346203983 0.005211609881 0.6395792961
-0.2573548555 -0.07579946518 -0.1601378471 -0.2440154999 -0.05921050906 -0.1966038048
-0.1314367503 -0.1531242132 -0.09867800772 -0.1288004965 -0.1367754936 -0.1466079056
-0.08508963883 0.4536252916 0.2407222986 -0.08952376992 0.3910031915 0.2124824971
-0.1755411625 0.1953432113 0.04400227219 -0.1639561057 0.1223141029 -0.03923049942
0.2462760806 0.1062306985 -0.4308875203 0.2746157944 0.1303784996 -0.525033772
-0.1033445671 -0.1481120437 -0.1334232688 -0.1323242038 -0.1207427979 -0.2151428014
-0.2698413134 -0.2910383046 0.2644085586 -0.2914558947 -0.2718065977 0.2830421925
-0.06569707394 0.5161479712 0.7366844416 -0.09799548239 0.5012699962 0.6965870261
-0.08341105282 0.6578464508 -0.09341026098 -0.1264970005 0.7887234092 -0.1785441041
0.1401268989 -0.02142675593 -0.5557181835 0.1579909027 0.04316627979 -0.6599894762
0.07113678753 -0.08371220529 0.4673444033 0.09890738875 -0.06325290352 0.4821889102
0.3413421512 -0.7761674523 -0.005003368948 0.3353160918 -0.7698401213 0.002454539994
-0.1226355433 0.06792828441 0.1121803522 -0.09264089167 0.1193858981 0.04592759907
-0.3436248899 -0.01040542498 -0.633603096 -0.3658441901 0.001299640047 -0.7104123831
0.08021263778 -0.09099158645 -0.1299289018 0.06916238368 -0.05707969889 -0.1454665959
0.2386056185 -0.3617551029 0.1768094599 0.3329252005 -0.3715344965 0.1167471036
0.1832461208 -0.01009171735 0.6335735321 0.1579560935 -0.02593198046 0.6197103262
0.2063812315 -0.3407475352 0.5949866176 0.1818500012 -0.3325639069 0.6183338761
0.4421822727 -0.2098480463 0.02264021151 0.452403903 -0.213765502 0.03301468864
0.5422759652 -0.5450580716 0.09254458547 0.546287179 -0.4857468903 0.1268527061
-0.2069948614 -0.4246304929 -0.3936014473 -0.2655551136 -0.424685806 -0.4429165125
0.04661239684 0.4140435457 0.00958224386 0.02309590951 0.4049724936 -0.02978391014
-0.1194035634 0.3813769817 0.2106213421 -0.08133119345 0.4367336035 0.1926382035
-0.2550615966 0.2878209352 0.5294966698 -0.2098266929 0.2511677146 0.4832887948
-0.07379736006 -0.2152163982 -0.1824728549 -0.01855026931 -0.1946295947 -0.2123260051
0.3933756948 -0.0803565532 -0.07153489441 0.4029429853 -0.09963531792 -0.1078433022
0.1755049825 0.08408071101 -0.9303625822 0.1884523034 0.05901307985 -0.9420753121
0.2327679247 0.7761190534 0.3141717911 0.2856529057 0.7997472882 0.3422619104
-0.1194204539 -0.4530840516 0.1113885269 -0.1245770007 -0.4830951989 0.09861595929
0.1832242161 -0.1969363838 0.476729393 0.2094208002 -0.2285459042 0.4548791051
-0.8492876291 -0.1864889562 0.01658638194 -0.7996739745 -0.166793704 -0.003504199907
-0.3028184175 0.2126081288 0.2811298668 -0.2665467858 0.2430714965 0.3140414953
-0.1712242365 0.1838389933 0.02324019372 -0.1727045029 0.2761533856 0.04240420088
-0.3772695363 0.110088408 0.5852707624 -0.4055742919 0.1526999027 0.5909726024
-0.281740576 0.01490062196 -0.460913837 -0.2892904878 0.03224851936 -0.4984250963
0.1456791312 0.2143659294 -0.2723890543 0.1617036015 0.2537735999 -0.2937251031
0.2535398901 0.382065326 0.04170492291 0.2293552011 0.3869563937 0.003682160052
-0.2036843002 0.1044892222 0.05116865039 -0.1940823942 0.1050734967 0.02963072062
-0.07980325818 -0.6745461226 -0.2838014662 -0.1312936991 -0.650434494 -0.310315907
0.2175189704 0.2271347642 0.2158961594 0.2079672962 0.28876701 0.2059219927
-0.8678887486 -0.5700274706 0.1864315569 -0.8488988876 -0.5280938148 0.1417977959
-0.07586324215 -0.2123054564 -0.08581624925 -0.1056611985 -0.2382974029 -0.08177489787
0.1660005748 -0.6367565989 -0.2287561297 0.1478569955 -0.6665189862 -0.2192564011
0.3149838746 0.1136740148 0.5103265047 0.3086226881 0.06541413069 0.4518252909
-0.02292054333 -0.6633880734 0.6966781616 0.02025414072 -0.6801735163 0.631121695
-0.002661449835 0.6626924276 0.03417970985 -0.03670709953 0.6170964241 0.02771727927
-0.2943946123 -0.3773489594 -0.1574609131 -0.2657100856 -0.3959718943 -0.1802884042
0.07719760388 0.1164188907 0.6212770939 0.06733819097 0.1223187968 0.6628239155
-0.3074934483 -0.3689792156 -0.309441179 -0.3075025082 -0.4393253922 -0.3023043871
0.3523994386 0.02112042345 0.1478900611 0.3765974939 -0.03621859848 0.1559903026
0.4422975779 0.03311230987 -0.009674018249 0.4255748093 -0.05712078884 -0.07490503043
0.191593796 -0.07539921999 0.2108287215 0.2094895989 -0.07755991817 0.1906487942
0.0966463387 -0.01239248924 -0.1007797271 0.09730246663 -0.01108224038 -0.0874921605
-0.1721119285 -0.06839189678 0.07095777243 -0.1570208967 -0.00887630973 0.09110146016
-0.08168813586 -0.3194392025 -0.01028160192 -0.09069695324 -0.3512310982 0.01864046045
-0.04133356735 0.3560518026 -0.270038873 -0.04959965125 0.3218472898 -0.2628268003
-0.1739803702 0.6677775979 -0.4879784882 -0.09365521371 0.6722506285 -0.5398346186
0.3777225614 -0.02998593636 -0.2218389809 0.3746406138 -0.0109148901 -0.2216659039
-0.6379299164 -0.08267297596 -0.356774658 -0.6782768965 -0.04048793018 -0.3655844927
0.2371308804 0.06614760309 0.0706429109 0.3020862043 0.1000152975 0.01799800061
-0.08786009252 0.1955702752 -0.058201693 -0.04322069138 0.2051741034 -0.03002567962
0.4676485062 -0.007895231247 0.02152676694 0.4608641863 -0.07916056365 0.005933289882
-0.4797025323 -0.1522083879 -0.1883166134 -0.4730978906 -0.1760915965 -0.2116211057
0.05034568533 0.05969765782 -0.02029447071 0.02314713039 0.02757221088 -0.008371950127
-0.1908977181 0.1625221521 0.3222718239 -0.1487852037 0.1458802074 0.3402743042
0.1952635646 0.109120369 -0.04324752092 0.2135452032 0.1085728034 -0.07234171033
0.1427706033 -0.3450489044 0.09588447213 0.1642290056 -0.414221108 0.08718410134
0.160746336 0.3295981288 0.1523025334 0.1770478934 0.3509444892 0.1194116995
-0.1781756431 0.01797056384 0.03381223604 -0.2456037998 -0.01640513912 0.001912410022
0.4876936972 0.1369707584 0.4451487958 0.4988366067 0.1225636974 0.463914603
0.4302490354 -0.151074484 0.03992419317 0.4733135104 -0.2155051976 0.05219314992
-0.01196619868 0.159345746 0.1061577275 0.02669749968 0.1634525061 0.1289218962
0.0471047461 -0.4958638847 0.07892588526 0.05111787841 -0.4802586138 0.1014098972
0.1351663172 -0.06209799647 0.4147094488 0.1926880926 -0.07759740949 0.4530367851
-0.04628549516 -0.0139101781 -0.2985976934 -0.06322909892 -0.002756390022 -0.2732082903
0.02744419873 -0.1056937873 -0.2840813994 0.05478478968 -0.1259946972 -0.2581542134
-0.7678194642 -0.2240647823 0.2367912382 -0.7710977197 -0.1647377014 0.1926369071
-0.2904345989 0.07798460126 0.2696841061 -0.3082801104 0.1345186979 0.2667320073
-0.3761535287 0.1367461681 -0.3480136693 -0.4181365073 0.1229607984 -0.3003805876
-0.05797692761 0.01476624794 -0.04710942134 -0.06587962806 0.05168800056 -0.08508823812
0.2647053301 -1.295432806 0.1396744251 0.2454199046 -1.241055965 0.1536180973
-0.7193116546 -0.377707243 -0.01544327568 -0.737078011 -0.4123548865 -0.03679046035
0.1234015003 -0.1235917211 0.4452443421 0.1476605982 -0.03052566946 0.4491043091
-0.2007312477 0.3025238514 -0.04214932397 -0.2293931991 0.347081989 -0.06642562151
-0.08779510111 -0.02570507489 -0.3121392131 -0.06816452742 0.02927280962 -0.3258667886
-0.3692427874 0.1071016416 0.3136659563 -0.3588775098 0.1380356997 0.2771829963
-0.2323201895 0.02644214407 -0.1684005111 -0.2422190011 0.01397559978 -0.1473314017
-0.8865411282 -0.09816600382 0.05578026175 -0.8632797003 -0.1501979977 0.0554420203
-0.115496628 -0.3020032048 0.1959530711 -0.05995528027 -0.3497132063 0.2071270049
-0.234900251 -0.3965813816 -0.1717996746 -0.194489494 -0.4017980099 -0.1956855059
-0.02609630115 0.6077116728 0.2292071134 0.004599779844 0.5582138896 0.1562097967
0.6465182304 0.09725472331 -0.0378407985 0.6759294271 0.0775815919 -0.0692718327
-1.077882767 0.2241012901 -0.264519304 -1.066936016 0.2639847994 -0.2354793996
-0.4384072125 0.05499540642 -0.1908586174 -0.4516473114 0.1323921978 -0.1148433015
-0.2193391025 0.7872017622 0.1422699839 -0.2541140914 0.79250139 0.1408195049
0.1990393251 -0.2929160297 -0.1758767217 0.1495451927 -0.3290514052 -0.1812705994
0.1150042787 -0.5284536481 -0.340697974 0.1041676998 -0.5654723048 -0.3380495012
0.06504288316 0.004318340216 0.3299710453 0.07123693824 -0.02432936989 0.3054054976
0.4291188419 -0.07759295404 0.00637640059 0.4159815907 -0.05407645181 -0.01338625979
0.09684430063 0.09530337155 -0.09022895992 0.07809729129 0.09751453251 -0.08799187839
-0.3396114707 -0.09212825447 0.2536040545 -0.2947547138 -0.09951678663 0.288120389
0.05204997957 -0.1960007548 -0.3620215058 0.01342805009 -0.1236822978 -0.4422146976
-0.4543314576 -0.5627961755 0.1151587367 -0.4193964005 -0.5521110296 0.08506859839
0.2393397093 0.5706597567 0.07262236625 0.2392147034 0.6227704287 0.06954464316
0.2828870714 -0.01533420011 -1.250658393 0.2807961106 0.04554158077 -1.341145039
0.2439613491 0.6406784058 -0.2072538882 0.2124845982 0.6950328946 -0.292694509
0.08070583642 -0.1646739095 0.1776467711 0.1624604017 -0.1087035984 0.1722400039
0.0108794719 -0.02904411592 0.1607541889 0.05908863991 -0.008599359542 0.1000989974
-0.02921955846 0.1738201082 0.4721761346 -0.06382626295 0.1981206983 0.4252431095
-0.01915207505 0.2134729177 -0.145142287 0.006204579957 0.236142695 -0.2221952975
-0.0521896705 0.1152978018 0.2799532413 -0.09913705289 0.1174305007 0.2275123
-0.7070639729 0.1041602641 -0.4952429235 -0.7100524902 0.1252413988 -0.5525560975
0.8848936558 0.5054386854 0.004224497359 0.8945823908 0.4706957042 -0.04569869116
0.2120057493 -0.1195124388 -0.358810246 0.2226161957 -0.1221053973 -0.3975788057
-0.08762062341 0.4976013005 0.1231376752 -0.1289483011 0.4474202096 0.09767346084
0.3878030181 0.3292589188 -0.2102176994 0.382871896 0.3034412861 -0.2173230946
-0.2077950984 0.2356152683 -0.2252582014 -0.1747270972 0.2431225926 -0.2253880054
-0.1513500214 -0.1547935456 -0.613104701 -0.1719231009 -0.1594370008 -0.6463723779
-0.189526841 -0.09237582982 -0.01943076402 -0.2499786019 -0.07174749672 -0.05826435983
0.1739713848 0.6422073245 0.1643685699 0.1631523967 0.6294894218 0.08566206694
-0.0708828941 0.5853632689 0.05743291602 -0.05091742054 0.5793030858 0.05461101979
-0.5141665936 -0.1920019388 -0.4049562514 -0.5288997293 -0.224990502 -0.4464969933
0.01841188967 0.08078376949 0.2164080739 0.03083100915 0.06677222997 0.1934906989
0.4975312054 0.09986756742 -0.2118169367 0.4816358984 0.07341557741 -0.2429261953
0.1780146807 -0.17769669 0.1736501306 0.193838194 -0.2078561038 0.1758574992
-0.602173388 0.1252350658 0.1828979701 -0.6159980893 0.1084427983 0.2236420065
0.1581157744 -0.0693866089 -0.6237457395 0.1653499007 -0.03451257944 -0.5866327286
0.06741778553 -0.1758570522 -0.2081850171 0.08761472255 -0.1964015961 -0.2644886971
0.1376433522 0.1228364035 -0.2470739186 0.1401745975 0.1359654963 -0.2984077036
-0.407186389 0.1254522055 0.234220624 -0.4557723999 0.1900172979 0.252789408
0.1914067715 0.5330026746 0.1606690288 0.2120350003 0.4596943855 0.2084757984
-0.1213199869 -0.2604080141 -0.1996756047 -0.05399109051 -0.2624064982 -0.2409325987
-0.2474210858 0.03100337647 0.129165113 -0.1871199012 0.04301694036 0.00532815
0.3274970949 0.06771121919 -0.1190809533 0.3299806118 0.1274936944 -0.1651729941
0.2983478606 0.301641643 -0.2252035588 0.2930802107 0.3487743139 -0.2345979959
0.2307679802 1.088402271 -0.1530334055 0.2496519983 1.071841002 -0.198794201
-0.3054766059 -0.009078938514 -0.2385729104 -0.2943677902 -0.01706233062 -0.295116514
0.1458559632 0.291543901 -0.1440928578 0.1475123018 0.3198708892 -0.1502211988
-0.4575890899 0.1877805293 -0.1651954651 -0.4955357015 0.1688521951 -0.1478881985
-0.3008301258 0.1303799152 -0.05550988019 -0.2409141958 0.07528644055 -0.08886895329
0.4975813329 0.2179083675 0.03696138412 0.5486359 0.2232721001 0.07693494856
-0.2214070708 0.01479588263 -0.1051778421 -0.1887183934 -0.005260420032 -0.1224453971
-0.0488329865 -0.4993713498 -0.06463502347 -0.03985140845 -0.5125709772 -0.08192463964
-0.2393999994 0.261136502 0.0337635763 -0.1523862928 0.2071577013 -0.01303828042
0.04360963032 -0.3407508433 -0.5967342257 0.1229382977 -0.4268484116 -0.5774080753
-0.266811192 0.6277754903 -0.05976142362 -0.2040244043 0.6575070024 -0.008836870082
0.0632943213 -0.007308123633 -0.312641114 0.09611333162 -0.03614068031 -0.3693667948
-0.238963455 -0.08768922091 -0.207057476 -0.2081249058 -0.0563614592 -0.3061600924
0.3025709689 0.2315430343 -0.2783964276 0.3044672906 0.1695861965 -0.3296759129
0.2807630002 -0.2303831428 -0.290533036 0.3473562896 -0.2709572911 -0.2571139932
-0.4968472123 0.3493163288 0.3126456141 -0.4684618115 0.3492040932 0.3798157871
-0.2313503772 -0.2546251714 -0.1183757782 -0.1395826042 -0.2472569942 -0.1528480053
0.3342865109 -0.3095622361 0.1925288439 0.3322218955 -0.3231317103 0.1356779933
0.01513114944 0.3785010278 -0.2024896145 0.05910333991 0.3973698914 -0.2596467137
0.5157179832 -0.7397255301 0.1256613731 0.4746327102 -0.7336617112 0.1326182038
-1.049060106 -0.2888054848 0.5252239704 -1.07070601 -0.2995127141 0.5127632022
0.4279749095 -0.1694177091 -0.1178014204 0.4540703893 -0.1558129936 -0.1342377961
0.2409710884 0.1731430292 -0.08874312788 0.2398245037 0.1965377927 -0.1354573071
0.4860780537 0.1156067997 -0.2650979161 0.513456285 0.1127528027 -0.3075931966
-0.1688658297 0.05201467499 0.04261096194 -0.1963147968 -0.02145480923 0.02252480015
0.1931205988 -0.170749411 0.5527846813 0.2797738016 -0.1842301935 0.5416656733
0.5096811652 -0.03557405621 0.1052485481 0.5436859727 -0.06629297882 0.09333544225
0.002544993535 0.04772654548 0.004142716993 0.009639469907 0.03885440901 -0.007951740175
0.1336780488 0.2471217662 0.05959470943 0.1142698005 0.2117933035 0.04455326125
-0.263974756 -0.2840403914 -0.08265097439 -0.1826391071 -0.3057514131 -0.1552911997
-0.4725555778 0.001148936804 -0.4539659023 -0.3878900111 -0.06201690063 -0.4443516135
0.1791941971 -0.348228246 -0.5355918407 0.1192627996 -0.3341504037 -0.54131639
0.2370262742 0.04815666005 0.7129914761 0.2492256016 0.04115987942 0.6556020975
-0.04457110167 0.3867634535 -0.1851656437 0.03289407864 0.3467237055 -0.1531573981
-0.3315845132 -0.1636111438 -0.03495999053 -0.3011257946 -0.2098364979 0.03135069832
-0.2150893509 0.004469196778 0.2912325263 -0.1970423013 0.01716475002 0.3098618984
0.06469792128 0.2805428207 -0.3480789065 0.07464397699 0.2541131973 -0.3431904912
-0.7178122401 0.5628789067 -0.09237936139 -0.6808297038 0.5196800232 -0.1584589034
-0.1255135238 0.04342161119 0.247052297 -0.09316884726 0.05500568077 0.2095128
-0.1675901413 0.2421497554 -0.2860705256 -0.1987521052 0.2113289982 -0.2352070957
-0.3102037609 0.165022403 -0.1106938049 -0.3053227961 0.1409398019 -0.1124340966
0.6406786442 0.635939002 0.2200464457 0.6520310044 0.6202638149 0.2672593892
0.3097499907 -0.4750737548 0.370532006 0.3079077005 -0.4930207133 0.3851076961
-0.3352628946 -0.2223513275 0.1437201649 -0.2761004865 -0.2716715932 0.1379660964
0.05457332358 0.09962748736 0.3041035235 0.06060716882 0.09614039212 0.3070111871
0.2893145084 -0.06743319333 -0.04275995865 0.3204315901 -0.04523516819 -0.03210005909
-0.1095306054 -0.1100480705 -0.006770282518 -0.1296662986 -0.1429969966 0.00730609009
-0.1153624356 0.2684562802 0.3176445961 -0.1118699014 0.2611891925 0.3087267876
-0.1333631724 -0.1257711649 -0.115278028 -0.08493120223 -0.1007604972 -0.1362134069
0.2476186901 -0.04293137044 0.009821279906 0.3426772952 -0.03834915906 -0.00794022996
0.08811529726 0.07593738288 0.1807224452 0.1549399942 0.03813729063 0.1511014998
-0.03282301873 0.5997298956 0.07690116763 -0.02847228944 0.5529181957 0.08635058999
-0.06955061108 -0.2011911124 -0.2670876086 -0.05632054061 -0.1866068989 -0.2912972867
-0.169622317 0.7066245079 0.249065429 -0.09740065783 0.7000579238 0.2218476981
0.3839083314 0.1117317304 0.2200742662 0.4272086024 -0.02669990063 0.1826297045
-0.1671922356 0.1219550669 0.1126033217 -0.1290176064 0.0988323912 0.1641930044
0.08711756766 -0.976918757 -0.1012194678 0.08893433213 -0.9611006975 -0.08776970953
0.2916175127 -0.08789916337 -0.06228731573 0.3201572001 -0.1456259042 -0.05864007026
-0.008531585336 -0.3295837939 0.20705387 0.03667243943 -0.359344095 0.1612447053
-0.2261358351 0.2957180142 0.3513219655 -0.2113867998 0.2763192058 0.341147393
-0.3782301545 -0.2017191052 0.7966479063 -0.3835515976 -0.1889864951 0.8052973747
-0.3360038996 -0.1395924836 0.3605647981 -0.3784376979 -0.2284231931 0.3672290146
0.4484645426 0.2828858793 -0.02800243348 0.4959451854 0.2469062954 -0.003298440017
0.04700914025 0.04404262453 0.1543155164 0.06171074137 0.02217013948 0.1521649063
-0.748433888 -0.01455237623 -0.05643559992 -0.8007907867 -0.0790412277 -0.04483292997
0.2453828454 0.07667284459 -0.05580547452 0.1985692978 0.02867444977 -0.02297008038
-0.4907184243 -0.1146721393 0.08953084797 -0.4091467857 -0.1805250943 0.09102191776
-0.3492798507 0.3275925219 -0.1602085382 -0.348764807 0.3323050141 -0.2135978043
-0.4574355781 -0.08718025684 0.1168970913 -0.4223481119 -0.09723398089 0.1174079999
-0.5920287371 -0.3689670265 -0.1086995676 -0.5735564232 -0.420671314 -0.1704754978
0.3558335304 -0.6430754662 -0.03436972573 0.3421769142 -0.6962363124 -0.06852581352
0.2273995578 -0.2530204356 -0.1414965689 0.2332945019 -0.2727982104 -0.1489347965
0.138741672 0.1527698487 -0.251075238 0.1897751987 0.1185434982 -0.2346395999
-0.6164418459 -0.001292154193 0.2098380625 -0.5301411152 -0.04734652862 0.1828231066
-0.1929794848 0.1265360564 -0.2107673585 -0.1523284018 0.09882196039 -0.2093190998
-0.1124020666 0.6441537142 0.4009987414 -0.06873238087 0.6118317842 0.4225055873
0.03161347657 0.05447451398 -0.5332486629 0.01807006076 0.07834935933 -0.5003584027
0.3490006626 0.011777265 -0.1198371574 0.3651503921 0.01217241026 -0.165823102
0.4929096103 0.03705196083 -0.05285778642 0.6087067723 0.06327065825 -0.08653443307
-0.09563951194 -0.722902298 0.405354619 -0.08872746676 -0.7632656097 0.4193742871
0.2865569592 -0.2224458158 0.3251976073 0.2970578969 -0.2484211028 0.3305729926
-0.1755782813 0.02252437547 0.1600880921 -0.1465955973 0.01858198084 0.1869913936
0.154741019 -0.1586074978 -0.03844771534 0.1867205948 -0.1685120016 -0.06043427065
-0.1058349237 -0.1442764401 -0.4083939195 -0.09468246996 -0.07872927934 -0.4143823981
0.3931977153 -0.0499599427 0.5076586008 0.3296853006 -0.05563668162 0.5423491001
-0.3662282228 0.8763968945 0.07162914425 -0.3383050859 0.8672608733 0.08481904864
0.02892783098 -0.1881424189 0.2423903048 0.01805472001 -0.3014776111 0.2358749062
-0.2235458046 0.3012812436 0.2327559739 -0.2073331028 0.3097819984 0.2372370958
-0.06921006739 0.05244419351 0.5659607053 -0.09874720871 0.05301133171 0.4606575072
0.3418682814 -0.4580329061 -0.1766053587 0.3044092059 -0.4290390909 -0.2339880019
-0.1588170975 0.1193980128 0.178514868 -0.1406378001 0.1863432974 0.1740615964
-0.9772946835 0.0482195057 0.1399796158 -0.9129838943 0.01640526019 0.1966160983
-0.2064330727 0.3670268357 -0.3080715835 -0.2262126952 0.4084703028 -0.3268082142
0.5934690237 0.4832392335 -0.01601513475 0.6232848763 0.4572196007 -0.0563660115
-0.1828713268 -0.5564206839 0.1663816422 -0.178580299 -0.6035147905 0.2240920067
0.1411556602 0.0333199054 0.3760825694 0.1228391007 -0.06454727799 0.3476273119
-0.1544197947 0.4768880308 0.1363799125 -0.1251101047 0.4653786123 0.1346179992
0.2618603706 -0.4775378108 -0.5607178211 0.3484759927 -0.5504114032 -0.5887135267
0.2153123319 0.09786610305 -0.03953495622 0.2453383952 0.07834233344 -0.04071145132
-0.4148684144 -1.043307543 0.4618182182 -0.4175755978 -1.10887599 0.5123513937
0.3210793734 0.1929785162 0.1388375312 0.3394829035 0.1802460998 0.1612194031
0.1126483083 0.1451715976 -0.03421329707 0.1061350033 0.1444364935 -0.05260473117
0.1224219948 0.01647400856 -0.4949686527 0.1797426045 0.03547399864 -0.5271704793
-0.09241447598 1.021889806 0.2734814584 -0.1073853001 1.030987024 0.2758890092
-0.1373199522 -0.2668811977 0.145959273 -0.1648292989 -0.3115772009 0.1797797978
-0.09507322311 0.08560705185 0.3374375403 -0.08000519872 0.1089544967 0.3623737097
0.02947255969 -0.1125453785 -0.03646236658 0.0163026806 -0.1348827928 -0.0800774768
-0.235386461 -0.4460712075 0.1456966102 -0.2945376039 -0.4651542902 0.1950193048
-0.03995785117 -0.1460276991 0.4323053062 -0.07620750368 -0.1621015072 0.4425103068
-0.100801304 -0.1118798926 -0.2218463868 -0.07190292329 -0.1216808036 -0.1872895956
0.3539029956 -0.08411706984 0.1189741418 0.3879688084 -0.08373407274 0.1514271051
0.1516556889 -0.3521947861 -0.8400871754 0.160709396 -0.417139709 -0.8267139792
-0.1108168289 0.2152145058 0.2586816549 -0.1166032031 0.2421444952 0.2689104974
-0.09229358286 0.1173382774 -0.2858040333 -0.07643353194 0.09832245111 -0.2560116053
-0.5916044712 -0.3778069913 -0.03232977539 -0.5532162189 -0.3902460039 -0.01536593959
0.3318531811 0.03252314404 -0.19818753 0.2868951857 0.01408969983 -0.1527626961
0.2323670983 0.02276903763 -0.04001178965 0.2167803943 0.08817598969 -0.09801226854
0.2699720562 -0.1313536167 0.2921600342 0.2883762121 -0.1124117002 0.295797199
0.1834832281 -0.19401519 -0.1316127777 0.2129230946 -0.1683593988 -0.1232680976
0.03644269332 0.4548641443 -0.05054831505 0.0420881696 0.4931069016 -0.02518744022
-0.05038780719 0.09772028029 -0.2241143286 -0.0257834401 0.1168672964 -0.1751177013
0.47903952 -0.2079689652 -0.4285494089 0.430891186 -0.2464638948 -0.4173504114
-0.0513250865 -0.1995392889 1.213369131 -0.05243463814 -0.2176520973 1.193091989
0.2098464668 0.3436307013 0.1962122023 0.1246566027 0.3431915045 0.1993249953
-0.4818118513 -0.08046182245 -0.3919734955 -0.4959340096 -0.1134985015 -0.4382528961
-0.6626152396 0.0571295917 -0.0895492658 -0.641957283 0.09172581881 -0.1064770967
-0.1063881814 -0.1742134839 0.1320335865 -0.1216730028 -0.190941304 0.1512475014
0.03176799789 0.4473719299 0.4409801066 -0.008009959944 0.4614059925 0.440782398
-0.1863305271 0.1918071806 -0.02988918126 -0.2296300977 0.1322274059 0.01602613926
0.05057442561 -0.3772314191 -0.08435899019 0.0823770985 -0.4121837914 -0.06519973278
-0.01351870596 -0.862478435 0.4466769695 -0.06001713127 -0.8165494204 0.4524697959
0.554355979 0.05728714168 -0.06747474521 0.5503540039 0.04736914858 -0.05791119859
-0.04707160592 0.3647587597 -0.1855293512 -0.06705387682 0.3447695076 -0.1273629963
0.3353491724 0.1187308878 -0.1247360706 0.3360333145 0.1363177001 -0.09238924831
0.2144386619 -0.1496019363 0.632973969 0.1560263038 -0.1219758019 0.6391767859
0.5108088851 -0.2793114185 -0.0170186758 0.4450838864 -0.2363220006 0.04130832851
0.3050961494 -0.5075258017 -0.6013357639 0.2866623104 -0.5170295238 -0.5755515099
-0.07970274985 -0.006705659442 0.2848648727 -0.09114191681 0.03941079974 0.3086178899
-0.1473873705 -0.6901371479 0.08078298718 -0.1590723991 -0.6629949212 0.1042535007
-0.4594874978 0.2978090942 -0.2032194734 -0.4401802123 0.3420984149 -0.1845615059
-0.6409110427 -0.2879370451 0.1940313578 -0.6627280116 -0.2477018982 0.1651650965
0.3018887937 -0.1432187408 -0.2528626025 0.2986648083 -0.1219355986 -0.2621861994
-0.133457914 -0.06141906232 -0.1033732593 -0.231865406 -0.04832557961 -0.03825306147
0.135788396 -0.08510030061 0.4898901284 0.1405286044 -0.05790824816 0.5644689202
-0.2260117382 -0.2993948758 0.231588766 -0.2532388866 -0.3035326898 0.257527709
0.2031625211 -0.1033339053 0.4954019785 0.1981340945 -0.1377362013 0.4626925886
-0.352309376 0.004996504635 -0.08689944446 -0.3776864111 -0.01411151979 -0.08238349855
-0.3328042924 0.5370198488 -0.01535556465 -0.3871658146 0.5256022811 0.09678813815
-0.4683725834 -0.5203522444 0.06054072827 -0.4640682042 -0.5450289249 0.1161884964
-0.4645889699 -0.05018426105 -0.3863745928 -0.5264130831 -0.09820062667 -0.3201574981
-0.2777717113 0.2293606997 -0.07816698402 -0.2328034937 0.2306305021 -0.04137144983
0.1084155813 0.1935394555 0.1123972535 0.0258785896 0.1730393022 0.1352522969
-0.1213895828 -0.6308988333 -0.220587343 -0.1447896063 -0.5956174135 -0.2129074037
-0.1152790189 0.2363384068 0.6213311553 -0.1084723026 0.2362200022 0.6505717039
0.1944352388 -0.09705503285 0.09177628905 0.1757386029 -0.1132232994 0.1297715008
0.2647697031 0.3471316397 0.1150033996 0.2170733064 0.3839837015 0.1241611019
-0.1031718403 -0.7082281113 -0.1558739543 -0.1304327995 -0.7116507292 -0.1499225944
-0.1537482738 0.04712954536 0.02444349788 -0.1331090033 0.05262139067 0.05480515957
-0.4645957947 0.1616718173 0.2416435629 -0.4796100855 0.1286713034 0.2757518888
0.05017596483 0.3437553048 0.1497497261 -0.03725368157 0.3914375901 0.1867686063
-0.2781203985 -0.2903679907 0.1663468778 -0.2764677107 -0.243701607 0.1811778992
-0.222645849 0.1102620736 0.04166743904 -0.2515254915 0.1147567034 0.08013880998
-0.3712691665 -0.09780121595 -0.01484317984 -0.4163092971 -0.08509662747 0.02803372033
0.2711389661 0.456459105 0.2401086986 0.2320058048 0.4630833864 0.2697738111
-0.466340661 -0.2523341775 -0.334046185 -0.53862679 -0.2002194971 -0.3583326936
0.06039376929 0.314290911 0.07575326413 0.01127122995 0.3283551037 0.02485602908
-0.05974079669 -0.2678406537 -0.1032268032 -0.1230895966 -0.2503494024 -0.06114885956
-0.2074818164 -0.1351016015 0.2559618354 -0.2275288999 -0.08153799176 0.3012053072
-0.05976151302 -0.09818506986 0.2751989067 -0.08717320859 -0.0698806718 0.3367434144
0.3478631079 -0.2115195543 0.2386576384 0.3291552961 -0.1537954956 0.240395993
0.3115079999 0.3464841843 -0.2788310349 0.2936342061 0.3456264138 -0.2684553862
0.2928083837 -0.5686629415 0.254686892 0.2504898012 -0.5348595977 0.2546220124
0.05088867247 -0.1802584529 -0.03665289283 0.06424541026 -0.1293151975 -0.03446510062
-0.008431878872 0.1454246938 0.06064986438 -0.03123096935 0.1907934994 0.07964579016
-0.4193416536 -0.05771420896 0.0242389068 -0.4621734917 -0.05067152157 0.04220369086
0.835748136 0.01824557036 -0.5445664525 0.7890315056 0.01845552027 -0.5263853073
0.06248773262 -0.02555948496 -0.2151741832 0.02681962959 0.02774951048 -0.1962706
0.1030200794 -0.1298274994 -0.2277533114 0.0745453611 -0.1080809981 -0.2130883038
0.3000519872 -0.04431202263 -0.3512843251 0.2675164938 -0.04419194162 -0.3084681034
0.494792819 0.1285715699 0.4537856579 0.4511559904 0.1315845996 0.4932863116
0.2339695245 -0.3669446707 -0.1537258923 0.1441521049 -0.3442769945 -0.2028148025
-0.2133530825 -0.0009018480778 -0.1294995099 -0.1526512057 -0.00992466975 -0.1475661993
0.2123877704 0.1008444726 -0.412232548 0.2160772979 0.1023949981 -0.4176189005
-0.4711344242 -0.8592717052 -0.3707076907 -0.5156394839 -0.7961224914 -0.3615827858
-0.299223125 0.04235542193 0.2614285052 -0.3324686885 0.1151729971 0.2524796128
-0.2217777222 0.1916148812 -0.1749188304 -0.2051690966 0.2296155989 -0.2412759066
0.2052474022 0.1842870414 0.0153512992 0.2325384021 0.2027851045 0.01122128032
0.2006169856 0.2389359176 -0.3606083989 0.1852585971 0.2925466895 -0.3709141016
-0.1045866832 -0.1441181451 -0.4669182897 -0.1753408015 -0.08469360322 -0.421254307
0.6337046623 -0.2475868911 0.129546836 0.5935304165 -0.2536120117 0.1032321975
0.2870474458 0.101788193 -0.1698325276 0.3122859895 0.1053714976 -0.1839070022
0.3396616578 0.03051140532 -0.256144464 0.3340038955 0.03851418942 -0.2685348094
0.4003756642 -0.2907524407 -0.2548464239 0.3771759868 -0.2481427938 -0.2663354874
0.49045825 0.1245097071 0.2387698591 0.43194139 0.1558369994 0.2493865937
0.5783936381 0.353659004 -0.1153230965 0.5803884268 0.4238333106 -0.1101272032
0.3714820147 -0.06082548946 -0.3929900825 0.3909566104 -0.0260977298 -0.4576177001
-0.2099234164 0.3204880953 0.3104975522 -0.2125663012 0.3580451012 0.3323773146
-0.0144693004 -0.09434276819 -0.39418751 -0.02902680077 -0.09840156138 -0.3696326911
0.3126062453 0.2531395853 -0.5177776217 0.2635864913 0.2608096898 -0.4998593032
0.2966546714 0.3485055566 -0.04613428563 0.2509413064 0.3152250946 -0.05056054145
0.1376788616 -0.2742958367 0.08893692493 0.09326101094 -0.2666682899 0.09306979179
-0.1302591711 -0.1557360739 0.2195833623 -0.1331719011 -0.1140199006 0.1949034929
0.3048655391 0.5554600358 -0.07603450865 0.2864680886 0.5591546893 -0.05607780814
0.2322918624 0.09733069688 0.1516519338 0.196489498 0.09078338742 0.1753917038
-0.6419705749 -0.4168530405 0.09720382094 -0.7512583137 -0.3914600909 0.05942827091
0.03021215647 -0.5312649608 0.1298125237 0.002193680033 -0.4779076874 0.09972631931
-0.007250390016 0.02592276037 0.1469032913 0.009618620388 0.02278229035 0.1439839005
-0.1560071558 0.06174343824 -0.04987150431 -0.1867665946 0.06748104841 -0.04463097826
-0.09201415628 -0.4898896217 0.2585513592 -0.1200971007 -0.4573937058 0.2754223049
0.4638183713 0.4449065924 -0.4012623727 0.4482646883 0.4834187925 -0.3934673965
-0.4710718989 0.1551339626 -0.6792502403 -0.4724299908 0.1531551033 -0.7265220881
-0.08069633693 0.1855604947 -0.2143400311 -0.08567193151 0.2104986012 -0.1998969018
-0.3149917722 0.08347633481 -0.01957125589 -0.3165970147 0.1789830029 -0.008889379911
0.1117102057 0.3052511215 -0.5512562394 0.08961258084 0.3554215133 -0.5503473282
0.3540501297 0.2334311306 0.4060649276 0.2988480926 0.2434170991 0.4299386144
-0.09380999207 -0.6994088292 0.008357685059 -0.04433529824 -0.656493783 0.01336141024
0.3338943422 0.0786658749 -0.04183672741 0.3396416903 0.1396857053 -0.0342358686
0.1896011531 -0.1041412354 0.4925628603 0.1496178955 -0.09115389735 0.4968507886
0.1031749547 -0.176579237 0.5343761444 0.07164715976 -0.1599518061 0.5181567073
-0.3398599625 -0.06651850045 0.04144850373 -0.344879806 -0.02232207917 0.1060566008
0.1296860576 -0.1079688743 -0.2114713788 0.1476792991 -0.05474606156 -0.1835788041
0.2215397358 0.008983073756 -0.1021023095 0.1623906046 0.04194312915 -0.1254124939
0.2640961111 0.08934585005 0.03692740574 0.3174346983 0.0797572881 -0.01830877922
0.03925286233 -0.6283916235 -0.3338594437 0.0005677199806 -0.5758693814 -0.3237462938
0.2849906683 -0.04737930745 0.1900347322 0.2572940886 -0.01610751078 0.195173502
0.05897936597 0.4342338145 -0.2925239205 0.07873872668 0.4602600932 -0.360465914
-0.4124097228 -0.435207516 -0.05270723999 -0.3977721035 -0.412855804 -0.06402339786
-0.08325262368 0.03383630887 0.4692749381 -0.08188640326 0.07400210202 0.4594056904
0.5132285357 0.4332496822 0.4600127339 0.4687100947 0.4628095031 0.4682554901
0.1198386699 0.1960595846 -0.4010826349 0.1621118933 0.2176592052 -0.4234254956
0.2650508583 0.5821634531 -0.1477877051 0.2783319056 0.6040557027 -0.1592794955
-0.480720818 -0.3946917057 0.457129091 -0.5369641781 -0.4695160985 0.472840786
-0.451246798 -0.6750690937 -0.4275020957 -0.3960388899 -0.7073711157 -0.4350224137
-0.163556844 -0.07765175402 -0.4763069749 -0.1183262989 -0.117479898 -0.4760034084
-0.01072112657 0.2560156882 0.02729003876 0.02076268941 0.200818494 0.04032700136
-0.1899691075 0.4079271555 0.1832602173 -0.2690176964 0.4305453897 0.1121580973
0.6184943318 1.153486013 -0.5717485547 0.6151717901 1.114143014 -0.5929120779
-0.5667982101 -1.076887131 0.627857089 -0.5618358254 -1.136898994 0.6683220267
-0.04169761389 -0.3245070279 -0.238864392 -0.0513817817 -0.3307859898 -0.1763291955
-0.0852733925 0.07328546047 0.8113021255 -0.1108558029 0.1312282979 0.8196874857
-0.1714900583 -0.1343449652 -0.987705946 -0.1163346022 -0.1896332949 -0.9968574047
-0.07209129632 0.09221035242 -0.3305422366 0.02853819914 0.1122478992 -0.3908491135
-0.1737298965 -0.08737864345 -0.1350582838 -0.08768215775 -0.0727366209 -0.0725433901
-0.2013120949 -0.3810577095 -0.3537819088 -0.2212107927 -0.339982003 -0.2791809142
-0.5916577578 0.5689936876 -0.5935257673 -0.5534436107 0.5283120871 -0.5285652876
0.9257646799 0.3596460819 -0.1601814479 0.9582000971 0.306440413 -0.08964779973
0.5645102262 -0.06894426793 -0.187301755 0.5740348101 -0.002638339996 -0.202046901
1.627251625 -0.0991390124 -0.4044340253 1.564928055 -0.07719296217 -0.4502921999
0.5259560347 0.5211467147 0.7051746845 0.5765613914 0.5776888728 0.6884394884
0.2752681673 -0.8055202961 0.5630105734 0.2954724133 -0.7883532047 0.5220384002
0.1494251937 -0.2801827192 0.8897176981 0.1478663981 -0.2784206867 0.8967940807
-0.1221127287 0.3095235229 -0.2967825234 -0.1912461966 0.288774997 -0.2507207096
0.4299593568 -0.222654134 -0.5717377067 0.4116703868 -0.2549600005 -0.6231743097
-0.4821718335 -0.002476410707 -0.5792383552 -0.4787679911 -0.09919025004 -0.5987086892
0.5664595366 -1.048408389 0.4650368094 0.6043280959 -1.138422966 0.4738703966
0.02611215413 0.3086512983 -0.133854866 -0.01351793017 0.2777835131 -0.116767399
0.2933833301 -0.6341785789 -0.6966519952 0.2905347943 -0.6453543901 -0.655964613
-0.6116656065 0.370475024 -0.2161071599 -0.5328949094 0.3575642109 -0.2970640063
0.2403052896 0.4070005715 0.3406029046 0.2006912977 0.3576673865 0.3515878022
-0.6647934914 0.1235292554 -1.380482435 -0.6189498901 0.1349461973 -1.357226968
-0.1444731653 0.4852989912 -0.9897597432 -0.1982735991 0.4859355092 -0.9601405859
0.1734063029 -1.665689826 -0.4610076547 0.1970738024 -1.747845054 -0.3749743104
-0.1435994357 -0.185808301 0.2273346931 -0.06008128077 -0.2331216037 0.3016771972
-0.0311858803 -0.04736823216 -0.162620753 0.01812220924 0.01021046005 -0.1521165967
1.887773752 0.03886343166 0.06912767142 1.966169 0.0278573893 0.08873085678
0.279397428 -0.3888164163 0.7012594938 0.33439821 -0.4067474008 0.7122123837
-0.5183306932 0.08067476749 0.4506425858 -0.5373604298 0.1421983987 0.4403724968
-0.5767815113 -0.4282769859 -0.7619960308 -0.5425261855 -0.3730756938 -0.8160319924
-0.3982299864 -0.1483412683 0.317192167 -0.4009296 -0.1332875937 0.2953394055
0.1360014975 0.3349273503 0.251381278 0.1148172989 0.2991381884 0.2243129015
-0.4042820334 -0.8576138616 0.06325080246 -0.4445619881 -0.9674444795 0.0682984814
0.1962533444 0.4614717364 -1.190105677 0.1071756035 0.4623450041 -1.232746005
1.197462678 -0.6689469814 -0.2966885865 1.207466006 -0.6622536182 -0.3019444942
-0.05866897106 0.3434177637 -0.5562993884 -0.01789538935 0.2067369074 -0.5007116199
0.5592265725 0.2852916121 -0.1084107757 0.5913162827 0.2426086068 -0.05349684134
0.7162092924 0.7200475335 0.04622459784 0.7044816017 0.6369352937 0.0207736399
-0.07054436207 -0.6912135482 -0.7402747273 -0.1133501977 -0.795791328 -0.6880149841
-0.4491482973 -0.05478576943 -0.1499960274 -0.4454635978 -0.1374576986 -0.1704735011
0.4844825268 0.4947646558 0.7077642679 0.4680041075 0.5008425117 0.7459511757
-0.1745039821 -0.4170364141 -0.1910816431 -0.162766397 -0.4277341962 -0.242137298
-0.05397855863 -0.0298879426 -0.291950196 -0.07299923897 -0.09462081641 -0.2646799088
-0.4992635548 -0.4401573837 -0.5985319018 -0.4232442975 -0.5304083824 -0.6838797927
0.2046843767 -0.1509681493 -0.3004698753 0.2053201944 -0.1395491064 -0.3248301148
-0.07155790925 -0.1430837959 -0.01670169085 -0.1208074018 -0.180673793 -0.009858460166
0.2834755778 0.3695694208 -0.1052810624 0.2811362147 0.3609336019 -0.06946156174
-0.1552375406 -0.03570329398 0.180140689 -0.2151014954 -0.05314578861 0.2780484855
-0.2122612447 -0.09901668876 -0.5337910652 -0.1385919005 -0.08107136935 -0.4936707914
0.08542042226 0.1694676131 0.2349693626 0.07783386856 0.2228105962 0.1141806021
0.01522775088 -0.6965204477 -0.8572111726 0.03511017933 -0.7101181746 -0.9194623232
-0.02150059305 -0.1394687593 0.237915501 -0.03735870123 -0.205271706 0.1460587978
-0.7844250798 -0.4361983538 0.05114408955 -0.7907662988 -0.4862554967 0.03082331084
0.09715060145 0.5883818865 -0.1510620713 0.02752736956 0.6035469174 -0.08095563948
0.06654246897 0.9367514849 1.326851726 0.05980854854 0.9121162891 1.288012981
0.2969123721 -0.5843665004 0.2823397219 0.2254371047 -0.5992537737 0.2574586868
-0.1887638718 0.4473592341 0.1559298038 -0.215607807 0.4376525879 0.2660784125
0.8707484007 0.3107263148 -0.4817021787 0.8382819295 0.2759613097 -0.4535286129
0.1457764506 0.3571663499 0.2937439084 0.09408900142 0.3526333869 0.340280503
-0.4397237301 0.014616834 -0.1766774207 -0.4278753996 0.05051013082 -0.2612450123
0.3282358646 -0.02094808221 -0.1586716622 0.3439019918 0.03099996038 -0.1475923955
-1.477459073 0.02308603935 0.1621111184 -1.602442026 0.0567866601 0.2605397999
0.1364885867 -0.2963504493 0.1732016057 0.1250102967 -0.2985421121 0.2385402024
0.1236409321 -0.2402438968 0.08738616109 0.08745017648 -0.2173327059 0.03152088076
0.7059650421 1.107578278 -0.2924268246 0.7218307257 1.149855971 -0.3176433146
-0.1589258313 -0.06037576497 -0.791872263 -0.160868004 -0.08481288701 -0.7675278783
-0.02056226507 -0.3534680605 -0.001013319939 -0.01044199988 -0.3193123937 0.04404313862
0.09413733333 -0.7256416678 0.09209489077 0.06236302108 -0.7588074803 0.08608610183
-0.5941945314 -0.07085043192 0.275377959 -0.6300293207 -0.03560167179 0.2378849983
0.1074624956 0.8985471129 0.3369546235 0.1369787008 0.9196316004 0.2818711996
-1.70677495 -0.180531919 0.1077944562 -1.704478979 -0.1535249949 0.105523102
-0.08798862249 0.5540841222 -0.8597219586 -0.0941580832 0.5582770109 -0.8291891813
0.3185747564 0.1650604308 -0.09636381269 0.2577688098 0.2859655917 -0.03183145076
0.6436867714 -0.1267634034 0.001981774345 0.5932583213 -0.06367909908 0.05235116184
-0.0100847818 -0.0613094233 -0.4631183147 0.002758549992 -0.04416508973 -0.4625928104
0.5118252635 -0.8709722757 1.463933229 0.3533967137 -0.9073104858 1.463986993
0.4173116982 0.355833739 -0.3310215473 0.3253915012 0.3629933894 -0.2584618926
-0.2005684972 -0.7852271199 -0.5104030967 -0.1715569049 -0.7829241753 -0.5834730268
-0.09453461319 -0.5230154991 -0.03621350601 -0.038299229 -0.4604890049 -0.05217039958
-0.1765344441 1.784970164 0.416841954 -0.1432309002 1.844485044 0.4522596002
-0.2039850652 0.05213547871 0.05144827068 -0.2283007056 -0.02275902033 0.09541808069
0.2054981738 0.5078662038 0.1983932853 0.2154093981 0.4267562926 0.1989946067
0.02815038152 -0.5717715025 0.4136620164 0.03898354992 -0.401674211 0.5138493776
-0.5443915129 0.007146887481 -0.01985726506 -0.4871951938 -0.02453050017 -0.05191240832
0.2427748144 -0.005497234873 -0.3259339929 0.1852931976 0.07429523766 -0.2999346852
-0.09203222394 -0.1774415374 0.514010787 -0.0750708431 -0.1212958992 0.5433545113
0.1139361262 0.8013704419 -0.6975051761 0.06111770123 0.8442881703 -0.6344088912
-0.4006556273 0.1973205805 0.3108056188 -0.3965924978 0.2597196996 0.3285040855
0.1961110234 0.1913361251 -0.5164418817 0.1631073952 0.2358261943 -0.4736033082
-0.1443881243 0.4435677826 0.1873536855 -0.06405881047 0.4481515884 0.2114413977
0.3499250114 -0.2733904123 0.2184378356 0.3780596852 -0.3561483026 0.3377422094
-0.08946865797 0.3396750093 0.0297344178 -0.1608005017 0.2779535055 0.1206455976
0.172605589 -0.325666219 0.206797868 0.1768005043 -0.3233521879 0.239970699
0.002153348178 0.4319689572 0.4574743211 0.00229631993 0.4786140025 0.4430322945
0.05164359882 0.8741274476 0.3401533365 0.04086479172 0.9133527875 0.3474155068
0.1704826653 -0.2350165546 -0.3916422129 0.2195352018 -0.2219067067 -0.3552091122
-1.123966098 0.9315106273 0.3080491126 -1.09831202 0.8623169065 0.2885788977
-0.06279652566 0.2562251091 -0.3811428249 -0.07208848 0.282800287 -0.3435680866
-0.4178708792 -0.3317756057 0.2593178451 -0.5376638174 -0.3547194004 0.2517853081
0.1031394228 0.4798063636 -0.4702414572 0.05648370832 0.5419101715 -0.4257363975
-0.5107665658 -0.1876653433 0.02055323124 -0.4482519031 -0.1425286978 0.03227674961
0.609110117 -0.3126705587 0.2246201932 0.6270468235 -0.2378284931 0.3234294951
0.1984861642 0.7911424637 -0.3279508054 0.237727493 0.8023874164 -0.3365670145
-0.2904357612 0.1408130229 0.3135246634 -0.2954058051 0.1093712002 0.3326643109
-0.275277704 -0.1020515934 -0.1200605631 -0.2806996107 -0.05500157177 -0.06758794188
0.07004585862 -0.1333921254 0.06956817955 0.1008716002 -0.1376366019 0.1721397042
-0.9522279501 -0.2205993384 0.4096319973 -0.8774271011 -0.1493815929 0.4053564966
-0.8482313156 0.00411324203 0.3989357054 -0.7853419781 -0.005342780147 0.3195993006
-0.3944259286 0.0565155372 0.1134267896 -0.3637093902 0.09319013357 0.1570550054
0.03745063394 0.0677280277 0.6605274677 0.06227783114 0.1219772026 0.7062594891
-0.1205665469 0.06504505128 0.5076483488 -0.06507606804 0.1208261997 0.5739957094
0.2614680529 0.01853552088 0.1297419369 0.2961654067 0.1047877967 0.2437821031
-0.1115421802 0.4177657366 0.2855708301 -0.1679333001 0.4495170116 0.2840364873
-0.2991239429 -0.4242487848 -0.04594827443 -0.3660129905 -0.4189868867 -0.02355849929
-0.3006517589 -0.3349667192 0.7355307937 -0.2676505148 -0.2748824954 0.7348144054
-0.3893992603 0.07128175348 0.4869884551 -0.2697499096 0.1280331016 0.5529661775
-0.2366091013 0.0009333789349 -0.5864423513 -0.3123776019 0.01934997924 -0.6062551737
0.3089285791 -0.5010342598 -0.09775745869 0.2766934931 -0.398935914 -0.0200777594
0.0345091112 -0.094469212 0.1910693794 0.1397867054 -0.1355194002 0.1831714958
0.3852177262 0.02423718572 -0.7532047629 0.4387212992 -0.07073696703 -0.7656242847
-0.8917797208 -0.06375591457 0.7798817158 -1.00546205 -0.03022938035 0.7425320148
0.1391487718 -0.1780708879 0.7867652774 0.08177000284 -0.1568588018 0.8895534277
0.4197505116 -0.5074459314 0.1572955251 0.3872111142 -0.4946241975 0.1121568009
-0.2217990607 0.1750889271 0.2648028135 -0.2307083011 0.2319557071 0.2665944099
-0.4464057386 -0.008124917746 0.1222662777 -0.3987464905 -0.03367524967 0.09364505112
-0.7212939262 0.01763822511 0.4173434079 -0.7802191973 0.01041449979 0.4443649054
0.5311210155 0.2296185791 0.2445977628 0.4709259868 0.2307284027 0.2481757998
-0.2432632148 -1.225627422 -0.2364355624 -0.2441662997 -1.250373006 -0.2006555945
-1.396617651 -0.8372904658 0.3121834993 -1.38065505 -0.8484240174 0.3138185143
0.001490779221 0.2916852832 0.5990620255 -0.008957579732 0.3311331868 0.6334509254
0.09157821536 -0.4144954681 0.8442818522 0.1052089036 -0.4307078123 0.7792553902
0.0191536583 -0.0254100021 -0.9393783212 0.02877748013 -0.02062582038 -0.947542727
0.01543338224 -0.09518717974 -0.215043962 -0.05204635859 -0.1263719946 -0.168501094
0.7905068994 0.04418918118 -0.1274586618 0.8426498771 0.03826890886 -0.1767718047
-0.3463445008 0.3986754715 -0.6389933825 -0.3566986918 0.303558588 -0.6698579192
-1.1491611 0.3043010533 -0.3653115332 -1.099377036 0.2467696071 -0.4338861108
0.5308270454 -0.2449460328 0.2205382437 0.5044593811 -0.2960734963 0.2357115
-0.04829130322 -0.395855993 0.5532711744 0.005733720027 -0.4126820862 0.4808774889
0.292247504 0.753082633 -0.3537244797 0.2834683061 0.6524876952 -0.3822535872
0.3041553795 0.01302418951 -0.7231094241 0.3068164885 0.01217406988 -0.7009310722
-0.3357121944 -0.2780198157 0.4115031958 -0.337875098 -0.2998361886 0.4117757082
0.1771377027 0.1939131767 -0.2102635205 0.09301990271 0.1681472063 -0.2534757853
-0.5236567259 0.01972580701 -0.1750625074 -0.5009198785 0.02907031961 -0.2076911032
-0.03935973346 -0.2019872516 -0.5414536595 0.09775754809 -0.1608491987 -0.5637046099
0.2255044132 0.7476045489 0.7142739296 0.189586401 0.8439583778 0.7352585793
0.02977886796 0.3870100081 0.1301491708 -0.02670544945 0.4270024002 0.190032497
0.5872071981 0.0393740274 0.1708450913 0.5792365074 0.1216920987 0.09917732328
0.3821613789 -0.1212610751 -0.3014115989 0.3665868044 -0.06299263984 -0.2795653045
0.3148987293 -0.02135094628 0.8300229907 0.3747741878 -0.05349152163 0.8199148178
1.059769869 -0.5739566684 -0.6012308598 1.123986959 -0.6063280106 -0.6209099293
-0.02903124318 1.272166014 0.009279703721 -0.1041982993 1.333135962 -0.004800530151
-0.03538895398 -0.03807975352 -0.380087465 -0.06066191941 -0.01324243005 -0.386972487
-0.9121562243 -0.3455400169 0.9653693438 -0.8681468964 -0.3219929039 0.9865205884
-0.099809587 -0.1174905524 0.565671742 -0.07661343366 -0.1208396032 0.5573925972
1.309442639 -0.1066765115 0.399099648 1.251682997 -0.09400574118 0.3252755105
0.2565664649 -0.4975679219 -0.2256961018 0.2052555978 -0.4514507055 -0.2734554112
-0.08524490893 0.3586884141 0.4481525123 -0.02462545037 0.3742949069 0.4352976978
-0.06863337755 -0.4481688142 -0.5681194067 -0.1049071029 -0.4043569863 -0.5990983248
-0.8954617381 0.1781329066 -0.1880503595 -0.9945654869 0.1616668999 -0.1924158037
0.2027568221 0.06513178349 0.06294708699 0.2447396964 0.04679635912 0.1091767028
-1.312149763 0.2745867074 0.3461408019 -1.386540055 0.2467427999 0.3540577888
-0.2851597071 -0.003238551319 -0.4561217129 -0.2575097084 0.06080444902 -0.4066843987
0.09621183574 0.5451269746 -0.5337522626 0.09274637699 0.5996980071 -0.5149757266
-0.0603600964 -0.01351045072 0.1785071343 -0.05738281086 -0.02370505966 0.2183959931
0.01471046265 -0.1575642824 1.226125002 0.00950662978 -0.1295091957 1.277907968
-0.01750999317 -1.084816217 0.3338659108 -0.05424050987 -1.035539985 0.2517670095
-0.2745676637 -0.186894685 0.4211679101 -0.3218831122 -0.05066109076 0.5184273124
0.05815600604 0.4645589888 0.1225207523 -0.03815136105 0.4579508007 0.0725447312
-0.4393434823 0.1883855164 -0.4488967955 -0.3490329981 0.1222202033 -0.5438122153
0.3255770802 -0.5180785656 -0.1224103868 0.2062142044 -0.4383386075 -0.1044619977
-0.199216336 0.4188273549 -0.5830119848 -0.2309577018 0.4710491896 -0.5861284733
-0.565071404 -0.03437870368 0.9566549659 -0.5640717149 -0.00257158 0.9347394705
-0.248796463 0.1492674947 0.01243719086 -0.319185704 0.1050492972 0.02766673081
-0.2091940045 0.9375116825 -0.1749900132 -0.1551609933 0.9532688856 -0.1869841963
0.4589248002 1.033398509 0.6746817827 0.4326482117 1.059218049 0.6226658225
0.3420445621 -0.2185025513 0.6022877693 0.3001228869 -0.1785030961 0.6057562828
-0.1619473994 -0.2525925338 0.04560190812 -0.2123568952 -0.3553963006 0.01912108064
-0.0420046486 -0.1318286061 -0.2697640657 -0.04666040838 -0.1219907999 -0.2767108083
-0.3600938916 0.7254167795 0.8743584156 -0.4398748875 0.8161849976 0.8115004897
-0.6727634668 -0.1717990786 0.0428911671 -0.5989124179 -0.2182328999 0.08402665704
0.3401247263 0.2373476177 -0.1757524014 0.3066241145 0.2923322916 -0.125682205
-0.02356860414 -0.1824846417 0.5003859401 -0.009718460031 -0.1545231044 0.5520961285
0.2555473149 -0.2970333993 -0.2547309995 0.2613905072 -0.2868547142 -0.2478213012
0.3590689003 -0.5340619087 0.3418295085 0.4227940142 -0.5251535177 0.3917247057
0.04929191992 -0.6755427718 0.005322556943 0.08766718954 -0.6380649805 -0.04538372159
-0.09694496542 0.8458306789 -0.6679965854 -0.08727628738 0.9497867227 -0.7121722102
0.2275775522 -0.1020843685 0.02090896294 0.203913793 -0.1481027007 0.007334869821
0.1036570519 0.02133737504 -0.2531708181 0.1996702999 0.03309620172 -0.3029789925
0.2463040352 -0.06846316159 -0.1988947242 0.2741250992 -0.1007006988 -0.2202335
-0.3302743137 0.9851864576 0.1464954764 -0.2737669945 1.004325032 0.1378321052
0.15433532 -0.2914380431 -0.5668280721 0.1468625069 -0.321687907 -0.570206821
0.3836373389 -0.1016271636 -0.1896634549 0.3839113116 -0.1413664967 -0.2147779018
-0.5877352357 -0.808686018 -0.05934415013 -0.5487799048 -0.747027874 -0.01655510068
0.1886499822 0.08297306299 -0.08658443391 0.1591562033 -0.01768757962 -0.07928741723
-0.0312513411 0.4395362735 -0.4316624105 -0.05458705872 0.5015953779 -0.3737714887
-0.07410630584 0.186046809 -0.05280025676 -0.1135227978 0.2740055919 -0.09331440181
0.7668569684 -0.1737358272 -0.1812028289 0.7491939068 -0.07819835842 -0.2275377065
0.07939215004 0.3314719498 0.3494839966 0.1161487028 0.3594287038 0.3334262073
0.1169946417 -0.1952418685 -0.01313887164 0.1676753014 -0.2220833004 -0.06075929105
-0.114181526 -0.3673032224 0.3380856216 -0.1218177006 -0.3664003015 0.3519698977
0.4783363342 -0.03463441133 -0.1004100367 0.4836140871 -0.07401569188 -0.06435964257
-0.2837306559 1.062126517 -0.6171155572 -0.2455680072 1.061184049 -0.6111497283
-0.2497213483 0.261946559 0.1738148928 -0.1834111065 0.2226877064 0.1654925942
-0.1676278114 -0.06186362356 0.5378430486 -0.229797706 -0.02739582025 0.5666052103
0.09176191688 0.3244616389 -1.579157829 0.08156850189 0.2556918859 -1.573714018
0.6383808255 0.0165626239 0.3164108098 0.6076518297 0.06577514112 0.300468713
0.01687552594 0.6234278679 -0.09720717371 0.01232278999 0.6317201257 -0.2048531026
0.9133633971 -0.1876219958 0.5140168667 1.030094981 -0.243234694 0.4845652878
0.1789337248 0.6462587118 -0.05577622727 0.2035645992 0.6306763291 -0.1413992047
-0.03915198147 -1.711934447 0.06679689884 0.00271295011 -1.715872049 0.08058661968
-0.5667821169 -0.6436112523 0.2426788211 -0.4872688055 -0.6094077229 0.1924186945
-0.02176381648 0.1037567183 0.3982859552 -0.02699699998 0.1632919014 0.2655791938
-0.0451342538 -0.3871124685 0.7563343644 0.01377044991 -0.4062677026 0.6972699165
0.6617968082 0.2434069514 -0.1565296203 0.6121603251 0.3592145145 -0.1267157048
0.8983771801 -0.6379908919 -0.0556788072 0.9048988819 -0.6228697896 -0.02768027037
0.1798519194 0.03085376322 0.5582265854 0.1890697926 0.008014109917 0.5641869903
1.090079069 -0.6824044585 0.02936339751 1.135735035 -0.6539946795 -0.07058019936
-0.1011699438 -0.4719753265 0.1691904515 -0.1384057999 -0.5400717854 0.04335261136
0.04248250648 -0.3067855835 0.5859468579 0.1024008021 -0.2872791886 0.5746651888
-0.3057189584 0.5319972634 -0.4244891703 -0.3144909143 0.4589344859 -0.3991560936
-0.1669302136 -0.09722271562 -0.05002143979 -0.2209023982 -0.09796608984 -0.06221885979
-0.04053641856 0.1565947682 -0.03026353382 -0.01339775976 0.1711447984 -0.08437322825
-0.277897507 -0.2142679244 -0.579565227 -0.2527356148 -0.2350022942 -0.5649747849
0.6746572256 0.02704551816 -0.2314239293 0.6913670897 0.03587761149 -0.2824586034
0.2916114628 -0.4426164329 0.1829497963 0.269176811 -0.47458601 0.1762426943
1.499869823 -0.05997275934 -1.311135888 1.529700994 -0.100938797 -1.352738023
-0.04239544272 -0.2269811779 0.2504339814 -0.0499067083 -0.1169380993 0.2068258971
-0.1773501039 0.1026924029 -0.1597290337 -0.1907819062 0.02657306008 -0.1529902965
0.08662642539 0.1585907042 0.108250469 0.1096969023 0.1276014 0.06396348029
-0.4758380949 -0.1369038224 -0.5670161247 -0.4023781121 -0.2171247005 -0.5351055861
0.09297519177 0.13674438 0.3533625901 0.1586993039 0.08558689058 0.3406479955
-0.3848174512 0.6551988125 0.007333867252 -0.3727813065 0.5803207755 -0.01947944053
0.09620320052 0.592584312 -0.8771286607 0.03976678103 0.5528820157 -0.983487606
-0.4094922245 -0.4082139134 0.1979490966 -0.4133118093 -0.3929018974 0.2795264125
-0.3012253642 0.2789983749 -0.1361508667 -0.3010506034 0.1435163021 -0.1878219992
-0.03071396053 0.5914464593 0.08038388938 -0.02013709955 0.5889437199 0.003826919943
-0.08659011126 0.4282225966 -0.3757968247 -0.1535591036 0.4106161892 -0.4148901105
0.6441716552 0.1651929319 0.524307251 0.624868989 0.0435529016 0.5341160297
-0.5892120004 -0.3153191209 -0.131667316 -0.6152390242 -0.3096174002 -0.1071737036
0.2187059373 -0.2584292889 0.2897683978 0.2593105137 -0.2829836011 0.258662492
-0.03212556243 -0.3905087709 0.4339846373 -0.08246511966 -0.4593135118 0.4214664996
0.08921607584 -0.3218342364 0.1838262975 0.03320176154 -0.3787479103 0.1046447009
0.2055032849 0.5391511917 -0.1528689414 0.2824335992 0.4852234125 -0.2307838947
-0.1872618943 -0.3420560956 -0.1035645157 -0.09412889928 -0.4138812125 -0.09802600741
-0.3988538682 1.033373117 -0.1918255985 -0.4072875977 0.8741816878 -0.2443602979
-0.2021318972 0.8128461242 -0.05208566412 -0.2095091939 0.7621883154 -0.07644215971
0.07284402102 -0.1594881117 0.252784431 0.03465792909 -0.1629377007 0.2402396053
0.01939703152 0.853960216 0.2757686377 0.03368368 0.8181679249 0.2675713897
0.05379560962 0.05242943019 0.3434731662 0.03960949928 0.03528304026 0.3739227057
0.4011354446 -0.07384541631 -0.2105640173 0.4066027999 -0.1500699073 -0.2430416048
-0.3516888022 -0.04462596402 -0.2201348841 -0.4370254874 -0.02080493048 -0.2617076039
0.5034809113 -0.2969993651 -0.3872626424 0.5534418821 -0.2347258031 -0.3711017966
0.5466406345 -0.0830334723 -1.06333828 0.5394647121 -0.07915163785 -1.043483019
-0.1805323362 -0.3663803935 -0.4391342103 -0.1585499942 -0.4115360975 -0.297793299
-0.1151644886 0.2675865889 0.8108332157 -0.1536206007 0.213875398 0.7887840867
0.1813052893 0.2331629395 -0.7207161784 0.1388736069 0.2001059949 -0.8225352764
0.1056395695 0.1090652347 0.8230887055 0.1503307968 0.1350980997 0.8778620958
0.6471756697 0.003065969795 0.4448095262 0.7344369888 -0.00996673014 0.4438970983
0.3345036507 0.0637178421 0.05782078952 0.3607374132 -0.04051595926 0.1341183037
0.2137044221 0.5733753443 0.2476867735 0.1415442973 0.6246188879 0.2320238948
-0.03484168649 0.1069691628 0.2950509191 0.007465819828 0.1651992053 0.2347044945
-0.02865862474 0.1153162271 -0.3624771237 0.01173962001 0.1566462964 -0.3473289013
0.2191516757 -0.03109896742 0.344879359 0.2355736941 -0.0186448209 0.3635920882
0.01606144384 0.3928866982 -0.8105717897 -0.1250113994 0.3754031956 -0.7911196947
-0.2308000326 -0.09178448468 0.4472036362 -0.2537207007 -0.09788908809 0.4382439852
0.3799996674 -0.1201455966 0.9457530975 0.2769775987 -0.1965392977 0.8426277041
0.4150187969 -0.6017398834 0.08366192877 0.3862808049 -0.6162611246 0.07265935093
0.2691993117 -0.3545672894 -0.0265114475 0.2035187036 -0.3262374103 0.0337587595
0.3496226966 -0.06186196208 -0.3149628639 0.3732900918 -0.1243095025 -0.292011708
0.3643192649 -0.858066082 -0.2603709996 0.2932687104 -0.8476613164 -0.2311491072
0.2084755749 0.1577482522 0.3343226016 0.1697583944 0.1682658941 0.3180618882
0.5481230617 0.5538239479 0.3341079354 0.5358415246 0.5776734948 0.2897402942
-0.4088854194 0.5088793635 -0.1961469799 -0.3336263001 0.4228357971 -0.2050092071
0.1453555077 -0.2435036153 -0.7931375504 0.09495811909 -0.2190517038 -0.7485954165
0.3675783575 -0.02495272085 -0.4946477413 0.3672676086 -0.1118647978 -0.5565807223
0.1679683924 0.5153371692 0.2397614717 0.09685970843 0.5450974107 0.1758728027
-0.3888507187 -0.1212627143 0.1338462383 -0.4014989138 -0.1526249945 0.1930609941
0.2186814845 0.08889450133 -0.01989694685 0.2031860948 0.06493998319 -0.02288833074
0.2022481263 0.09025287628 0.1381099522 0.1715379953 -0.02282609977 0.04153119028
-0.3657418191 -0.05756251514 -0.1075390577 -0.3921673 -0.09666387737 -0.1561885029
0.3055142164 0.01721880399 -0.3959736526 0.2752763033 0.01236938033 -0.3710475862
-0.1482562125 0.5590558648 0.1634777486 -0.1073622033 0.4800445139 0.1703259945
-0.2343774289 0.2747898996 0.2722713947 -0.1858918071 0.2525405884 0.3105331063
0.3820096254 -0.03370086476 -0.5477129817 0.3990089893 -0.1409755051 -0.4939604998
-0.02585180849 -0.2139727026 -0.2322507799 -0.06130218878 -0.2620877922 -0.1887294054
0.2834105492 -0.9825617075 -0.1266729534 0.307166189 -1.047631979 -0.09915202856
0.418887347 0.1674446911 -0.3520778716 0.4115414917 0.1760239005 -0.3852722943
-0.3237688541 0.05364749581 -0.07208199054 -0.3742407858 0.1069915965 -0.04683367908
0.4526982307 0.3312020898 -0.5257737041 0.3959896863 0.2522939146 -0.6054552197
-0.5516659021 -0.293767482 0.3402957022 -0.6168180704 -0.3573122025 0.3248335123
-0.5837401152 0.2392779589 -0.6765266061 -0.5735468864 0.1607649028 -0.7242171168
-1.124160051 0.1734983921 -0.02060909569 -1.080996037 0.1432738006 -0.05022228882
0.7588983774 -0.1836439371 0.3630037606 0.6974747181 -0.1625667065 0.3470615149
-0.2015430182 -0.02955026366 0.09962727875 -0.2359147072 -0.1136590987 0.04984289035
0.4830711186 -0.2540016472 -0.4718937874 0.4447146058 -0.3046843112 -0.4310827851
-0.01721382514 -0.1506904066 0.4135289788 -0.05561563 -0.2007392943 0.4727509916
-0.06777660549 -0.2307959497 1.108056307 -0.1477898955 -0.2714886069 1.105208039
-0.10233289 -0.9288572669 0.1567675769 -0.1269132942 -0.9138677716 0.1350937039
-0.1434101462 -0.2170364708 0.004872821271 -0.1707939953 -0.2186761945 0.008733560331
0.03268692642 -0.1905636191 -0.4996069074 0.0402392298 -0.2276376039 -0.5275549889
-0.5851297379 0.8548415899 -0.1855485737 -0.6782119274 0.8926072121 -0.1319541931
0.340942353 0.3445686698 0.3132937849 0.3796392977 0.3518312871 0.3180286884
-0.2977832854 0.1258911937 0.414224565 -0.2407236993 0.1395490021 0.4238814116
-0.4809545577 0.000420615077 0.5303328037 -0.5161582828 -0.0259439908 0.5681574941
-0.9502228498 0.08694429696 -0.2153919637 -1.032950997 0.0534681417 -0.1925269961
-0.06907780468 -0.3028183877 -0.05275266245 -0.1147743016 -0.3487794101 0.00680794986
-0.1687283665 0.3080994487 -0.5685760379 -0.1326286048 0.2967281044 -0.5144491792
-0.2938782871 -0.4151780307 0.1080828086 -0.2944436967 -0.4152638018 0.1903297007
0.7865305543 0.2257455736 0.4856078923 0.8131694794 0.1270754039 0.4891315103
0.1746038795 -1.088130951 -0.02624998614 0.09970950335 -1.144278049 -0.03386643901
0.5007822514 -0.187011987 0.02791707776 0.4696798921 -0.2508122921 0.03787358105
0.5612403154 -0.373593986 0.1619451791 0.5754812956 -0.3047575057 0.1251565069
0.07828059793 0.6020199656 0.857448101 0.09532789141 0.6150646806 0.8782618046
0.07836087793 -0.375295043 -0.4139813781 0.03217085823 -0.4502480924 -0.3919807971
-0.05442865193 -0.03559278324 0.2691694498 -0.1552083939 -0.01980140992 0.3026978076
-0.2110725641 0.6337364912 -0.38798967 -0.3001483977 0.5556399822 -0.3266176879
-0.2085419595 0.0235058777 -0.7318987846 -0.2563281059 0.02365965024 -0.6646236777
0.4966576993 -0.2799744606 0.6821054816 0.4754694998 -0.3016934097 0.7347565889
-0.2828488052 -0.1920100003 -0.3646685481 -0.326558888 -0.2369254977 -0.3220668137
-0.6962459683 -0.08584645391 0.1018200889 -0.7634128928 -0.1056177989 0.09186016768
-0.09968046844 -0.1207947731 -0.2761087716 -0.1553236991 -0.1091758981 -0.1858450025
0.1922232807 -0.1280948669 -0.2407947332 0.1009667963 -0.1017021984 -0.2077322006
-0.3625240922 -0.2627144754 0.003206387162 -0.3644864857 -0.2743932903 -0.04696045816
-0.2982625067 -0.05652618781 0.3758453727 -0.3227232099 -0.09766075015 0.3819509149
0.3683004379 0.7175236344 0.114605777 0.3923383951 0.6303486824 0.1370313019
0.2310195565 -0.702667594 0.1794368476 0.1354051977 -0.6864848137 0.2136325985
-0.7012004852 0.04200828075 0.1309155226 -0.7050585151 0.1190520972 0.2079685032
0.1141616926 0.2838621438 -0.4067617059 0.1799318939 0.3390372097 -0.4962111115
0.07573398948 -0.087102741 -0.1178946793 0.06698101014 -0.2018319964 -0.1352702975
-0.0993488878 0.2003695816 -0.2654056549 -0.1515025944 0.1035192013 -0.2787796855
-0.5470226407 0.3273253739 -0.1151773334 -0.492672205 0.3659029901 -0.169313103
0.09416659176 0.9229594469 0.2076507062 0.1126545966 0.9650198221 0.227947399
0.1189489439 -0.3744799197 -0.202810511 0.09755578637 -0.450176686 -0.1863629073
0.4103155732 -0.2204948664 0.1486077458 0.3245060146 -0.3030740023 0.1490672976
-0.03700724989 -0.2119472921 0.1513653696 -0.06914637983 -0.1913588047 0.2586573958
0.08048947155 0.525135994 -0.0441160351 0.09311196208 0.4566335976 -0.01215209998
0.02614258043 0.04809004441 -0.3783134818 -0.02874531969 0.03545619175 -0.346437186
0.07165060192 -0.120757103 -0.1868348569 0.02296449058 -0.1619669944 -0.1537999958
0.184291169 -0.3542701304 0.1125240624 0.1340380013 -0.3119539022 0.1087827012
-0.596637845 -0.1365511268 0.2212857604 -0.6126003265 -0.1857441962 0.2657476068
0.0654739216 -0.2775686979 -0.254054606 0.02134468034 -0.2876867056 -0.1987015009
0.5308142304 0.8002862334 0.1041161269 0.4351916909 0.8157625198 0.1366316974
-0.115844354 0.4806605577 0.522662282 -0.2325626016 0.4318783879 0.5447518826
-0.2696387172 -0.2599457204 -0.9229896665 -0.2996593118 -0.2784135938 -0.8946949244
-0.05210335553 0.01480775513 -0.1816782653 -0.1066785976 0.02648404986 -0.2556006908
0.3021941781 0.1584156156 -0.7698671818 0.2502926886 0.0920887813 -0.7320324779
-0.07804845273 0.2624801695 0.154678449 -0.1055029035 0.2736268938 0.1105865985
-0.04680122435 0.3092451096 -0.2096725851 -0.04027662054 0.3218061924 -0.1278271973
0.07684963942 -0.1277069747 0.06230745465 0.1061315984 -0.1187295988 0.02596347034
0.5768665671 -0.5935709476 -0.1140587181 0.559133172 -0.5876079798 -0.07592818886
0.1909390837 0.1906787157 -0.3909550905 0.1111866981 0.2108242959 -0.387650609
0.43834728 0.2536811829 0.06202666461 0.4491276145 0.4055485129 0.02598522976
0.6729086041 0.2680676281 -0.12288028 0.6484149098 0.2802231014 -0.1112990007
-0.2547873855 -0.2741189301 -1.542811751 -0.2800188959 -0.3127960861 -1.541668057
-0.1586734504 0.3268830478 0.4596346915 -0.2291838974 0.2369419038 0.5341138244
0.1021208465 0.0191583056 0.1303966641 0.1187227964 0.0008281500195 0.1222089007
-0.4441277385 0.1900237501 0.8013159037 -0.4715819955 0.1989616007 0.7744166255
0.2812832296 0.1965112835 0.5905821323 0.333416611 0.2232079953 0.623134613
0.427195996 -0.1736019105 -0.5077493191 0.3936114013 -0.2677893937 -0.5057448745
0.07442469895 -0.1230325475 0.05743815377 0.108994402 -0.121816799 0.03372666985
0.03293867037 0.4841213822 -0.1695873588 -0.01024864987 0.4979636073 -0.1139098033
-0.4100302458 0.5675219297 -0.7449768782 -0.4436705112 0.6127917767 -0.7613785267
-0.2981378436 1.128303409 -0.08258596808 -0.2970393896 1.146121025 -0.1275414973
0.0413717404 -0.7404872179 -0.05373039469 -0.03668766096 -0.7438840866 -0.08696936816
0.05318849906 0.4548960328 0.3146105111 -0.0397570692 0.4471837878 0.3602507114
0.1219372079 -0.3846621513 -0.3730981648 0.0548110418 -0.4164605141 -0.3158948123
-0.02231782116 0.2523773909 0.4379993677 -0.07071737945 0.2156727016 0.4412473142
0.6720227003 -0.7347741723 0.3137666881 0.6553763151 -0.7887821794 0.3737344146
0.3398220539 -0.5901386142 0.08539565653 0.2897951901 -0.5864673257 0.03944449127
-0.08903539181 -0.4354824424 -0.1397978514 -0.05688770115 -0.3903991878 -0.1551598012
-0.2612138689 0.05497300252 0.1960166097 -0.1941508949 0.08989358693 0.1635839045
0.01373940427 -0.1281093061 -0.6813174486 0.04658760875 -0.04771593958 -0.6483523846
0.07084883749 -0.2781732678 0.5904051065 0.09478256851 -0.2806422114 0.5813543797
-0.06052623689 -0.1107220724 0.08896932006 -0.09226851165 -0.03559441864 0.0766068697
0.2345003486 0.6382828951 -0.3961576819 0.1962469965 0.6692522168 -0.4001297057
-0.21853064 -0.4444444478 -0.1629598886 -0.1948062927 -0.44294101 -0.147804901
-0.1229400039 -0.1707232445 0.3173976243 -0.1273670048 -0.1678972989 0.4031082094
-0.2252313197 -0.3999176621 -0.05031257868 -0.2872973979 -0.4263535142 -0.1010747999
-0.3222872019 -0.1101659387 0.5017797351 -0.2973237038 -0.116124399 0.5478333831
-0.1864538193 0.4413235784 -0.8261606693 -0.1758314073 0.4519442022 -0.9173644781
0.4637156129 -0.1039501205 0.7917563319 0.5372703075 -0.1041389033 0.7368420959
-0.4381174445 -0.226495415 0.1814160049 -0.3730312884 -0.2381217927 0.2355747074
-0.1915728599 0.1517481655 -0.2868390381 -0.1689147055 0.1402100027 -0.2873607874
-0.06147652119 -0.1969607174 0.1510507315 -0.03808547929 -0.1339485943 0.1457944065
0.242873162 0.4334581196 0.1249639764 0.2493582964 0.5044844747 0.09606128186
-0.2514804602 -0.3025523424 -0.3120799363 -0.2173604965 -0.3093290925 -0.3557097018
0.5035689473 0.2057846338 0.6055192947 0.5082203746 0.1752849072 0.6174820065
-0.4951685071 -0.04828502238 0.08842342347 -0.4857049882 -0.1006041989 0.08133532107
-0.1222471148 0.2323357016 0.126412183 -0.05366884917 0.3029783964 0.07718162239
-0.2051098794 0.2675757408 0.1501135528 -0.1458306015 0.1946623027 0.1757916063
0.2888940573 -0.6693400145 -0.1671270728 0.317849189 -0.7279239297 -0.2082661986
-0.1031998992 0.1524416655 -0.3288705349 -0.1219652966 0.1800878048 -0.357077688
0.1200230718 -0.2997063994 0.1999849826 0.1448547989 -0.2813295126 0.153441295
-0.7323489189 0.5066028833 0.4442111254 -0.6778550148 0.508382082 0.4316835105
0.668558538 0.2154732049 -0.1809806675 0.6701521873 0.3009594977 -0.1150048003
0.2830213606 0.3519775271 0.2848691046 0.309495002 0.3213481903 0.2971901
0.3218891323 0.1059533209 -0.1392403841 0.3011111021 0.1262225956 -0.1257531047
-0.6956783533 -0.05426567048 -0.39599365 -0.7329726815 0.01423138008 -0.3512892127
-0.9288161993 -0.1767576337 0.4616886377 -0.8882200718 -0.1536258012 0.4683055878
-0.08211649209 -0.06493076682 -0.2273810208 -0.03998510167 -0.1029020026 -0.1911035031
-0.2397308648 0.3161298633 -0.290206939 -0.2255548984 0.330013603 -0.2318203002
0.02579951659 -0.6734346747 0.2756669819 0.0659519285 -0.6677296162 0.2164227962
-0.07333086431 -0.7594832778 0.1602502465 -0.09522627294 -0.7609956264 0.1028409004
-0.6455172896 -0.06407006085 -0.1666188687 -0.6439415216 -0.05741760135 -0.2026537955
-0.06103280559 0.3534512222 0.4139446914 -0.06076620892 0.457247287 0.4614570141
-0.2616507709 -0.3261488378 -0.1361544728 -0.2053222954 -0.410292089 -0.08959657699
-0.3835029602 0.3471978903 0.1407723427 -0.3277072906 0.35352391 0.1611023992
-0.07667744905 -0.4138956964 -0.2149527818 -0.1279332936 -0.3950274885 -0.2752268016
0.5428990126 0.1554959267 0.7425804734 0.5431916118 0.1627801955 0.7018641829
-0.6612071395 -0.4188871682 1.028642654 -0.6934865117 -0.3375424147 1.019619942
-0.09222666174 -0.4095608592 -0.2811079025 -0.08981183916 -0.4270353019 -0.2680039108
-0.4757795036 -0.3447805047 0.3294998705 -0.5298503041 -0.3474510014 0.3545044065
-0.2929367125 0.3139237165 -0.1770319343 -0.3223603964 0.3168059886 -0.1632435024
-0.4345625043 0.327506274 -0.4449982047 -0.4208348095 0.3466039002 -0.552955091
0.3178845048 -0.07003824413 0.7433600426 0.3248820007 -0.05256960168 0.7046959996
0.06253899634 0.4840300977 -0.5336278081 0.1034945995 0.4879929125 -0.5056937933
0.548560679 0.2982529402 -0.2129578739 0.5939025879 0.4209286869 -0.2280268967
0.1527384222 0.6539463401 0.1368329227 0.1582340002 0.7499524951 0.1432746053
-0.4663644135 0.1233834475 0.1006820351 -0.4208463132 0.2475717068 0.1217684001
0.3024142683 -0.01594656706 0.5339115858 0.3576782942 0.0488223806 0.5298441052
-0.1586489975 -0.597001791 -0.3354841471 -0.1184082031 -0.5260800123 -0.34341681
0.8399759531 -0.1687293053 0.3886209428 0.9276152849 -0.1332852989 0.377974391
0.08887177706 0.09767444432 0.3992443979 0.1920005977 0.07883744687 0.3265534043
-0.1511863321 -0.2928752601 0.02026760951 -0.1452198029 -0.2599431872 0.04280259833
0.08770212531 0.5292941928 0.3275440931 0.1655810028 0.5148177743 0.3568018079
-0.3792916238 0.1715023071 -0.5872275829 -0.3506627083 0.157684207 -0.5672650933
-0.02728334628 -0.1022899449 -0.6991983652 0.01346743014 -0.09283466637 -0.7422699928
0.2405299395 0.2109781057 0.1577461511 0.2119318992 0.238213405 0.1576519012
0.3715449274 0.3282368481 -0.4539078474 0.4106487036 0.3690465987 -0.4152640998
-0.236473307 -0.1383915246 -0.4460555017 -0.2404424995 -0.1014157981 -0.4708102942
-0.2383272499 -0.7958154082 0.7739923 -0.1521871984 -0.7917621136 0.824237287
-0.05741041154 0.08421085775 0.4745102227 -0.04707539827 0.1071984023 0.4646885097
0.3594512045 0.4628010094 -0.2913622856 0.3607678115 0.492584914 -0.3466843069
-0.1289981157 -0.8689912558 -0.1822514981 -0.1059107035 -0.922885716 -0.1413644999
0.06473746896 0.1680078208 -0.1866539121 0.09277103096 0.2152135968 -0.1963115931
0.7921358943 0.322010994 -0.08858035505 0.8077760935 0.3155739903 -0.1280543059
-0.5826781988 -0.1392312795 -0.04368459061 -0.536980629 -0.08249793202 -0.02752199024
0.1154778451 0.2218126804 0.8683499098 0.09391003102 0.1201758012 0.8917384744
-1.288920522 -0.3064508736 0.3304490149 -1.33870697 -0.3050572872 0.2785508931
-0.4954266846 -0.2765521109 -0.5846799016 -0.4274682999 -0.2371688038 -0.4782744944
-0.01651722565 -0.4681284726 -0.02900730073 0.01608750038 -0.4308308065 -0.01609122008
0.1613510251 -0.2438529134 0.07034973055 0.172231093 -0.3354091048 0.071901761
-0.5348439217 -0.6938197017 -0.2738421559 -0.505551219 -0.6591185927 -0.3198969066
0.176998049 0.6705659032 -0.2627901137 0.211511299 0.6473175287 -0.2472033948
-0.2581311762 0.5636501312 -0.03359336406 -0.1436935961 0.6221014261 -0.03857339174
0.04480147362 0.1184262782 0.01117870212 0.1280702055 0.1886994988 -0.01180610992
0.4700441658 -1.219341636 -0.8589148521 0.4444322884 -1.206725001 -0.8859245777
0.3062483668 -1.008386016 0.3652843237 0.3132281899 -1.015864015 0.4390206039
0.310909152 -0.01418548822 0.4373953044 0.2480704933 0.05698408931 0.4803912044
-0.01838037744 -0.2262840271 0.1587763727 0.02567102015 -0.2143902928 0.1484909952
-0.5374407768 0.6919694543 -0.4535288811 -0.5622807741 0.7285711169 -0.4822055995
-0.2484342158 0.1496712416 -0.06087828428 -0.2679102123 0.07967907935 -0.1242576987
0.2783038616 -0.01504591201 -1.048148274 0.247764498 -0.0279779993 -1.022721052
-0.1569713354 -0.5351560712 -0.645724833 -0.1498727947 -0.462269187 -0.6557000279
-0.2125076056 0.3523575664 0.07203752548 -0.1819393933 0.4280002117 0.01785247959
-0.2536841035 -0.2944292724 0.1382936984 -0.1740304977 -0.2925530076 0.1022673994
0.5360127091 0.1631201953 -0.03434981778 0.5211519003 0.1674229056 -0.1110477969
0.3466797769 0.8329170346 0.2009103894 0.3685879111 0.7661290765 0.09998635948
0.2108171284 -0.1538740396 0.02055250108 0.2139693946 -0.1073490009 -0.004858369939
0.8555088043 -0.06511125714 0.2340952903 0.9536129832 0.01769695058 0.248882696
0.323300153 0.2097517252 -0.1265519261 0.3457198143 0.2131375074 -0.1487139016
0.1220675558 0.3230710626 0.281845063 0.1037859991 0.4017615914 0.2497168034
-0.6103339195 0.01249204762 -0.84060812 -0.5431813002 0.08893506974 -0.8503103256
-0.2608281076 0.1078160778 -0.6170094609 -0.1816166937 0.1964593977 -0.5947360992
-0.1933189481 0.7349594235 0.2275318056 -0.1432663947 0.6819121838 0.2353177965
0.2795615196 0.01569686458 -0.211512804 0.3105672896 0.04815404862 -0.3225780129
-0.05359292775 -0.1085898504 0.1265032589 -0.04785538837 -0.03593441844 0.148358494
-0.4135325849 -0.05175133795 -0.4377922714 -0.3746986985 -0.04206518829 -0.5400447845
0.1549257934 0.4166248739 0.01052021515 0.1814258993 0.4435594976 -0.01923183911
0.2159986794 -0.1603558064 -0.03626088798 0.2679415941 -0.1136879027 -0.05523259938
0.06339377165 -0.04725029692 -0.06494546682 0.08705747873 -0.08066873997 -0.1127305031
-0.0433216542 -0.1253987551 0.05557589233 0.02890177071 -0.09202299267 0.08264736086
0.3265303671 -0.2158910483 0.01926316321 0.3967497945 -0.1248242036 0.09117993712
0.06556648016 -0.05592183024 -0.3344230354 0.072350353 -0.04626597837 -0.3618685007
0.9257298112 -0.05966191366 0.5791031122 0.9194359779 0.005335180089 0.5380033255
-0.8185091615 0.07767105848 1.013789058 -0.7901605964 0.07130920887 1.069779038
-0.05137170479 1.184051752 0.5229405165 0.06063530967 1.191686988 0.4650959969
-0.1254166514 -0.1797641218 0.1833539605 -0.2057415992 -0.1831005067 0.1693249047
0.2316848636 0.2676415145 -0.003037124872 0.2393082976 0.2829976082 0.002833350096
0.4358806908 -0.141719684 -0.05629742146 0.4043982923 0.00319707999 -0.02291136049
-0.2797311544 -0.1213324666 -0.5527127981 -0.2303092033 -0.1435915977 -0.570712328
-0.08124919981 -0.03116868064 0.6043461561 -0.0568196401 -0.1396266073 0.6000909209
0.1321364641 -0.2571540773 -0.2338351011 0.2143730968 -0.2362654954 -0.2373560071
0.1756467074 0.1098690331 0.04468206689 0.262488693 0.1635966003 0.03382040933
-0.2689716518 -0.2572079003 1.299908161 -0.2576821148 -0.2110980004 1.268851042
1.03469944 0.2687352598 0.7520221472 1.019749999 0.3527635038 0.6940354705
-0.3084756732 0.1634389311 -0.2896379828 -0.3446390927 0.1801130027 -0.2793788016
-0.4130382538 -0.5653315783 0.2483983636 -0.3885071874 -0.5592676997 0.1717886031
-0.8505110145 0.5763128996 -0.07568057626 -0.7685006857 0.604239881 -0.04946991056
-0.5227963924 -0.09787072986 0.01048691571 -0.4535886943 -0.1217989028 0.05521446839
0.1336387843 -0.8880653381 -0.04760981724 0.1518454999 -0.8188027143 -0.01258433983
0.3789240122 -0.5170931816 -0.2363818586 0.4255711138 -0.469889313 -0.2767809033
-0.03315705806 -0.4623027742 0.3249006271 0.0234008804 -0.470133096 0.3145183921
-0.05108263716 -0.002801933093 0.03633246571 -0.04884685948 -0.00645580003 0.03620855138
-0.00511850277 0.0006454472896 0.02467916161 -0.004131630063 -0.001986359945 0.02935420908
-0.04795840383 -0.01274010167 -0.004076228011 -0.04496407136 -0.01316018961 -0.003778449958
-0.03598500043 0.04250737652 -0.002814911306 -0.03022976033 0.04100567102 -0.0006319400272
0.03419367969 0.04534355551 -0.006335962098 0.03143107891 0.04209234938 -0.002833360108
-0.02346767858 -0.06236976758 0.001190872164 -0.01804110967 -0.06692429632 0.005944880191
0.02197087556 -0.05310948193 -0.01643784903 0.02668298036 -0.0524983108 -0.01614901982
-0.005200868007 0.01395484898 0.02176182345 -0.002391139977 0.01685363054 0.02091486007
0.0214516744 -0.05393549055 -0.0578270033 0.0167794805 -0.05563838035 -0.06215434149
-0.03819082677 0.003576852381 0.04401310533 -0.03579694033 0.004331999924 0.03991238028
-0.01263223123 0.04890561476 -0.0185527429 -0.009115809575 0.05024182051 -0.01605607942
0.02080815285 0.04954200238 0.07254485786 0.02405283041 0.04894221947 0.07184033841
-0.02942195721 0.009846608154 0.02956178784 -0.0289166905 0.00982110016 0.02691275999
0.08679985255 -0.02795038931 -0.02806245163 0.09291695803 -0.02740949951 -0.02941125073
-0.05599605665 -0.0160714332 0.01255182177 -0.05338770151 -0.0193558 0.01111267041
-0.011108201 0.03436511382 -0.01472139731 -0.009089790285 0.03276553005 -0.01556656044
-0.05060993135 -0.02217475511 -0.004332785495 -0.05082703009 -0.02224761993 -0.001949370024
0.0175993219 0.05448791385 0.02238053083 0.02181187086 0.05255836993 0.02153559029
0.004254341125 -0.006572640035 -0.01900999434 0.009103230201 -0.007498939987 -0.01983202063
0.02996633202 -0.0498348847 0.01817566529 0.03185471892 -0.05219687149 0.02138230018
-0.00721836742 0.03769123554 0.06753579527 -0.007393899839 0.03360388055 0.07140188664
-0.02774859965 -0.03634980321 -0.001158916741 -0.02443365008 -0.04062106833 0.003156810068
-0.004619304556 -0.02075686492 0.05676082149 -0.001121580019 -0.0236441493 0.061023321
0.01819623634 -0.02852417342 0.03606043011 0.02479699999 -0.0323650986 0.03473667055
-0.003488235408 0.01121859439 -0.03994424269 0.0004286000039 0.009664479643 -0.03820361942
0.01226468012 0.04266555235 -0.02421554551 0.0136919301 0.04491303116 -0.02388253063
0.009702388197 0.04375476018 -0.0178221669 0.0102315098 0.04199004173 -0.01725888066
-0.02393896878 0.06342200935 0.01636628248 -0.02331030928 0.0625705421 0.01921115071
-0.0006963089108 -0.02271148935 -0.01572025567 0.002409039997 -0.02470451035 -0.01349826995
0.01344524324 0.02885208838 -0.0165868476 0.01555578038 0.02563568018 -0.01923624054
0.03452560678 0.07034160197 -0.01631323807 0.03580157086 0.06883028895 -0.0175905209
-0.02446502447 0.08351404965 0.02530297264 -0.02454414032 0.08358872682 0.02690969035
-0.008580590598 -0.04766195267 -0.005067398306 -0.01044773962 -0.04800584167 -0.009056920186
0.02229712531 0.00867889449 -0.05598220602 0.0225367602 0.006165760104 -0.05860425159
0.02566243149 0.03262187541 0.0003668721765 0.02812453918 0.03376618028 0.0008886299911
0.04775780812 0.01092085429 -0.04681205377 0.05108059943 0.01176202018 -0.05072424933
0.00985962525 0.002713409485 0.003799995407 0.01241522003 -0.0003132899874 0.003173799952
0.04160504788 -0.02295799926 0.008661164902 0.04055713862 -0.02204833925 0.00638240017
0.02020879462 -0.08580365777 -0.01947369985 0.02273014002 -0.08503902704 -0.02254666947
0.01177816465 0.01373224426 -0.02402209491 0.01221507043 0.01469688956 -0.02512858063
-0.01156413928 0.03250708431 -0.02804311365 -0.01091474015 0.02596452087 -0.02876777947
0.0304646194 -0.04583188519 -0.0410130769 0.03145705909 -0.04873922095 -0.04120840132
-0.005735147744 -0.03692503273 0.007987845689 -0.00554938009 -0.04205980152 0.009199829772
-0.0109613277 -0.03620233387 0.01946596056 -0.007692489773 -0.04010616988 0.01868003979
0.02935781889 -0.02479506284 -0.008867202327 0.03101396933 -0.02799661085 -0.01155302022
0.004490373656 0.03938451037 -0.01806278899 0.004601010121 0.03706841171 -0.01659023017
-0.05404984206 0.03824952617 0.003795040306 -0.05396898091 0.03165391088 0.005685510114
-0.04871927574 0.01190593746 -0.01120794564 -0.04406699166 0.002913830103 -0.008912139572
0.04579941183 -0.01933848858 0.01851316914 0.0509239994 -0.02161717974 0.02081887051
-0.02339008637 -0.0487495102 -0.08302602172 -0.01943249069 -0.05123237148 -0.08140973002
-0.01597082242 -0.02203164995 -0.005319808144 -0.01323064044 -0.02471723035 -0.006392170209
0.005536243785 -0.02262359485 0.02095827833 0.006189850159 -0.02290447988 0.02449708059
0.005331980065 -0.05749920383 0.02378728986 0.005193729885 -0.06068082154 0.02265875973
-0.0215013884 -0.02608911134 -0.0008392035961 -0.01797693968 -0.02815669961 -0.0003550999973
0.0816655159 0.003539662808 -0.03389551491 0.08304525912 -2.495000081e-05 -0.03496262059
-0.002606676891 0.02704117447 0.02354062907 0.004351209849 0.02942012064 0.02327254973
-0.009472284466 -0.009405761026 0.01782104 -0.01038139965 -0.01135815959 0.02005700953
0.01907368749 0.007137045264 0.003627277911 0.01933019049 0.01128633972 0.001018080045
-0.05783265829 0.0321495533 -0.03414544463 -0.05661270022 0.03502376005 -0.03717698157
-0.05931274965 -0.0111171715 0.01958724856 -0.05438204855 -0.00893031992 0.02172618918
-0.003985734191 0.004216704518 0.04310244322 0.003687930061 0.004667520057 0.03977366164
-0.006965915672 0.02424132451 -0.04080727324 -0.003746320028 0.02360487916 -0.04529288039
0.02275003493 -0.00352242589 -0.0162361972 0.02091781981 -0.002488659928 -0.01525618974
-0.007247774396 -0.0220358409 0.01766172051 -0.004748229869 -0.01924327016 0.01591422036
-0.04664912447 0.02545069531 0.01544611249 -0.04437046871 0.0237624906 0.01312811021
-0.07036652416 0.02595320717 0.02170430496 -0.06520421803 0.01902030036 0.01957383938
-0.0214008335 -0.006248432212 -0.003113023937 -0.02289989963 -0.01039015036 -0.004096379969
-0.01330449805 -0.03728076071 -0.01398442499 -0.01305135991 -0.04065430909 -0.01176445
-0.02028765902 0.0005033760099 0.001991596073 -0.01648660935 -0.008645130321 0.003161980072
-0.05715532973 -0.01538014039 0.05321464315 -0.05357138067 -0.02030874044 0.04932633042
-0.03819123283 0.01634972543 0.07063704729 -0.03819733113 0.01831663027 0.06829749793
-0.0103899762 -0.003347220831 -0.0007116222987 -0.006361470092 -0.003379960079 -0.001865879982
-0.0002720542252 -0.01288060844 -0.02317379229 0.006022070069 -0.0156563893 -0.02168145031
0.004079051316 -0.0061202785 8.548202459e-06 0.006143250037 -0.007024240214 0.001252289978
-0.01625093818 -0.007746692747 0.02793334424 -0.01485310961 -0.01103156991 0.02309641056
-0.01541633159 0.03225729242 -0.002192375949 -0.01327790041 0.03457707912 -0.000445320009
-0.02067604661 -0.05084523931 0.00775341969 -0.02012751997 -0.05031855032 0.0125849396
0.02061149664 -0.00242087571 4.042169894e-05 0.02166000009 -0.003354229964 0.001507970039
-0.01067089662 0.0568673946 0.0269212015 -0.008813549764 0.05476889014 0.02435955964
0.05526298285 -0.03851008043 -0.06867074221 0.06065550819 -0.03617170826 -0.07379844785
-0.0126875462 -0.001690171659 0.009852391668 -0.008102370426 0.001615489949 0.009607959539
-0.03121312521 0.02469472587 -0.02358547226 -0.02937939018 0.02664498985 -0.02203216963
-0.02347396687 -0.004919845611 -0.03668272868 -0.02031468041 -0.00500285998 -0.03836704046
-0.04224380106 0.09326548129 -0.04015617818 -0.03545005992 0.09166108072 -0.04069558904
0.02479073405 0.06722783297 -0.03066030331 0.02833607979 0.07061619312 -0.03252940997
-0.04215573519 -0.005543992855 -0.01866232418 -0.03638679162 -0.009348919615 -0.01971860975
-0.06449501216 -0.05142272264 -0.04739231989 -0.06241640821 -0.05338606983 -0.04800194874
0.002645033877 0.005458455533 0.04112117738 0.004318119958 -0.000858519983 0.04111168906
0.03966159001 0.03250780329 -0.07364839315 0.04299730062 0.03025583923 -0.07530035079
0.009971407242 0.006157873198 -0.03273674101 0.0136589203 0.003797279904 -0.03546546027
-0.0003608465195 -0.04850220308 0.01465685666 0.001302310033 -0.05047348142 0.01516159996
-0.00287424773 0.03210228309 0.06262304634 -0.004846469965 0.02684408985 0.06307765096
0.01111200452 -0.009137706831 0.001331767533 0.01586331055 -0.01279491 0.0009127400117
0.04647941142 0.05618169904 -0.01024629641 0.04931465164 0.05552469939 -0.01280261017
0.04871253297 -0.02583396062 -0.03646808118 0.0536913909 -0.03231846914 -0.04023106024
0.06487894058 0.005793520249 0.0267198924 0.06463266909 0.008657930419 0.02384993993
0.009587142617 -0.03304031119 0.05151451379 0.01265767962 -0.03391087055 0.05647128075
0.00361928693 0.003988029901 -0.02821149118 0.008526200429 0.001873060013 -0.02302682959
-0.006744244136 0.02684352547 0.01460246649 -0.007155479863 0.02217265964 0.01107678004
0.04764621705 -0.03170769662 0.00374802947 0.0508434698 -0.03584840894 -0.001769450027
-0.03187040612 -0.00262921676 0.02987760678 -0.03118293919 0.002640639897 0.03504110873
0.04038102925 0.04856854677 0.03031172045 0.04102332145 0.04926477 0.03314710036
-0.01936850697 -0.008653399535 0.03753012791 -0.01821267977 -0.007631769869 0.03672621027
-0.03440057859 0.01573940925 -0.02237677947 -0.02776842937 0.01269135997 -0.02507659979
-0.03843595088 -0.071902439 0.006133860443 -0.03893914074 -0.07046572864 0.007859449834
0.03499099612 0.0659256503 0.01681026444 0.03943756968 0.06134210899 0.01744518057
-0.01205449738 0.03919801116 -0.02508409135 -0.01011702977 0.04076160863 -0.02016934939
0.0105884159 0.02798751928 0.02300319821 0.01692485996 0.0271997191 0.02068652958
-0.02409157157 -0.02376640216 0.0247626435 -0.02246055938 -0.02670731954 0.02249109931
-0.06651414186 0.003651010804 0.005595886614 -0.0636356324 0.003461220069 0.007157300133
-0.04019225389 0.002860245761 -0.04726087302 -0.04221659154 -0.0002385800035 -0.04750099033
0.008021268994 0.03584934399 -0.01040851232 0.01664141007 0.03732705116 -0.007680899929
0.03159450367 -0.007690958679 0.01258175727 0.0317658782 -0.01008987986 0.01381293032
0.01447648648 -0.01044168882 0.04375310987 0.01925677992 -0.01337630022 0.03895374015
0.01597349346 -0.009312086739 0.007114145905 0.02245661058 -0.0132883396 0.005289690103
0.03762707487 -0.02030799538 0.006009779871 0.03960096836 -0.01876455918 0.008123939857
-0.01631735265 0.003671020269 0.0101244133 -0.0104763899 0.00165373995 0.01108413003
-0.04240486026 0.05466521531 -0.04548120871 -0.03851415962 0.05237695947 -0.04163258895
-0.03453533724 0.01611610875 -0.03861334547 -0.02743512951 0.01185542997 -0.04011806101
0.01891986467 -0.02701841295 0.000569602591 0.01959221996 -0.03165208176 -0.002345559886
0.001170340925 -0.02685094997 -0.01762703434 0.001500410028 -0.02631882019 -0.01459538005
0.06104575098 -0.04027458653 0.05309068412 0.06449337304 -0.0374029018 0.06058549136
-0.01418398693 -0.02304994129 0.01544039231 -0.009459120221 -0.02642139047 0.01639473066
0.01509722695 0.05240304768 0.0241096355 0.01736061089 0.05190072954 0.02504583076
0.03184809908 -0.04541366175 -0.02854858339 0.03598222136 -0.04582457989 -0.03164121881
-0.032383129 0.01240665186 -0.03320061415 -0.02826273069 0.01426334959 -0.03683884814
0.03407866135 0.02098134719 -0.05503508076 0.02799843997 0.01884086058 -0.05822191015
-0.01083443128 0.01639219373 0.007459118497 -0.01051537972 0.01579294913 0.002668089932
-0.02189780772 -0.01531613246 -0.001002514968 -0.02579301037 -0.01521120965 -0.003278850112
-0.007518629543 0.03386705369 0.01067529991 -0.01081463974 0.03635182977 0.01177391969
0.02921153232 0.008332044818 -0.007804237306 0.03079587966 0.01182254963 -0.009321830235
0.02287819982 0.007427981123 -0.009969750419 0.01846436039 0.01000957005 -0.0120732002
0.005596354604 -0.04413842782 -0.01459890325 0.004624749999 -0.04387262091 -0.01540275011
0.02585332654 -0.02470641956 0.01415236946 0.02234392986 -0.02453837916 0.01504577976
-0.01373350807 0.005133032799 0.01079224702 -0.008772069588 0.01031131018 0.009315599687
-0.008402977139 0.05399146676 0.02400195226 -0.01364308037 0.05941712856 0.02524857968
0.03512772173 0.007918861695 -0.04211077839 0.03464761004 0.009352520108 -0.04418456927
-0.04944740236 -0.01652163267 -0.02080507576 -0.05356035009 -0.0201252792 -0.01980300061
0.05175258219 0.01620477252 0.003654659493 0.05095386878 0.02019928023 0.004488490056
0.007680565119 -0.001654012129 0.01704355888 0.00321472995 -0.002308689989 0.02071998082
0.03038290888 0.001036449103 0.0334719047 0.02871043049 0.006614340004 0.03368211165
-0.0003352158237 -0.05905285478 -0.01016040519 -0.006100269966 -0.06118293852 -0.01354571991
0.04589230195 0.0212418735 -0.03040172718 0.0454916209 0.02058465965 -0.03102800995
-0.04575993121 0.05116575956 -0.008582696319 -0.0507452786 0.04984527081 -0.005879079923
0.006089389324 -0.01893076487 -0.04300875217 -0.001231409959 -0.01206695009 -0.03843514994
0.01613154262 -0.003445538692 0.001062679337 0.009377189912 -0.001736070029 -0.001724599977
-0.002318680286 -0.004760701209 -0.01634401642 -0.003627029946 -0.006214569788 -0.01965386048
0.03927011788 -0.00818387419 -0.01023549587 0.03416698053 -0.01104652975 -0.01374282967
-0.02824771032 0.01501473039 -0.007436350454 -0.03442633152 0.01541856956 -0.008071839809
-0.01511739939 0.001405055984 0.01308479533 -0.02126578055 0.005383059848 0.01344462018
0.03869500011 -0.02018069476 0.03647442907 0.03673394024 -0.0161472708 0.03462278843
0.01513655484 -0.001042529009 -0.02912827395 0.01291501988 0.001519259997 -0.03044727072
0.04798466712 -0.05582075566 -0.04316240922 0.04734744132 -0.04608169943 -0.04297009856
0.01432017237 0.02208078839 -0.00208553113 0.01194353029 0.02633522078 -0.004072300158
-0.02270333469 -0.00642181281 0.00399470143 -0.02564395964 -0.003003810067 0.002567250049
-0.00878228154 -0.01262325794 -0.002712426009 -0.009492250159 -0.01282010972 -0.003296339884
-0.0004272693186 -0.02408415824 0.01548177004 -0.0003540999896 -0.02287779003 0.01689285971
0.07597251981 -0.009545214474 -0.01323857717 0.07272130251 -0.01052737981 -0.008453319781
0.01772263274 0.01211208571 -0.01358638704 0.01690579019 0.01448717993 -0.01252286974
-0.02169606462 0.04031848907 -0.009303353727 -0.01853593998 0.04415896162 -0.00907276012
-0.01272911578 0.01848269999 0.01945018955 -0.01420564018 0.01578927971 0.01760607027
-0.03797075152 -0.04723613709 -0.03235270083 -0.04596044868 -0.04940864071 -0.03402803093
-0.009004880674 0.01264366321 0.01081229746 -0.01059032977 0.009496330284 0.01000090968
-0.009639378637 -0.02283831686 0.01167924237 -0.01231865957 -0.02066807076 0.01765543036
-0.004593379796 -0.02470991015 -0.01152332593 -0.006342110224 -0.02167049982 -0.007996539585
-0.0333920829 -0.002782993019 0.03010633029 -0.0371873714 -0.002538870089 0.03228326142
0.01089932397 0.00214421493 0.0297833737 0.008297540247 0.001360269962 0.03233709931
-0.008516379632 0.018771125 -0.003850370646 -0.009654030204 0.01586874016 -0.004325449932
0.01367489342 0.02690447494 -0.002214118838 0.007808960043 0.02839802019 -0.0006323800189
0.02397552319 -0.01763896644 -0.01963894442 0.02174453065 -0.01519257016 -0.01876443066
0.02389790863 -0.02364756912 -0.0001693162485 0.01794056036 -0.01916665025 -0.001409369987
0.02379102819 -0.009517192841 0.005812815856 0.02537330985 -0.006304610055 0.005825810134
0.02792746574 0.05554951727 -0.03064201586 0.02589512058 0.05773621053 -0.03287084028
0.01538262144 0.001845421968 -0.03665430471 0.01137738023 0.009755429812 -0.03909751028
-0.04835401848 0.04405492172 0.06916575134 -0.05380547047 0.04925876856 0.06373309344
-0.03402605653 -0.04491050914 -0.02873957902 -0.03783218935 -0.04471408948 -0.02672577091
0.005848313216 -0.001493051648 -0.0165062733 0.004594780039 -0.002443660051 -0.01586271077
0.01260680705 -0.01444992423 -0.006955621298 0.008261810057 -0.01144426968 -0.007244400214
-0.01950368471 -0.05472702906 0.001209899783 -0.0226319693 -0.05659966916 0.003293530084
0.009849854745 0.02144759148 0.05703674629 0.005624460056 0.0233751107 0.05853867903
0.01545853168 0.002249338897 0.03096365742 0.01462345012 1.884999983e-05 0.0328434594
-0.00575902313 -0.01594492048 -0.02815388702 -0.01017254964 -0.01522620022 -0.02654133923
-0.004248522222 -0.01394024305 0.0169577226 -0.004078649916 -0.01145318989 0.01620166004
-0.008043095469 -0.004407432396 0.02726232074 -0.01207676996 0.001409990015 0.02828243002
-0.004892542958 -0.003984422423 0.02603508346 -0.009450339712 -0.001397700049 0.02567495964
0.01760660484 0.01547776908 -0.009336261079 0.01457472984 0.01213664003 -0.006680259947
-0.003529626876 -0.007545949891 -0.03018080443 -0.004315739963 -0.01143629011 -0.03132224083
0.01271254569 -0.01174484938 0.01463412493 0.01017464045 -0.01140805986 0.01437848993
0.007961705327 0.01533612143 0.05388543755 0.00843298994 0.01386865973 0.05800608173
-0.002401843667 -0.01152387075 -0.02215094864 -0.006289950106 -0.009839329869 -0.02233760059
-0.008635338396 -0.02499466576 -0.01890436746 -0.008674560115 -0.02452109009 -0.01976566017
0.008477993309 0.01044170838 0.01317501254 0.005942529999 0.01142971963 0.01434485987
-0.01903718337 0.005228996277 0.01442837529 -0.01422759984 0.009702459909 0.01593195088
-0.006499819458 -0.001608638093 -0.04245411977 -0.007952379994 0.0003187200055 -0.04250000045
0.04076080024 0.0572575815 0.00221439451 0.03608828038 0.05791917071 0.005209870171
0.03821858019 0.007424449082 0.01935200021 0.03767029941 0.0103056496 0.0210839007
0.01058673114 -0.04056790471 0.001792294206 0.01014322974 -0.0349021405 -0.0003133199934
-0.01190554351 -0.01947215013 0.01964860037 -0.01350918971 -0.01331508998 0.01751005091
-0.006032817066 0.03071537614 -0.01326987799 -0.01154191978 0.04045296088 -0.01602263935
0.0005416716449 0.02908336371 -0.02062266134 -0.002750450047 0.03102309071 -0.02158609033
-0.02770604193 0.03511888906 0.01809271611 -0.03216179088 0.03378320858 0.02056460083
-0.01380638033 0.04207277298 -0.06132858992 -0.01914251037 0.04479793087 -0.06256783009
0.01485323161 0.00474835746 -0.04099705815 0.01135450043 0.01037750021 -0.04597439989
-0.01021956652 0.02800921164 -0.01068229042 -0.01244870014 0.03160994872 -0.01258653961
-0.007114224136 0.03668285534 -0.01802230626 -0.009658229537 0.03661552072 -0.01523271017
0.01415225118 0.006054394413 0.05012989789 0.01111096982 -0.001082219998 0.05321801826
0.0457095392 -0.006040044129 -0.04298824444 0.04060266167 -0.00807384029 -0.04169394821
0.0003087669611 0.009332813323 -0.009243748151 0.0006304699928 0.01396184973 -0.01419781987
0.02379988879 -0.007931698114 0.03629236296 0.01985497959 -0.006687209941 0.03819185868
-0.02625647187 -0.0354889892 -0.01889611408 -0.03040054068 -0.03976045176 -0.01883693971
-0.02682940103 -0.02379845642 -0.02671712637 -0.03173287958 -0.02621326037 -0.02572258934
0.01442760229 -0.002957681892 0.02377503924 0.01342685986 -0.004659899976 0.02705870941
0.02944910526 -0.02169833519 0.04274475574 0.03059129976 -0.01951036975 0.04474465176
0.04015862197 -0.04429629073 -0.005497558974 0.03772737831 -0.04807464033 -0.003449880052
0.02372807264 -0.004373550415 0.03336324915 0.0180239398 -0.009027490392 0.03743870929
-0.03065500222 0.02789707109 0.01601281948 -0.03606532887 0.03201257065 0.01986728981
-5.752787547e-05 0.04310008511 -0.001252613962 -0.0001801000035 0.04635718837 -0.00212744996
-0.05394041911 0.02409827709 -0.008999858983 -0.04874718934 0.02955533937 -0.009905870073
0.03019774333 0.03475099429 0.0008082985878 0.02785982937 0.03970018029 -0.001835630042
-0.00278082001 -0.04043695331 -0.02773828059 -0.004805630073 -0.0349070318 -0.02607014962
0.02749266103 -0.005355037749 -0.007736846339 0.02050923929 -0.004305620212 -0.004196709953
0.006455584429 -0.04794893414 0.01534506679 0.009533709846 -0.04728643969 0.01515212003
0.03880704939 0.02906847 0.01240498759 0.0363144204 0.03120695055 0.01054625027
-0.02081103623 -0.01493106876 -0.03410271183 -0.02516485937 -0.01210779045 -0.03693163022
0.02073556744 0.0137339877 0.02063966542 0.01888209023 0.01973810047 0.0232441891
-0.03867587447 0.06423831731 0.01093700528 -0.03576757014 0.06256852299 0.01160963997
-0.053789597 -0.0004649234761 -0.0135997124 -0.05728365108 4.578000153e-05 -0.01727443002
-0.02088704705 0.01621182077 -0.03307783976 -0.02414329909 0.01763739064 -0.03673329949
0.03619172052 -0.02481838688 0.0144084543 0.03546207026 -0.02401779965 0.01476870012
-0.01743736304 0.003496691585 -0.01343797799 -0.02540883981 0.005103180185 -0.008761829697
0.03886654601 -0.0414994061 -0.03224019706 0.03950814903 -0.04445170984 -0.03087889962
0.01555950288 -0.02956842445 0.007765188813 0.01454418991 -0.03291451931 0.001753899967
-0.004436120857 0.009371411055 0.02850568295 -0.003689690027 0.00756744016 0.02907812968
0.003339234507 -0.04941831529 -0.01729712635 0.0008457800141 -0.04567607865 -0.01676834933
-0.01072463393 0.0246643275 0.04389750957 -0.01357624959 0.02458000928 0.04944984987
-0.02102658898 -0.03420514241 -0.001085229218 -0.02548941039 -0.02800980024 0.001181539963
0.03135279194 -0.007624454796 0.0393425785 0.03675635159 -0.008536050096 0.036814861
-0.01013976336 -0.01977518946 0.01502645109 -0.0136564197 -0.01721180975 0.01286798995
0.01066881418 -0.02448596805 0.03097047471 0.009800240397 -0.01992907934 0.0342611596
-0.006822831929 -0.05479430035 0.002408041619 -0.00957958959 -0.05348892882 0.003900380107
0.006137855351 0.02741623856 -0.008862577379 0.002731509972 0.03267588094 -0.008871960454
0.006063736975 0.0142049985 -0.04888168722 0.005229000002 0.01420393959 -0.04946494848
-0.0342952162 0.01458357647 0.04933241382 -0.03785265982 0.01578759961 0.04556955025
-0.05387852341 -0.002489917912 -0.00271902699 -0.05780785158 -0.0006782599958 -0.002390620066
0.04533562437 -0.03096999601 0.001733415527 0.03748492151 -0.02737924084 0.00466328999
-0.0136035867 0.02490386926 0.03963548318 -0.01945142075 0.02684937045 0.04179918021
0.04200354218 -0.03500670567 -0.01300095208 0.04129384086 -0.03089514934 -0.01560720988
-0.04522623494 -0.07946129888 0.02682305127 -0.04738529027 -0.07918660343 0.0208830107
-0.02820713446 -0.0005989447236 0.04639421031 -0.03191480041 0.0001951599988 0.04764983058
0.01078112423 -0.002823231276 -0.01098882407 0.004660829902 0.001662340015 -0.007724110037
-0.01540922374 -0.04078977928 0.05818952993 -0.01823654026 -0.03628998995 0.05970863998
0.01366703585 0.008993620984 -0.01308354177 0.01124366 0.01342996024 -0.01716615073
-0.01521652564 -0.01143174898 0.0758779496 -0.01540717017 -0.004124349914 0.07377897203
0.01090519875 -0.03258252889 0.001046379213 0.008303870447 -0.03171769902 0.002354759956
-0.03185050935 0.03072291613 -0.01555774454 -0.03546122834 0.03351181 -0.01475015003
-0.04857947677 0.05337994918 -0.01944332011 -0.04996231943 0.05609828979 -0.01582870074
-0.006947040558 -0.00371427997 -0.02294114046 -0.008679159917 0.0004643099965 -0.02440517023
0.0002741403878 0.03416808695 0.002130956622 0.002440179931 0.03766063973 0.004247370176
0.02769266069 0.02142488956 -0.002450162545 0.02250294946 0.0218152497 0.0006671699812
0.02108195424 -0.01876462065 -0.007275156211 0.01674788073 -0.01686426997 -0.006534229964
0.05252521113 0.02401085943 -0.04187560827 0.05209897831 0.02847442031 -0.04079797119
0.01588413864 0.007452403195 -0.01850528456 0.01647699066 0.01085001044 -0.01701542921
0.004180341959 0.005562505685 0.03317799792 0.0008575199754 0.00362838991 0.03649112955
-0.04135643318 -0.05674714223 -0.01218966022 -0.04470359907 -0.05624099821 -0.009385249577
-0.00433319062 0.02512910031 0.01803151704 -0.0100717498 0.02743156999 0.01294581033
-0.013197653 -0.001610885723 -0.03578021005 -0.01647664048 0.0008154800162 -0.03184564039
-0.02589074895 0.03722741455 -0.01793801226 -0.02966154926 0.03829760849 -0.01541521028
0.02733913437 0.02088275366 0.003710231045 0.02774851955 0.02058315091 0.006292080041
-0.07010246068 -0.09788578004 -0.003169805743 -0.07469435781 -0.09678570926 0.001635120017
0.002192694694 -0.009372901171 -0.03014362603 -0.002154980088 -0.006517990027 -0.02935085073
0.02056496963 -0.04250175133 0.02158675529 0.01712309942 -0.04161920026 0.02586708963
-0.002138213487 -0.03619731963 -0.002875177888 -0.005434069782 -0.03190587088 -0.001822210033
-0.02550160512 0.004523277283 0.02064266242 -0.02444620058 0.007592469919 0.01786760055
0.02278296091 -0.01424388587 -0.02754506469 0.0201761499 -0.01229473017 -0.02653242089
-0.01074879058 -0.06893629581 0.01423444971 -0.01403580979 -0.06805972755 0.01887463965
-0.01162724476 0.04209082574 0.03301316872 -0.01607204974 0.0449949801 0.03167517111
-0.0128006395 -0.04500056058 0.0196857173 -0.01738109998 -0.04085044935 0.01932469942
0.01343217958 0.03359665349 0.02210449614 0.01116411015 0.03843628988 0.02478195913
-0.006613700185 -0.04053071141 -0.0133009553 -0.01012977026 -0.03843332082 -0.01057725027
-0.01425058115 -0.006398591213 0.04365899786 -0.01704649068 -0.002999509918 0.04646158963
-0.04811538383 0.007546419278 -0.01018143445 -0.04950245842 0.009067670442 -0.01204389986
0.01571518928 0.06691674143 -0.03743171319 0.009976530448 0.06951524317 -0.03381419927
0.01106181648 0.03809661046 -0.007124427706 0.009491410106 0.04306653887 0.0005117399851
0.03601266071 -0.04339731857 -0.02538111806 0.03234712034 -0.04405852035 -0.02299305052
-0.03993402049 0.05094305798 -0.01579836383 -0.04076674953 0.05060362816 -0.01371861994
-0.01913394034 0.003060639137 0.007275030017 -0.01890181005 0.01130023971 0.008311520331
0.04811624065 -0.002145228675 0.03764160722 0.04756968841 0.003141550114 0.0402572602
0.03751529381 0.0429633446 -0.02353618294 0.03483815119 0.04411865026 -0.01835506968
0.01553279068 -0.03913009539 0.01393195614 0.008522580378 -0.03818313032 0.01610046066
0.06836886704 0.04310308024 -0.03395873308 0.06576561183 0.04323264956 -0.03007688001
-0.003184534144 0.03097672947 0.00234734267 -0.003502869979 0.03439062834 0.005815309938
0.003565224819 -0.01772390492 -0.04215379059 0.002221179893 -0.01708395034 -0.03934340924
0.001337367226 0.0496115163 0.01280390844 -0.001629719976 0.04929506034 0.01611201093
-0.005609391257 0.02694374323 0.01019789651 -0.009160649963 0.02615807019 0.01254605968
-0.02084761672 -0.006376411766 0.004571358208 -0.02220055088 -0.001012480003 0.01153829973
0.01232700422 0.006951650605 0.04382042214 0.01096234005 0.007513199933 0.04465733841
-0.03167265281 -0.0214250125 0.03396377712 -0.03262973949 -0.01718571968 0.02959278971
0.02864663675 0.03706351668 0.01398010179 0.0262164101 0.04018671066 0.01847402006
-0.008010931313 0.03263002634 0.02094974741 -0.008733590133 0.03677780926 0.02439738996
0.02186489105 -0.00363466423 -0.0008423159015 0.02378774993 -0.002641499974 0.002803700045
0.02205640078 -0.0009097125148 0.02680650167 0.01968023926 -0.002522259951 0.0228527002
-0.002720016986 -0.0508669503 -0.02154681273 -0.005106479861 -0.05209051818 -0.02042428032
0.04676749557 -0.04183730856 0.005723808892 0.04409319162 -0.04304431006 0.009198719636
0.03907418996 -0.01706581376 -0.04321905598 0.0360420607 -0.01974065043 -0.03783443943
0.0220903866 0.03322218359 -0.03142732009 0.01858838089 0.02848877944 -0.03285659105
-0.04944632575 -0.006880474743 -0.0279533416 -0.04933822155 -0.002957720077 -0.02899095044
-0.01726987213 0.04247423261 -0.01677818783 -0.01759120077 0.04280323908 -0.01627553068
-0.05245446786 0.0244515799 -0.007559670135 -0.05708605051 0.02884227969 -0.005473500118
0.05323810503 -0.01606130786 -0.03734051809 0.04787740856 -0.01822206005 -0.03529851884
0.0003715492785 -0.02313153818 -0.0009305687854 -4.546000127e-05 -0.0244001206 -0.002286839997
0.009631771594 0.01436671335 0.01879795268 0.01211761031 0.01891608909 0.01901214011
-0.0146895498 -0.01164656039 0.01946837828 -0.01897221059 -0.01098805014 0.02013331093
-0.003718279302 -0.01708873548 0.01615689136 -0.005520119797 -0.01881843992 0.02075540088
0.05180571228 -0.06943426281 -0.04786674678 0.05109158903 -0.07103487849 -0.0476315394
0.01539147645 -0.04769921303 0.02662451565 0.01572494023 -0.04766013101 0.02378850058
-0.01950248703 -0.004051531665 0.003135318402 -0.02023291029 -1.144999987e-05 0.0006697200006
0.02183037996 0.02094287053 0.02631476149 0.01579762995 0.01834885962 0.02589526959
0.004018325359 0.02506202832 0.01959219761 -0.0002564199967 0.0235104505 0.02017148025
-0.02290827408 -0.06173893064 0.007568511646 -0.02449369989 -0.06348957121 0.008709560148
0.009901456535 -0.01526621636 -0.004940902814 0.008221729659 -0.01264484972 -0.006743859965
0.003338044975 -0.004015940242 -0.02461531013 0.0001830099936 -0.003619210096 -0.02612642944
0.02326152474 -0.01546851918 -0.02128131315 0.02090021037 -0.01590549015 -0.01817454956
0.01036240254 -0.002219316084 -0.01390657946 0.008664160036 -0.003913119901 -0.01167667005
0.01585425809 -0.03368596733 -0.06200794131 0.01590837911 -0.03417503834 -0.06060655043
0.01852660626 0.06614594162 -0.01927055791 0.01702957042 0.06569930166 -0.02183214948
-0.02012813091 0.01327722333 -0.0304269325 -0.01919326 0.01521265972 -0.02628906071
0.0237580128 -0.01490682177 0.03474605083 0.02048972994 -0.01268596016 0.03984811902
-0.04468379915 -0.07531134784 0.03680695966 -0.04603561014 -0.07413811237 0.04519759119
-0.01591337472 -0.0378718935 0.02240725234 -0.0180130899 -0.04121430963 0.02402161062
0.01157788932 -0.005123458803 0.05185452849 0.006493870169 -0.0091232704 0.05091920123
0.006241135299 0.01689431258 0.008493671194 0.00688710995 0.01816424914 0.007540800143
-0.05223942548 0.005014002789 -0.02533408999 -0.05464617908 0.006568809971 -0.0251767505
-0.005506248679 0.02427720092 -0.02293397859 -0.004240280017 0.02672339045 -0.02128282003
-0.02749412134 -0.008495628834 -0.02404444292 -0.02890768088 -0.008389010094 -0.02642171085
0.0009426834877 0.0250261873 0.01036825404 0.001506370027 0.02721386962 0.007936360314
0.01246075425 -0.1056718528 -0.03119706176 0.0109622702 -0.09992226958 -0.03105798922
0.03162610903 0.04288262129 -0.0051057823 0.03025792912 0.04381661862 -0.004366749898
-0.01377657801 -0.03252760693 0.004508033395 -0.01318053994 -0.03451343998 0.002074510092
0.01371116284 -0.01932213828 0.01102548093 0.01338553987 -0.01960195042 0.004973799922
0.06297192723 0.01110822335 0.04531355575 0.06406992674 0.01452029962 0.03882389143
-0.01380105689 -0.08677846938 0.00263094157 -0.01779107004 -0.08496391028 0.003767030081
-0.005583091173 -0.02162521891 -0.000287078321 -0.009760339744 -0.02007891051 0.002254849998
-0.02589933947 0.000301642518 -0.04341074079 -0.02386805974 0.002025709953 -0.03994739056
0.01303651836 -0.004232463893 0.03379126638 0.01187752001 -0.004508730024 0.03287468106
0.008514976129 0.03331370652 0.004410868511 0.005731619895 0.03270012885 0.00156203995
-0.002985097468 -0.01648170501 -0.007565677632 -0.008243610151 -0.01467849035 -0.002819970017
0.02388871461 0.005086486228 0.03864504397 0.0170517005 0.005568639841 0.0396403484
0.04406177253 0.01667312905 0.01238406636 0.04334788024 0.01355936006 0.01948140934
-0.09289734811 0.004603349138 0.04471905529 -0.09209822118 0.001594629954 0.04620882124
0.01130005345 -0.02779390663 -0.07818163186 0.006743090227 -0.03073786944 -0.07484403998
0.05074638873 0.05434240773 -0.05431794003 0.04860914871 0.05890487134 -0.05185116827
-0.01345879212 0.01901493967 -0.01387640834 -0.01884607971 0.02324301004 -0.008203580044
0.1024610624 -0.009769148193 -0.0008065886796 0.1025084034 -0.003564930055 -0.001725520007
-0.01983647235 0.03707588837 -0.01368877292 -0.02115860023 0.03721193969 -0.0135998698
0.03137505054 0.02226778865 0.02974972129 0.02393501997 0.0230613891 0.03358864039
0.002023726935 0.03330706805 -0.03156943992 0.002268390032 0.03398073092 -0.03220437095
-0.0288365148 0.01418845728 -0.02407367155 -0.0286169108 0.01835262962 -0.02408164926
0.01437776908 0.006605069153 -0.005053358153 0.01164070982 0.008298500441 -0.01041053981
-0.06917795539 0.03845876828 -0.06100470573 -0.07277359813 0.03842936829 -0.06430065632
-0.01770345494 0.001757910242 -0.0480488725 -0.01937283017 0.00351436995 -0.04913625121
-0.001158051193 -0.01795404404 0.009551430121 -0.005246059969 -0.01276233979 0.01023728028
-0.05108161271 -0.00921405293 0.03073077276 -0.05359848961 -0.009073509835 0.03022300079
0.06032860652 -0.01024614181 0.02302245982 0.05825579166 -0.009905730374 0.0209658891
0.0003626644611 -0.02296919376 0.018995516 -0.002199929906 -0.02373535 0.01512026042
0.02292039245 -0.01716125198 -0.02291105874 0.02057234012 -0.01180251967 -0.02435988002
0.07454524189 0.01027093455 0.0002660913451 0.0697498098 0.009514709935 0.004796789959
-0.02501064539 0.02093298547 0.05536050722 -0.03153599054 0.01988519914 0.05842084065
-0.02296486497 0.03061039373 0.02975090593 -0.02275069058 0.0292331297 0.03186910972
0.02262688801 0.007795985788 0.02870984189 0.02120064944 0.006686760113 0.0278225895
0.03517068923 -0.02910947055 -0.02638220228 0.02834058926 -0.02868128009 -0.02426785044
-0.01624291018 0.03062423691 0.01080123708 -0.02383860014 0.0318400003 0.01435803995
0.01366890687 -0.01722943969 -0.007796101272 0.01261646021 -0.01192822028 0.001579470001
0.01357504912 0.02170108259 -0.02339428291 0.017368 0.02515266091 -0.02211280912
-0.0417381525 0.01758355275 -0.03082796186 -0.04585095122 0.0198361408 -0.03023329005
0.003895945614 -0.03574295342 0.004165090621 -0.001152780023 -0.03459943086 0.00633232994
0.007569842041 -0.01831709035 -0.01698617637 0.01154000033 -0.0183600504 -0.01954437047
-0.01394515485 0.01729677618 4.95929271e-05 -0.01245545037 0.01371223014 -0.003992639948
-0.03334388137 -0.001300044125 0.01075451449 -0.03474844992 -0.00442630006 0.01317520998
-0.02173119411 -0.02968338132 -0.01644610614 -0.01869026013 -0.03252220154 -0.0138920201
-0.03309762478 0.02999786288 -0.009117219597 -0.02966604941 0.0312625207 -0.009049840271
-0.02375537157 -0.008457302116 0.01648754999 -0.01933977008 -0.0106472997 0.01650889032
0.02806896716 0.003253214061 0.02703724429 0.03569170833 0.000424650003 0.02539261989
-0.03961253539 0.00963177532 0.01411216054 -0.03945196047 0.005363619886 0.01964236051
-0.006812240928 -0.002081312239 -0.02096752822 -0.003958739806 -0.005676030181 -0.0132131204
-0.01328045502 -0.02476000786 0.0282128267 -0.003398640081 -0.02559953928 0.02929661982
-0.001531257643 0.03128264099 -0.01491701417 0.004146439955 0.0280729793 -0.01599469967
-0.007767665666 -0.023235064 0.02255248465 -0.008820979856 -0.02469968051 0.01963103935
0.0128688328 -0.02342949435 0.04368676245 0.01442667004 -0.0286680609 0.04615233839
0.01706555113 0.006903283298 -0.01567913778 0.02082896978 0.005168200005 -0.01432896033
0.03451604024 0.007275398821 -0.0205303058 0.03410360962 0.009402720258 -0.02044267952
0.008007765748 -0.00202961266 -0.01762665808 0.007073109969 -0.002446309896 -0.01692445017
0.01636110432 0.02691552043 0.0211321786 0.02234916948 0.02523153089 0.01701885089
-0.02528651804 0.03307994455 -0.01804354042 -0.02239844017 0.03123022988 -0.01953908056
0.005554588977 -0.001151575125 -0.01346049085 0.005944230128 0.0008675300051 -0.01693058014
0.02898350917 0.00369599089 0.005025628954 0.03307076171 0.005484390073 0.004088080022
-0.004777118564 -0.004668397363 0.04582364112 -0.001952799968 -0.006740910001 0.04529679939
-0.006667263806 -0.04596377164 0.0171386525 -0.001586899976 -0.04554877058 0.009628349915
0.01293434948 0.002223857678 0.03807020187 0.01666573994 -0.0006232300075 0.03602869064
0.005490146577 -0.02501313575 -0.007239695638 0.003450739896 -0.02472007088 -0.006992510054
0.008357677609 -0.01146492083 0.0002544657618 0.01138215978 -0.01117468998 -0.002478080103
0.009796521626 -0.02193938941 -0.07554209977 0.01187159028 -0.02273269929 -0.07722873241
-0.01073535159 0.03118036129 -0.0204795897 -0.008220000193 0.02875206061 -0.01773487031
-0.004112888593 -0.004617607221 -0.01814330369 0.0002583200112 -0.009486359544 -0.01543792989
-0.0299566891 0.003951139748 -0.03897489235 -0.02885694057 -0.004998680204 -0.04154184088
-0.0052999896 0.05330211297 -0.009162150323 -0.0002797099878 0.05105641112 -0.00828981027
0.0648586452 -0.005643507 -0.01973450929 0.06500396878 -0.008763199672 -0.02205795981
0.006013087928 -0.0203469526 -0.05077327415 0.008509339765 -0.02477427013 -0.04796310142
0.01337086409 0.02715019137 -0.01729326509 0.01484724041 0.02141782083 -0.01793313026
-0.03029844165 0.003858248005 -0.01634420827 -0.02871882915 0.001487710048 -0.02045932971
-0.03501532227 0.01184879709 0.01437653322 -0.0320533216 0.008898220025 0.01344931033
-0.01363144815 -0.04643620551 -0.01095111296 -0.01234863047 -0.04950248078 -0.01267862972
0.03842321783 -0.05106653273 0.0371164158 0.03883299977 -0.05450524017 0.03856743127
0.004124872386 -0.037706092 -0.01443919446 0.002436710056 -0.04270321131 -0.01549824979
-0.0146861542 -0.03051920235 0.01334792003 -0.008682269603 -0.0305615291 0.008026960306
-0.004621773958 0.003900805488 0.07242336869 0.002340869978 0.005490100011 0.07165577263
0.007595213596 0.01086892001 0.02082461119 0.0074636098 0.008224190213 0.01569125056
-0.02127897367 0.004081330262 -0.04363946244 -0.02153131925 -0.0007432699786 -0.04579664022
-0.02778686956 0.0109135583 -0.003160702996 -0.02513032965 0.00919396989 -0.004403300118
-0.01864715852 0.01301039755 -0.000222989067 -0.0167596098 0.01189407986 -0.004996180069
0.008190167136 0.04707483947 -0.01229405776 0.01327200979 0.04697123915 -0.01251965016
-0.003957927227 0.01906090602 -0.03286881745 -0.007539299782 0.01914026029 -0.03930874169
0.02026815712 0.01197424624 -0.008874258026 0.0233591795 0.01210288983 -0.008876980282
0.004753559828 -0.03399928287 0.02251847088 0.005979300011 -0.03530041128 0.02103397995
0.01386193186 -0.001310948166 0.03597943112 0.01867312938 -0.001320910058 0.03487836942
0.004191159271 0.03612054139 0.00109717017 0.006264649797 0.03249258921 -0.003816809971
-0.001373782754 -0.004358831793 0.01338298246 0.001982690068 -0.006550860126 0.01649417914
0.002748727798 -0.0142074218 -0.01657342166 0.004987429827 -0.01543948986 -0.01491123997
0.004317753017 0.0287439879 0.03106427938 0.006033420097 0.02691587992 0.02881227992
0.003511622548 -0.0001641638228 0.01971864142 0.005099640228 -0.003911669832 0.01726363041
-0.009933590889 0.001360512804 0.01190087572 -0.01029734034 -0.0007973000174 0.01008712035
-0.01043846831 -0.000563943875 0.001395714935 -0.007799319923 0.000966069987 0.001966220094
0.02843531221 0.02344267815 0.008429737762 0.03135542944 0.02475582063 0.008067820221
-0.01251468156 0.02486159652 0.004038237501 -0.009136480279 0.02197887003 -9.234000026e-05
-0.005216606427 0.006153807044 -0.05795327201 -8.212000103e-05 0.005669659935 -0.05799107999
-0.02924044617 0.03969755024 0.02799012884 -0.02447129041 0.04196840897 0.02461200021
0.03648491576 -0.007304831874 0.02639967948 0.03568743169 -0.01225684956 0.0271811597
-0.003122951835 -0.02091099136 -0.002202609321 -0.0009399700211 -0.0307330396 -0.002682270017
0.03097446263 -0.04446061328 0.02223221213 0.03495740891 -0.04928005859 0.01954115927
-0.0191812925 -0.02748276107 0.004275028594 -0.01526158955 -0.02682518959 0.001254769973
-0.02328490652 0.0005738064647 0.05373812467 -0.02106898092 0.002656290075 0.0494707115
-0.01297510043 -0.03048009425 0.006495678332 -0.01217550971 -0.03529015183 0.005987709854
0.0002658817684 0.00699622184 -0.03345111385 0.0002337399928 0.003539049998 -0.03210275993
-0.03426360711 0.004026965238 -0.04842934757 -0.02925569005 0.004173540045 -0.05190873891
-0.008590373211 0.05095654726 0.0179737322 -0.003015609924 0.0517179817 0.0126003297
-0.03494273499 -0.003384977579 0.01688747667 -0.0328595303 -0.004013460129 0.01113914978
-0.01048150938 -0.05151915178 -0.02125874348 -0.01237555966 -0.0516711995 -0.01890953071
-0.02423265763 -0.002714925213 0.001868218184 -0.01923293993 -0.001596719958 0.006014320068
0.02882253937 -0.02791460231 0.02033101954 0.02840133943 -0.02779667079 0.0165021494
-0.01543798856 0.009479189292 0.009925663471 -0.01490550954 0.01016644016 0.004978800192
0.003863096237 -0.009107661434 0.02930174395 0.004863719922 -0.01253823005 0.02872766927
0.01348994859 -0.007208172232 0.03752762079 0.01363734994 -0.005821779836 0.03666732088
0.0035219118 -0.0208987128 0.01480188221 0.005342570134 -0.01870672032 0.01056740992
-0.007132939994 0.006176035386 -0.007647633553 -0.005608910229 0.008083369583 -0.009995429777
-7.302942686e-05 0.0118395444 0.002754509449 -0.0003931100073 0.0137320701 0.0003875299881
0.006882562768 -0.006974514108 -0.01150021702 0.006606619805 -0.003689900041 -0.00927451998
-0.002271116478 0.02536391467 0.008792088367 -0.002834300045 0.02115654945 0.007786230184
0.001639455557 -0.03076572157 0.007612326648 0.003007930005 -0.03110845014 0.002830310026
-0.001243136823 0.04003119469 0.007540993392 0.003160960041 0.03864726052 0.003682819894
-0.02113342471 0.02518025413 0.0002624168992 -0.02133269981 0.0224324204 -0.006978690159
0.01997036114 0.01137008145 -0.004905730486 0.02505012974 0.01533634961 -0.005021439865
0.04525815323 0.04493559897 0.005632027984 0.04321468994 0.04442640021 0.004399400204
-0.0001148440642 0.02504076809 0.006338745356 0.004086070228 0.01907273009 0.005791619886
0.04079761729 -0.04192588478 -0.01002759393 0.04411008954 -0.04263127968 -0.01185073983
0.005538914353 0.02713589743 0.05486549437 0.007674269844 0.02855310962 0.05483594909
-0.01633968949 -0.002018203726 -0.0178360641 -0.01805639081 -0.0005958299735 -0.01647341065
-0.08383326232 0.04795863107 -0.05957261473 -0.08021291345 0.04215328023 -0.05526600033
-0.001424059272 0.01828743145 -0.008028795943 0.002895039972 0.0191897396 -0.007712409832
0.009224995971 0.02012861148 -0.03302011266 0.01440152992 0.02267641015 -0.03283179179
0.01293156296 -0.009817999788 -0.004146357533 0.01047165971 -0.01092514955 -0.0057995799
0.0008676424623 0.0381166935 -0.01562527567 0.001140760025 0.03952312842 -0.009249339812
0.007077690214 0.01233665738 0.02994614094 0.008148490451 0.01265909988 0.03108588047
-0.003777444363 -0.009027421474 -0.03770131245 0.001077999943 -0.0101558296 -0.03953067958
0.002390392125 0.004512025043 0.006815915462 0.007740519941 0.004673520103 0.006457619835
-0.02475036308 0.01145661995 0.01241308451 -0.02420472912 0.01089692023 0.01178424992
0.02820055373 -0.02294160426 -0.002075375058 0.02896705084 -0.02046106942 -0.001511769951
-0.008421272971 0.01330911368 -0.0006632762961 -0.0009211900178 0.01684975065 -0.005150959827
-0.04572487995 -0.01844264194 -0.04465158284 -0.03921817988 -0.02240478061 -0.05022151023
-0.001548205037 0.04145754129 -0.01817508787 0.0005011800095 0.03627539054 -0.02753024921
-0.01011620462 -0.007609074004 -0.006080259103 -0.009786830284 -0.009083859622 -0.007542490028
0.002726405859 0.0484293215 -0.001456443919 0.005871729925 0.05017057061 -0.002137329895
-0.01750902459 -0.02085585333 -0.002982531441 -0.01540371031 -0.02673687041 -0.003806320019
0.004441545811 -0.0359569937 0.0477781184 0.006269420031 -0.04058564082 0.04640341178
0.01258253213 0.04265123978 0.001797699253 0.01599900052 0.03697146103 -0.003579289885
0.0191116482 -0.02355751768 -0.004900785163 0.02156542055 -0.02558930032 -0.002909450093
0.002075016499 -0.02980932221 0.02354528755 0.007061759941 -0.03225789964 0.02330542915
-0.05893565714 -0.04990040883 0.02204917371 -0.05986513942 -0.05153293163 0.02150880918
-0.01458162442 0.02547986433 0.03702003136 -0.009035909548 0.01896733046 0.03538265079
0.03335735947 -0.01674076915 0.01503504906 0.03425591066 -0.01937920041 0.01682898961
-0.02981229126 -0.003402739763 -0.009577792138 -0.02957550064 -0.001660160022 -0.006079840008
-0.002360313665 0.03268638998 0.02707871236 -0.0009318899829 0.02808934078 0.03315620124
0.01540111005 0.01966983266 0.05770566687 0.01904441044 0.01502778009 0.05706676096
-0.06562636793 0.008027930744 -0.003807398491 -0.06026114151 0.01039270964 -0.008725970052
-0.017215617 0.03168936446 -0.01135478355 -0.01121435035 0.03123809956 -0.01610478014
0.00353884697 -0.003898445517 -0.03632977977 0.003465259913 -0.005486090202 -0.03283433989
-0.05513786525 -0.02115380391 0.005363800563 -0.05656227842 -0.02372878976 0.008434699848
0.01492157578 0.01390623301 0.009925020859 0.01523975004 0.01770341024 0.003799050115
0.03444280475 -0.04451318085 -0.02178421058 0.03884077072 -0.0400413014 -0.02411329001
-0.01052213646 -0.001343801618 -0.006510868669 -0.01102653984 -0.003190909978 -0.01606382988
0.01869657263 -0.005004748702 -0.007830929011 0.01558762975 -0.003534880001 -0.01111529022
0.05835751817 -0.002324320376 0.005395189859 0.06035982817 -0.0006519799936 0.004827400204
-0.1682290733 -0.285107553 -0.1878263652 -0.2259835005 -0.2939564884 -0.1382392943
0.005540471524 0.2403985262 -0.3964131176 -0.02695393935 0.2174081057 -0.4085747898
0.2093906701 -0.3054850101 0.4623256922 0.1453326941 -0.2640193105 0.4198794067
-0.4755707979 -0.133626774 -0.09776137769 -0.4582382143 -0.08351431787 -0.0880163908
-0.5281150341 0.2267346978 -0.5281851292 -0.5237417221 0.2044703066 -0.5400556922
0.2117077708 0.03449696302 -0.5248171687 0.2877567112 0.02919371054 -0.5133733749
-0.1777216196 0.829641819 -0.2510554194 -0.2044637948 0.7603924274 -0.3236643076
0.04442755133 0.106101051 -0.3797473609 0.04707344994 0.07417912781 -0.3961766958
0.1430688947 0.06313854456 0.2892911732 0.1969978064 0.06969535351 0.3130437136
-0.04687658697 0.7234531641 0.1571725011 -0.07292140275 0.686288476 0.1556518972
0.0005238796584 0.2313492149 0.01152394339 0.00738970004 0.2035750002 -0.0139267901
-0.19173944 0.1738547087 -0.06819593161 -0.2500354052 0.1688272059 -0.05914866179
-0.09111596644 -0.3839399219 0.2989957333 -0.116941601 -0.401999414 0.3344739974
0.2559570372 0.03614851832 0.3331630826 0.2408203036 -0.02788121067 0.3631328046
0.2261410952 -0.09544919431 0.06363582611 0.2880133092 -0.1108051017 0.07273124903
0.07648219168 -0.08246328682 -0.1331341863 0.06171948835 -0.107426703 -0.1038021967
-0.005445070565 0.4500196278 -0.1158336401 -0.06365439296 0.4349954128 -0.1346994936
-0.4920530617 0.2041950822 -0.06529868394 -0.5236170292 0.1671139002 -0.1261221021
0.7243110538 0.5451312065 -0.3700682223 0.7551482916 0.5241674781 -0.4162204862
0.5485566854 0.2346657813 -0.115548566 0.5244644284 0.2090895027 -0.174505502
0.2409799397 0.9171233177 0.1241137385 0.1904716939 0.8976910114 0.1419858038
-0.1195865721 0.1614893824 -0.4343418777 -0.1426603049 0.1546112001 -0.4648393989
-0.3270791769 -0.1673277467 0.002561000874 -0.3366329968 -0.2093757987 -0.01215269975
-0.6823211312 0.06890907884 0.4963419437 -0.6817948222 0.05751442164 0.4897767901
-0.08258960396 -0.07605600357 -0.2378697544 -0.1108355969 -0.1100123972 -0.2860595882
-0.09005262703 -0.2197955847 -0.1282822937 -0.174583599 -0.2781952024 -0.1718448997
-0.1910620481 0.1593491584 0.04815993831 -0.2155629992 0.1586548984 -0.006857470144
0.03125304356 -0.3843543231 -0.4697237313 -0.02254837006 -0.4231469929 -0.5002545714
0.01653658785 0.2080308348 0.5002107024 0.02483223937 0.2522448003 0.4677186906
-0.5276330709 0.9220480323 0.267267704 -0.5202208161 0.8785142899 0.289506495
0.3397583961 0.2665811479 0.4589574337 0.3540897965 0.1975810975 0.4340797067
0.2995963097 0.3809713721 0.03261537105 0.3422993124 0.415217787 0.02742826007
0.2256452441 -0.3177528977 -0.3905420005 0.2454521954 -0.3141899109 -0.4115138054
0.3197087049 -0.2847934067 0.1207890138 0.3024067879 -0.2992855012 0.1314862967
0.59247756 0.4757865369 0.505418539 0.5551946759 0.4504179955 0.4702964127
0.05588117242 -0.6790599823 -0.6041932702 0.00426614983 -0.6879528165 -0.6292889714
0.08681633323 0.03016712144 -0.4237701893 0.04634207115 0.07918252796 -0.4467211068
-0.02205441147 -0.1355442703 0.4033063352 -0.05938142911 -0.2236903012 0.4124382138
0.8768259883 -0.3271290064 0.2166454196 0.8180860281 -0.3863008022 0.1783768982
0.07872591168 0.1061280668 -0.9357023239 0.01802415028 0.1095359996 -0.9386851192
0.1865113974 -0.6300140619 -0.1135374457 0.1304264069 -0.5618274212 -0.1483025998
0.1332069486 -0.06568493694 -0.106559895 0.1322149038 -0.05951308832 -0.1002323031
-0.07757117599 0.7908059955 -0.7407208085 -0.1159406006 0.7491487861 -0.730902195
0.005974720232 0.06083612144 -0.5724334717 -0.007090100087 0.1108027026 -0.6144644022
-0.05114588886 0.3586898744 0.5936033726 -0.02903166041 0.405698508 0.6109092236
0.1558288783 0.1846906245 0.2468048781 0.1500056982 0.139497295 0.2715846002
0.2825215161 0.1910526603 -0.2776823342 0.2322100997 0.2484667003 -0.2963798046
0.04929438606 -0.1062863246 0.2974782586 0.03476871923 -0.08513359725 0.3185299039
-0.0164927654 -0.218618378 0.5669199228 -0.06717509031 -0.2240965068 0.5240448117
-0.1806699336 -0.1939601004 -0.04369128123 -0.1774376035 -0.1311915964 -0.07965961844
0.08417931944 -0.09770675749 -0.4139128029 0.07503592968 -0.1099117026 -0.4537278116
0.2494433373 0.0257420335 0.8057333231 0.260976404 -0.01581249945 0.7893133163
0.443644166 -0.08233742416 0.1343858242 0.4299223125 -0.1279833019 0.1291683018
0.3839019835 0.03990113363 -0.3044034541 0.3826164901 0.02819830924 -0.2761608064
0.290481627 0.1824783236 -0.5500757098 0.2473123074 0.1852049977 -0.6049345732
-0.3490337133 0.1931701154 0.7179458737 -0.3275451958 0.1776897013 0.6707931757
0.2086294591 -0.03762680665 -0.30890885 0.2498472929 -0.05199535936 -0.3364439905
0.2316210419 -0.3812874854 0.09259103239 0.2551195025 -0.3996062875 0.03423377126
0.1941596568 0.1495132297 -0.1729719192 0.2151447982 0.06167256087 -0.1685339063
-0.0976125598 -0.2332286686 0.1192934364 -0.1475960016 -0.2302629948 0.1097029969
0.4659936726 0.3900938332 0.236784026 0.5225083232 0.3859857917 0.1878007054
0.1317192912 -0.2136520445 0.5497133136 0.08683299273 -0.2271838039 0.5037481189
-0.8319468498 -0.04910248518 -0.2632400095 -0.8553419709 -0.1033990011 -0.3017576039
-0.6725546122 0.2433017641 -0.05387443304 -0.7447090149 0.2340898067 -0.1054209992
-0.5395914316 -0.2746090293 -0.102378726 -0.5557851195 -0.283385396 -0.09262858331
-0.1284753531 -0.5782296658 0.5196781158 -0.1003615037 -0.6016966105 0.5497025847
0.4498770237 -0.4062727094 -0.2042420655 0.4793043137 -0.3962625861 -0.2494550049
0.05330708623 0.1116447374 0.05614712834 -0.004865230061 0.1460819989 0.01823697984
-0.06866682321 -0.08085229993 -0.1641402841 -0.1053823978 -0.05283743143 -0.2023207992
-0.5827741027 0.5508211255 0.07462283224 -0.6084663272 0.575081706 0.04309757054
0.03363493085 0.1554382145 0.04581132904 0.04265746102 0.1195281968 0.06503532082
-0.2184075117 0.6515801549 -0.1219958737 -0.2406775951 0.6319314837 -0.1195444986
-0.2760977745 0.1013867408 -0.4114539027 -0.3178758919 0.1099056005 -0.4174498022
-0.34283337 0.5596580505 -0.05112516135 -0.3747288883 0.5554718971 -0.0161855109
-0.11544884 0.1797238737 -0.09944996983 -0.1065585986 0.1868229061 -0.1024331972
0.7685286403 -0.4004344046 0.1982224882 0.70157969 -0.4395107031 0.2129514962
-0.4721826613 -0.2107779086 0.3431224525 -0.4925718009 -0.2333101034 0.35544011
0.06163647026 0.01891870052 0.1578007638 0.03938110918 0.008566389792 0.204431504
0.001117348671 0.04110313207 0.6704193354 -0.02726051025 0.03369792923 0.7191473246
-0.4029267132 0.6166481376 -0.2811129093 -0.3807396889 0.622332871 -0.2667030096
-0.07361611724 0.3496837616 -0.1406618059 -0.08508702368 0.3620769978 -0.1653454006
-0.4442999959 -0.3156079054 0.3926273286 -0.4275479913 -0.2919026017 0.3970864117
0.07155852765 0.02264449 -0.2427548915 0.03069154918 0.01017913967 -0.2244082987
-0.0949992016 -0.1086760461 -0.2466993332 -0.09666586667 -0.1279418021 -0.2233356982
-0.0400958322 0.1840510815 -0.2256360054 -0.05551559106 0.1882288009 -0.1916650981
-0.6091183424 -0.06745209545 -0.1212628782 -0.6220989823 -0.04170048982 -0.1065187976
-0.1849646568 -0.3531910777 0.2975519001 -0.2270200998 -0.3354893029 0.2774907947
0.02622153237 0.3051168323 0.04477727786 -0.006905130111 0.2730127871 0.04063687101
-0.04341695458 -0.4996321499 0.1991916895 -0.0821320191 -0.4874934852 0.2475526035
0.8887643814 -0.2210013419 0.3034299314 0.8885412216 -0.1742638946 0.2752023041
0.1045141742 -0.5752535462 -0.06439650804 0.04470155016 -0.5711808205 -0.08678469807
0.07487255335 0.00578071177 -0.07316993922 0.08456847817 -0.003339800052 -0.163488999
0.03618835658 -0.1260603517 -0.3185250759 -0.01665930077 -0.2004110962 -0.3320100904
0.2796106339 -0.1666634232 -0.3314020634 0.2393967062 -0.2021898031 -0.3558329046
-0.107956931 0.7991446257 0.08423878998 -0.1099570021 0.7897161245 0.09391426295
-0.194263339 -0.5032745004 -0.1522509903 -0.2351880074 -0.4881007969 -0.1711191982
-0.2670525312 0.7623252273 -0.06513553113 -0.2606289089 0.7456066012 -0.09299979359
-0.1464956999 -0.2211740613 0.2642837167 -0.1374492049 -0.2301481962 0.2774075866
1.31259799 0.3533070683 0.7962343097 1.289507985 0.4278362095 0.7974339724
-0.09292212874 -0.04069976136 -0.3374099433 -0.1423259974 -0.02506580018 -0.2904503942
0.7809045315 -0.5400478244 0.2126527578 0.71224612 -0.5678114295 0.2359869033
-0.2315372825 -0.37220034 -0.1530596614 -0.1629005075 -0.3603546917 -0.06670612097
-0.1047650948 -0.2912494838 0.1136111468 -0.1049126983 -0.2956953943 0.1101963967
-0.09090351313 0.7133566737 -0.003734415397 -0.04170320183 0.7291429043 -0.003312960034
0.0733140558 -0.3188374639 0.2706325054 0.05391452089 -0.3206070065 0.3021070063
0.1523704529 -0.005054777954 0.2058851272 0.1569764018 -0.0156885609 0.2451968938
-0.08236692846 0.1610539854 0.2950728238 -0.0428648591 0.1809998006 0.3396028876
0.004969038069 0.5336025357 -0.1626007408 0.01885215938 0.60604918 -0.1610005051
0.2646874785 -0.0807832405 -0.1642942429 0.3220207989 -0.09607238322 -0.1734919995
0.03042232245 0.1000383273 0.03222990036 0.02364598028 0.08060821891 0.0131138498
-0.22588557 -0.3561139405 0.5206523538 -0.2006219029 -0.4002904892 0.5349277258
0.09325643629 -0.2954263091 0.2010080218 0.1126452014 -0.314815104 0.2444300056
0.00156597048 -0.1503555477 0.4763822258 -0.008456139825 -0.2340258062 0.507846117
-0.1401834339 -0.23665075 -0.01850922592 -0.1110166013 -0.3323346078 0.03622929007
-0.5225499868 -0.1137971506 0.166059643 -0.5133420229 -0.1115275994 0.2579228878
0.1278252751 0.05064292625 0.08591086417 0.06931304932 0.05711327866 0.05015496165
-0.3939269185 -0.08945755661 0.1099850833 -0.3481442928 -0.1343538016 0.1086540967
0.5337962508 -0.2937555909 0.1901553422 0.5177705884 -0.3853386045 0.2110543996
-0.3697673976 0.06225753948 0.06435675919 -0.3516151011 0.03896801919 0.08617690206
-0.09436872602 -0.0960836485 0.1649654359 -0.172112897 -0.08315265179 0.1123934984
0.1260203421 0.1858261973 -0.2252053171 0.1010883003 0.164229095 -0.2464832067
1.22911489 1.016654134 0.1591407657 1.186925054 0.9788115025 0.1866030991
0.3269719481 -0.008485942148 0.1500851214 0.3399052918 -0.02617754042 0.182328403
0.6515034437 -0.7096485496 -0.01941872388 0.6172155142 -0.713708818 -0.01462099981
0.05264750123 -0.6237278581 0.4482434988 0.04705607891 -0.6192411184 0.4213829935
0.09365218878 -0.4897045791 0.04799205065 0.1308902949 -0.4490289986 0.0244207792
0.171076104 -0.0814506337 0.06444799155 0.2226226032 -0.01903354935 0.03099166974
0.03684043512 0.5090507269 0.06167688221 0.08790940046 0.5428369045 0.07969590276
0.666539669 0.6055233479 0.1083728671 0.6869009137 0.593203187 0.1009230018
-0.04804403707 -0.04454693198 0.06468667835 -0.06119668111 -0.08576595038 0.1058069989
0.2242202908 0.3835659325 -0.021895824 0.2367123961 0.4157777131 -0.00840226002
0.2196064591 0.2874762118 -0.810358882 0.1596357971 0.2904700041 -0.8726661801
0.4188428521 0.3497993052 0.2953584194 0.460078299 0.3339138031 0.2958154976
-0.5294080973 0.07712779939 0.01570916548 -0.5585716963 0.02880387008 0.06243665889
0.06640309095 -0.2129358947 -0.7203981876 0.04448745027 -0.1945316046 -0.6685833931
-0.4028150737 -0.04737458751 -0.5164966583 -0.4119952917 -0.07271981239 -0.5667108297
0.03600081801 -0.7592614293 0.4488575161 0.07199318707 -0.674988389 0.4218120873
-0.01794364676 0.117527239 -0.01780213043 0.02395218052 0.1444718987 0.01395799965
0.05457168818 -0.3633552194 0.3644931614 0.02188587934 -0.3252938092 0.3494428098
0.01810053736 -0.4884491265 -0.06923130155 0.06159497052 -0.4176681042 -0.1103037
-0.5811805129 1.055501223 0.04623874277 -0.5844098926 1.114946008 0.03035056032
-0.5270397663 -0.1036547571 -0.3808093667 -0.490813911 -0.04882096127 -0.3808988035
-0.1036669686 -0.01660026237 -0.07712447643 -0.138280496 -0.008042450063 -0.0956081003
-0.1122160107 0.5922976732 0.1652467698 -0.07622388005 0.6434391141 0.172458604
-0.2285320461 0.08417369425 -0.3530249894 -0.2917571962 0.113123402 -0.4088523984
-0.08108906448 0.4263784885 -0.1814590394 -0.05992887169 0.3815039098 -0.1741078049
0.03759040684 -0.03672288358 0.0384320654 0.04735502973 -0.02800085954 -0.0145746097
-0.1852562129 -0.09521823376 0.3605336845 -0.1775518954 -0.114800103 0.3872396946
0.1485704184 -0.5668844581 -0.1197510064 0.1716953963 -0.5768262148 -0.1195034012
0.4511938989 0.2376449257 0.2406549156 0.492520988 0.2464852035 0.2669402957
0.1062666774 -0.1029878482 0.06362830102 0.08552481979 -0.1024208963 0.08832541853
-0.1803638339 -0.2938599885 0.0360876359 -0.1584136933 -0.3049156964 -0.02059805021
-0.1384539008 -0.00726650469 -0.1829055548 -0.1237357035 -0.03581329063 -0.1437797993
0.5866236687 -0.1957995892 -0.04246117175 0.645735383 -0.1662812978 -0.08347790688
0.4688139558 0.1528538615 -0.01046480518 0.4729076922 0.1277440041 0.01951820031
-0.7045356035 -0.05791879818 0.1032267436 -0.6405407786 -0.02598300949 0.1043471023
-0.0285885781 0.04287349805 0.1611514837 -0.008273120038 0.04516931996 0.2327211052
-0.2367652208 0.1910949349 0.3262695968 -0.1604225039 0.2140506059 0.3668139875
0.2054449916 0.2681718469 -0.398016274 0.1992588937 0.2510592043 -0.3972460926
-0.1179527715 -0.7464580536 -0.03275473043 -0.1094518974 -0.6933286786 -0.01462728996
-0.1027140468 -0.2431796938 0.6473041177 -0.0890359506 -0.1785807014 0.6805567145
0.2450336367 -0.6176700592 -0.1492129415 0.2755970955 -0.6133183837 -0.1528678983
-0.1545177698 -0.1366895437 -0.423171401 -0.1744786948 -0.1607186943 -0.4702894092
0.2356536537 0.4893619716 -0.2837340534 0.2097734958 0.5031198263 -0.2662616968
-1.011671543 -0.6631999016 0.04705385491 -0.9634339213 -0.658945024 0.05139432847
-0.238090694 0.1201142743 0.823500514 -0.248388499 0.1192615032 0.8165851831
-0.01412936673 -0.3615018427 0.1488638818 0.01948627084 -0.3850116134 0.1402558982
-0.2123687416 0.1336391717 0.2311983705 -0.2134325057 0.211906895 0.2532950938
-0.51143682 -0.2535753846 -0.338547051 -0.4943831861 -0.1797143072 -0.3148688078
-0.1902103275 0.0767595917 -0.02135067619 -0.235640198 0.09638925642 0.02443416044
0.3694882095 -0.2883283794 -0.1295250207 0.4007824063 -0.263053894 -0.1560748965
0.1832241714 -0.1641935855 0.657320261 0.2504883111 -0.1609129012 0.614607811
0.6097898483 -0.5937093496 0.1520156413 0.6641197205 -0.6037701964 0.1925704032
-0.04719892144 0.07768316567 0.2342404127 -0.03222100064 0.04927511141 0.249395296
0.3356713355 0.1931956261 0.07467244565 0.3496085107 0.1914090961 0.1509841979
-0.2893067896 -0.1943308115 0.4090622365 -0.2615594864 -0.1615245044 0.3846079111
0.1568002701 -0.6285213232 -0.09585300088 0.1853217036 -0.5967351198 -0.09050825983
-0.08304990083 0.006009798497 0.3104364276 -0.03368176892 0.01089906972 0.3247028887
-0.3612647355 -0.9567447305 0.07868881524 -0.3565000892 -0.954136014 0.07342954725
-0.2443084121 -0.187707901 -0.3109951615 -0.2697978914 -0.1992173046 -0.3250724971
0.1053476781 0.187352255 0.3947199285 0.1425596029 0.2270299941 0.4435093105
0.3024467528 -0.1527885199 0.1648530066 0.282997787 -0.1253437996 0.1576759964
-0.4987046421 0.3666108251 0.2968387902 -0.5850769281 0.34278211 0.2995328903
-0.350615412 0.2780955732 0.1636593342 -0.3536607027 0.3039329052 0.1582791954
-0.20632568 0.1895425469 -1.033796549 -0.2303481996 0.2065826058 -0.9859160781
-0.08687449992 0.06436636299 -0.01887489855 -0.1028013974 0.08294665068 0.02362300083
-0.02872083895 -0.1967009902 -0.1746255904 -0.06761620939 -0.2108166963 -0.1747054011
0.0125879813 -0.2292368114 0.7656387091 0.01572822034 -0.2424986959 0.7810391784
-0.09267301857 -0.2848245203 -0.08169709891 -0.07496026158 -0.1841768026 -0.04509374872
-0.08708912879 0.3368392885 0.1499377191 -0.0111577604 0.3144001067 0.1564590931
-0.004914053716 -0.02525498718 -0.6369930506 0.02364102937 -0.07670723647 -0.5799571872
-0.1028068215 -0.1629909277 0.1585490257 -0.09116850793 -0.200544104 0.1910730004
-0.7189351916 -0.0772626102 0.04683383182 -0.6412504911 -0.06404393166 0.07563968748
0.2446055561 0.009163310751 0.0567770265 0.2501293123 0.02693675086 0.08883111179
0.5025434494 -0.05845423415 0.01018263213 0.5253102183 -0.08422251791 -0.0117700696
-0.06970922649 -0.08956502378 0.04775369912 -0.06800533831 -0.07304433733 0.08360415697
-0.0342605114 -0.0002267579548 0.1632961035 -0.04695108905 -0.009108169936 0.1954770982
0.04913647473 -0.08153577894 0.03356938064 0.09732741863 -0.1253969967 0.06761282682
0.1344826967 0.05023780465 0.2365123481 0.1253228039 0.04683506116 0.2807047069
-0.1842038333 0.2063939869 0.3484377563 -0.2338937074 0.1727403998 0.3387002051
0.4568707347 -0.003824592801 0.2924471796 0.4670802057 -0.01313875988 0.3166075945
-0.1384967566 -0.7299550176 -0.6583285928 -0.09736915678 -0.7008236051 -0.6062315106
0.2818394303 -0.6733423471 -0.7982626557 0.3454875052 -0.6645786762 -0.7956303954
0.7383285165 -0.2202125937 0.3819662929 0.7726119161 -0.2175741047 0.3281530142
-0.3406945467 -0.246338442 -0.1096986905 -0.3326637149 -0.2457244992 -0.06561800092
-0.3144446015 0.08435011655 -0.3224084377 -0.3097350001 0.1124747992 -0.338772893
0.1117179021 0.126350224 -0.5356261134 0.06778304279 0.1786125004 -0.4760671854
-0.1958969533 0.4205006361 0.02149102092 -0.1968179941 0.4406282902 0.03994278982
-0.09410927445 0.524556458 0.1080156863 -0.0909441188 0.5191504955 0.06017901003
-0.00496019423 -0.1253311783 0.1305520087 -0.00935135968 -0.08449929208 0.0910044089
-0.6676923037 0.1606037319 0.1646077931 -0.6476672888 0.1741333008 0.1335370988
0.0279699713 -0.09657517076 -0.6153137088 0.03336118162 -0.1191094965 -0.6313058734
0.08424392343 0.6622090936 0.0812240392 0.06212180108 0.7098848224 0.09581369162
0.07644385844 0.4305197597 0.4391656816 0.0845155865 0.4454262853 0.5080760121
-0.06688024849 0.1073821783 -0.1520464122 -0.02710350044 0.1257053018 -0.1914546043
-0.03293839097 -0.0582453087 -0.3657436967 -0.02492365055 -0.1047701985 -0.4081130922
0.4216262698 0.962526679 0.04086152464 0.4754290879 0.9594526887 0.0190106798
0.2765764594 -0.5361395478 -0.4252272248 0.2998538017 -0.564574182 -0.3839122057
0.4434356689 0.333137095 0.3259550929 0.4849880934 0.3118151128 0.3798582852
0.08885711432 -0.2576806843 -0.03858998418 0.1591628045 -0.2603727877 -0.03399543092
0.4241198599 0.06453585625 -0.642505765 0.4644399881 0.08354850113 -0.6737313271
-0.01893055439 -0.1723281741 0.1762899309 -0.03370558843 -0.1323731989 0.2039020061
-0.006115421653 0.05761902407 -0.1860222369 0.05801865831 0.1022576988 -0.1075991988
0.372574687 0.3498408496 0.3610499799 0.3873232007 0.3477214873 0.3577125967
-0.9895236492 -0.3189116716 -0.2291908562 -0.9459602833 -0.2861948907 -0.1901786029
0.3644644618 -0.2920742333 -0.1152054444 0.413664192 -0.2819032073 -0.1537640989
-0.1450802088 -1.125813842 -0.03880415484 -0.1103527024 -1.088510036 -0.01474137045
0.1726290882 0.1732472628 -0.4729683399 0.1479945034 0.1698212028 -0.4429732859
-0.2415064722 -0.3358721435 -0.1922757775 -0.2475505024 -0.3334751129 -0.2425419986
0.003802451305 -0.1179211885 -0.1512233168 0.05639537051 -0.1383213997 -0.08651345968
-0.2566191256 0.03350550309 -0.06544037163 -0.189794004 0.07581113279 -0.0391770415
-0.102795966 -0.3072052002 -0.7188242674 -0.1154206023 -0.2831707895 -0.7064747214
-0.3581814468 -0.1599146873 0.4177109003 -0.397965312 -0.1481456012 0.4163328111
0.2405079603 -0.1796834022 -0.05847676843 0.2711631954 -0.2004144043 -0.04414965957
-0.2200940996 -0.1417882442 -0.247309804 -0.2770755887 -0.1346565038 -0.2594914138
0.1967150569 -0.02328155935 0.7749994993 0.2165955007 -0.02553921938 0.7788571119
0.7922202349 -0.08348917216 0.05915079266 0.779098928 -0.1041475981 0.004815489985
0.2540272772 0.03211257607 -0.440082252 0.2572917044 -0.009348520078 -0.4774391055
-0.06005514413 0.1006468683 0.2304303199 -0.03212092072 0.1285573989 0.2022662014
0.3297440708 0.4341990352 -0.2568767667 0.3178584874 0.4270915091 -0.262380302
-0.4701104164 0.1291215718 0.1591580808 -0.4339284897 0.144127503 0.122789897
0.138102442 0.2381402105 -0.1041607931 0.1881863028 0.2261846066 -0.04919742048
0.1794567853 0.5012344122 -0.09122954309 0.1442638934 0.5696802735 -0.1466574967
-0.4153601229 0.1218477637 -0.01086106151 -0.3756434023 0.1930553019 -0.08172433078
-0.1778299809 -0.0379948169 -0.1832173914 -0.1750178933 -0.004642469808 -0.2150090933
0.1012667567 0.1876377314 0.3280248046 0.1460517049 0.1718553007 0.3943142891
-0.3680384159 0.2582237422 0.1844415963 -0.3766258955 0.2654787004 0.2299578041
-1.235293984 -0.2109181583 -0.2537221313 -1.207911015 -0.1310694963 -0.2618474066
0.04206693172 0.2694325745 -0.6715254188 0.02873799019 0.2843214869 -0.6884328127
-0.5652657747 -0.3960912824 0.055387564 -0.5849192142 -0.4292792082 0.03776993975
0.07654998451 -0.3554059565 0.08003886044 0.1049980968 -0.3772005141 0.06915873289
-0.1018043458 0.1738976836 -0.01135605015 -0.07248008996 0.1650937945 0.02815390937
0.6984847784 -0.06412816793 -0.1438856274 0.7109810114 -0.05876725167 -0.1416866928
-0.521697998 0.1178747788 0.007824940607 -0.5322365761 0.1508239061 -0.0009093499975
-0.1275978088 0.1865529418 0.08532238752 -0.1055267975 0.2127023041 0.1193338037
0.09048129618 0.2412945777 0.1762296259 0.1096728966 0.2304448038 0.1454999
-0.2315384001 -0.1134472787 0.4021437168 -0.1839801967 -0.1521815956 0.4295688868
0.02485829405 0.272883147 0.2591466308 0.02862218022 0.3027924895 0.2314200997
0.5318574905 0.552228272 -0.2333787978 0.5394229293 0.5985851884 -0.262740314
0.1843032241 -0.1179610416 -0.1486590803 0.2455611974 -0.1120574996 -0.1380005926
0.02236576751 0.5847222209 0.03497915715 0.05786569044 0.5630140901 0.05127960816
-0.07467164099 0.04118186235 -0.07452750951 -0.0610653609 0.01993267983 -0.08009973168
-0.3190312088 0.07880993187 -0.547121942 -0.318926394 0.04892596975 -0.5963599086
-0.07054051012 0.2805793285 0.5487418175 -0.03128341958 0.3383657932 0.5561686158
0.2741165757 0.4298197627 0.1871241629 0.3078525066 0.4648022056 0.2159969956
0.598043859 0.2044521272 -0.005837116856 0.6563109756 0.223240599 -0.03446805105
-0.2122434825 -0.3181137145 -0.01730427891 -0.1562470049 -0.3007057905 -0.008666349575
-0.9098768234 -0.6263150573 -0.02752089314 -0.9074761868 -0.5733342171 -0.04551260173
-0.5467988849 0.3111672997 0.1093125343 -0.5334647894 0.3572360873 0.1329914033
0.09191935509 0.1109933034 0.2799877524 0.1097182035 0.1355341971 0.2969715893
0.1825976521 -0.4577317834 -0.1850554645 0.2199679017 -0.5057492256 -0.1883177012
-0.1828631163 -0.01683049276 0.2169202566 -0.1697054952 0.01284222957 0.2913281918
0.2448021024 0.3068252504 -0.1253092885 0.2478016019 0.3489057124 -0.0813639164
0.2627056539 0.2028918713 -0.1952734888 0.2474479973 0.2160227001 -0.1669269949
-0.3402426541 0.3835165501 0.1886099428 -0.3024547994 0.3720124066 0.2293477952
0.601072371 0.08662546426 -0.2713787556 0.6278076768 0.06258614361 -0.2777070105
-0.04786102846 -0.1512628645 0.8437489271 -0.06208489835 -0.1178966984 0.8458961248
-0.1106284112 -0.189530775 0.040540196 -0.09640997648 -0.183394894 0.007988560013
-0.555572331 0.1871993542 0.01529503986 -0.5312783122 0.2123430967 0.01760504954
-0.2692480981 0.05967581272 -0.1928771585 -0.2114305049 0.03706499934 -0.210304305
-0.3681453764 0.3339993656 0.2549510896 -0.4075596929 0.3042486012 0.3009867072
-0.3454663754 -0.05644483864 0.3800343573 -0.3169530928 -0.07841867954 0.3371694982
0.003230498871 0.08586075157 -0.3379140496 0.03467101976 0.05812839046 -0.3826903999
0.343061775 -0.9487050176 -0.6232128143 0.3661726117 -0.9678583145 -0.6162130833
-0.09843657911 0.08475366235 0.1141524687 -0.1046195999 0.1166533977 0.1134276986
-0.6778274179 -0.1697992235 -1.063934207 -0.6504244208 -0.152857095 -1.032395959
0.09324731678 -0.6739811897 0.1702851802 0.1296902001 -0.6527326703 0.151413098
0.1898619086 0.1671621054 -0.1895909011 0.1786392927 0.1779620945 -0.2160158008
0.3710407615 0.2132266313 -0.2004602849 0.367433995 0.2300529927 -0.1282742023
0.007471054792 -0.1318475902 0.2410159856 -0.005338239949 -0.1000050008 0.2395724058
0.8919247985 -0.4490370154 -0.08661850542 0.9762043953 -0.4548628926 -0.08199830353
0.1099089384 -0.007047940977 -0.02046227641 0.1357766986 -0.02990341932 0.02509335056
0.1829240024 -0.4272531867 0.05075304583 0.1574198008 -0.4158289135 0.0848358497
-0.2972148955 0.1581993401 0.1149353981 -0.2713189125 0.1512586027 0.1491452008
-0.302421242 -0.05825684592 0.2783094049 -0.2908250988 -0.05282730982 0.2482059002
0.408570081 -0.3468424678 -0.6826353073 0.4405443966 -0.3488717079 -0.6346731186
0.4057660103 0.8045488596 0.2337365448 0.4201194048 0.8254274726 0.2732272148
0.08631260693 -0.3356153667 -0.274764061 0.1171969995 -0.3442575037 -0.268907994
-0.3147032261 0.2988277674 -0.0727455765 -0.3040353954 0.2885425091 -0.06102892011
0.01064554229 -0.1443673223 0.1568112522 0.07465454936 -0.1601036936 0.1565321982
-1.032868266 -0.08333596587 0.748321712 -1.034170032 -0.07825037837 0.7477566004
0.1108267382 0.07828487456 -0.2832194567 0.1217204034 0.03942912072 -0.3086313903
0.2769860029 0.04246745631 0.2382942885 0.3077925146 -0.01526006032 0.2330327928
-0.1620159 0.2324928045 -0.7404510379 -0.2142993957 0.2350710034 -0.7476822138
-0.1185187846 0.2185207754 0.1165854931 -0.1119332984 0.2778623104 0.174356699
-0.0356458202 0.09042388201 -0.04871144518 -0.0222952608 0.09264255315 -0.08392894268
-0.3073616028 -0.1294266135 0.3113004863 -0.2565330863 -0.1603100002 0.2571885884
0.3448130786 0.06850674003 0.2493274212 0.3738166988 0.09598851204 0.2850846052
0.6392745376 0.1992041767 0.1381699145 0.6430094838 0.273538202 0.1537041962
-0.09474357218 -0.2052032501 -0.3066455424 -0.1246519014 -0.1696563959 -0.2522728145
0.02322085947 -0.132994622 -0.08300144225 0.02043607086 -0.1463000029 -0.08020540327
0.2525211275 0.6195387244 0.2507077157 0.257458806 0.6189134717 0.2788465023
-0.3621954024 0.6430901289 -0.222978577 -0.3487220109 0.6894024014 -0.1583462954
0.03941594437 0.1375581026 -0.33192873 0.0373060815 0.1802566946 -0.3530310094
-0.3476536274 -0.2350444198 0.09312021732 -0.3398703039 -0.2385797948 0.1120671034
0.106678538 -0.2425103486 0.03845489398 0.1482260972 -0.2315938026 0.06411513686
-0.2268854231 0.4433825314 0.4562631249 -0.1832945943 0.4442653954 0.4804426134
-0.02193631232 0.04935846478 -0.04170878232 -0.02428660914 0.07759729028 0.007179849781
0.1697448492 0.3346520662 0.2290499657 0.1828871071 0.3301939964 0.2115893066
-0.2895900011 0.174384594 0.1892795116 -0.2850266993 0.125454694 0.2302495986
-0.2993388474 -0.5451143384 -0.2806392312 -0.2478983998 -0.5339028239 -0.2922545075
-0.2821304798 0.05094972625 0.08749397844 -0.2664322853 0.08561660349 0.07041174173
-0.4017204642 0.07723809034 0.05703616515 -0.3847930133 0.0855974406 0.06999137998
-0.1568052918 0.3107065856 0.2669452727 -0.1346347928 0.3059794009 0.2572388053
-0.7047696114 0.1814059615 0.778023839 -0.6586117148 0.1692920029 0.7955626845
0.2661646903 -0.307235986 0.04633865505 0.2820881009 -0.2834497988 -0.02366987988
-0.006484113634 -0.5525906086 -0.3073912561 0.03219176829 -0.6276736259 -0.2924270928
0.006132410374 -0.01027662866 0.1825757474 0.0523872003 -0.0129673304 0.1559026986
-0.113580212 -0.583579123 0.9522209167 -0.09756595641 -0.5466067791 0.9867748022
0.8925492764 0.2426923811 0.03966491669 0.9016429186 0.2562470138 0.06317730248
-0.02267747745 -0.4894849658 0.2268306613 0.03689780086 -0.5317202806 0.2251490951
0.2401618063 0.1904094368 -0.4235082865 0.2901335061 0.1820057034 -0.4289602935
-0.9927215576 -0.2650796473 0.08169456571 -0.979010582 -0.2343624979 0.05084235966
-1.27790916 0.3827271461 -0.1635393649 -1.276429057 0.3881874979 -0.1502190977
-0.02988346107 -0.4422159493 -0.6135674715 0.0134435799 -0.4413258135 -0.626100719
0.1627013683 -0.08395673335 -0.1435066164 0.1958709955 -0.1161236018 -0.1978951991
-0.3629798591 -0.2065346539 0.2567909062 -0.2831521928 -0.1931566 0.2652881145
-0.6019824743 -0.4084738195 -0.2350671589 -0.6176192164 -0.4173868001 -0.2605803013
-0.08305426687 0.2310789526 0.02620190941 -0.05793676153 0.2195793986 0.0513692908
0.5122907162 -0.2476981431 0.02918476425 0.5564240813 -0.2781685889 -0.01407514978
0.182118386 -0.213867411 0.007223442197 0.2410428971 -0.1967646033 -0.01117531955
0.0229952801 0.1099008247 -0.3973944187 0.04345183074 0.1113082021 -0.3629330099
0.2085268199 -0.512516439 0.03330670297 0.2368627936 -0.5367090702 0.01515235007
0.5511313081 0.09776248038 -0.05892112851 0.6088045239 0.07658766955 -0.08061482012
-0.2436555475 0.02744312398 0.15521954 -0.186539501 0.04063687846 0.1304595023
0.7157387733 0.1662887782 -0.01771892421 0.7449238896 0.1701436937 -0.03329651058
-0.6118365526 -0.04814272374 -0.1700537503 -0.5776609778 -0.07698883116 -0.1773369014
0.2562364042 -0.3053120077 -0.1313599944 0.2665211856 -0.3634344935 -0.2012656927
-0.05307762697 -0.2459931672 -0.1573541313 -0.005756509956 -0.2818461061 -0.1422327012
0.09542554617 0.01293072663 0.2371396869 0.1396221966 0.02855055034 0.2492382973
-0.276702255 0.3234704435 -0.5761125684 -0.2846212089 0.3257732987 -0.5519201756
-0.01460207999 -0.08046194166 0.6144606471 0.03055904992 -0.09313438088 0.6295446157
0.3420558274 -0.4101630151 0.1161075681 0.356872797 -0.3965053856 0.1382524967
-0.3019125164 -0.2608392537 0.3007510006 -0.3053657115 -0.2339618951 0.3216956854
-0.4620291889 -0.1939750463 0.0258004237 -0.4502313137 -0.1793410927 -0.008198849857
-0.4074251056 0.1985029131 -0.4570712447 -0.3414736986 0.1882805973 -0.4814989865
0.1312821507 0.5742874742 0.5025656223 0.1637486964 0.5788018107 0.4602780938
-0.231725201 -0.1040702611 -0.1694722176 -0.243570596 -0.06498826295 -0.1533723027
-0.4024539888 0.01216889545 -0.3222850561 -0.399810493 0.03954847902 -0.3531791866
0.1353548467 0.09082426131 0.009287072346 0.1645877063 0.09272538126 -0.009319430217
-0.2480808049 0.04575207457 -0.2058844715 -0.2133665979 0.05465282127 -0.1985898018
-0.3593901992 -0.3829387426 0.07371094823 -0.3230032027 -0.3974744976 0.08647190779
0.1169046685 -0.4377207458 -0.2467899472 0.1002380997 -0.437784791 -0.3009223938
-0.1817682981 0.1534819603 0.004754945636 -0.1633075029 0.1685407013 -0.04375240952
0.2869054675 -0.2304972112 0.5579036474 0.2863920033 -0.2309658974 0.5353909731
0.3899261951 -0.0573095344 0.2993716896 0.4054710865 -0.04768583924 0.3187164962
0.09735394269 -0.02979870141 0.4187303782 0.1084586978 -0.04579215124 0.4052067101
0.7931413651 -0.5358251333 -0.1647567004 0.7864596844 -0.5630270243 -0.1837866008
-0.1533274949 -0.09180068225 0.2325909734 -0.1053619981 -0.1149078012 0.2276833951
-0.7103708386 0.2923268974 0.1224920303 -0.655161798 0.3089930117 0.1650249064
0.4423806965 -0.7306690812 -1.104637384 0.4590843022 -0.6900479794 -1.084961057
-0.1485468894 0.8137517571 -0.09380794317 -0.1438657045 0.8205575943 -0.08477836847
-0.2747665048 0.005131241865 -0.3543533087 -0.2275442928 0.02549499087 -0.2829560041
-0.3944925368 0.5495527983 -0.1220660135 -0.4080882072 0.5958601236 -0.1079583988
0.2368241698 0.2262503952 0.2656404674 0.2539182901 0.2047833949 0.2599340081
0.3490002751 0.09991021454 0.1426959038 0.3264679909 0.09988228232 0.1071842983
-0.16355896 0.09130688757 -0.2141376138 -0.1731247008 0.0740063116 -0.2039330006
0.03815726936 -0.3734037876 -0.1957055479 -0.005810219795 -0.4100542068 -0.2511101961
-0.08143243939 0.2963072956 0.003402609611 -0.1108061001 0.2684532106 -0.04782732949
0.1269819885 -0.1498507261 0.2572786808 0.1240423024 -0.1450605989 0.2726584971
-0.07508337498 0.05274616927 0.1526187658 -0.06604027748 0.07235860825 0.1382960975
-0.3344414234 -0.07978146523 -0.2722358108 -0.3624891937 -0.06923100352 -0.2583267093
0.02949891612 -0.07470875978 0.5742118359 -0.01320191007 -0.04726253822 0.5929139256
0.3348556459 -0.01567414589 -0.296885848 0.3278692961 -0.09050314128 -0.2965593934
-0.555151403 0.002898600884 -0.2339278907 -0.5426334739 -0.0197799392 -0.2095596045
0.2568661571 0.3931942284 0.3200446367 0.1935033947 0.3852168918 0.2894946933
-0.006350655109 0.08272407949 -0.01743892208 -0.06513737887 0.1163036004 0.001407769974
-0.01148167904 0.3695004582 0.3047246039 -0.02333891019 0.3667370081 0.2727446854
0.4600519836 -0.4479054809 -0.06157926843 0.4812724888 -0.4683971107 -7.013999857e-05
0.1879298091 -0.1486449391 -0.5351555347 0.1790149063 -0.1640617996 -0.5307468772
-0.1999214292 -0.2184365243 -0.3265523314 -0.2055529952 -0.2348258048 -0.37616539
0.1169202775 0.09152516723 -0.1629816592 0.06896407157 0.08097267151 -0.1986294985
-0.2100836933 0.04662143067 -0.0290302895 -0.2444816977 0.05898175016 0.01929711923
0.1252584308 0.2126972675 0.2192723602 0.1092906967 0.1983246058 0.2394661009
-0.01445293985 -0.4736493528 -0.2248005271 0.0004291800142 -0.5050402284 -0.2842845917
0.08852685988 -0.01996970735 0.1398241818 0.04750452936 -0.03530436009 0.1056523025
-0.06801705807 0.7879866958 0.02191996202 -0.1154415011 0.771198988 0.03926625103
0.117974408 -0.06938917935 0.2511379719 0.1147143021 -0.09457846731 0.2184890062
-0.4167391062 -0.4702059031 0.3603669107 -0.4556829929 -0.506405592 0.3565787971
0.6447013617 -0.2260547131 -0.3360306621 0.6090056896 -0.2500958145 -0.3253178
-0.1467667371 -0.05308128148 0.03700598702 -0.1691540927 -0.03863640875 0.0650555715
-0.2190132439 -0.1148887575 0.07437695563 -0.2440844029 -0.08396674693 0.04210440069
0.1540299505 -0.04809032381 -0.0873015672 0.1247543022 -0.01302161999 -0.1342891008
0.2064344734 0.02097255364 0.06209474802 0.1907701939 0.0120512303 0.05612111837
0.3691160083 0.009187205695 -0.3175284266 0.3543561101 -0.0005565899774 -0.3312459886
0.2376137972 0.2003040016 0.05103367195 0.2325313985 0.1996627003 0.1034964994
-0.1617276669 -0.0007835481083 -0.3587138653 -0.1549178958 0.004957050085 -0.3687587082
-0.3866221905 0.1105815843 -0.03336584195 -0.4180254042 0.1515952945 -0.04435966909
0.3352225423 0.02362458222 -0.1846682131 0.3660621941 -0.02316381969 -0.1552464962
-0.3186627328 -0.149740845 -0.223102808 -0.3309422135 -0.2035245001 -0.2194786072
0.02631457895 -0.984744966 -0.0432038717 0.02227061987 -0.9736794829 -0.03113939986
0.1669131368 -0.3761373162 0.3086404502 0.1540358961 -0.337775588 0.256880492
0.05474946648 0.1711980999 0.3815195858 0.04042708129 0.2214027941 0.4353519976
0.2532509267 -0.128024295 -0.1734829545 0.239743799 -0.1314083934 -0.1591262072
-0.188745603 -0.1162287742 0.7300981283 -0.2395240963 -0.1538071036 0.719624877
-0.1662081927 0.2485752106 -0.0407554023 -0.1950788945 0.2217652053 0.002753699897
-0.3806335926 0.04375419393 0.5289613605 -0.4222851098 0.01549184974 0.513810277
0.1767160147 0.2816794515 -0.2699955404 0.1521214992 0.2915571034 -0.2588070035
-0.1331027746 0.5859900117 -0.1690964103 -0.1506128013 0.5457003117 -0.1588194072
-0.09990178049 0.08990319818 -0.1175120547 -0.1543706059 0.04809395969 -0.2026270032
-0.1695249379 0.2517410815 0.3430052102 -0.2431824058 0.2332736999 0.3761895001
-0.1720751971 0.3993685246 -0.05555843562 -0.2105243057 0.4326401055 -0.09726762772
0.8116362095 -0.06442048401 -0.03792527691 0.805775106 -0.04055267945 -0.06199467927
0.2600835264 -0.2230819464 -0.1824232042 0.2314642966 -0.234494403 -0.1989019066
0.3693728149 -0.1968240887 -0.2081133723 0.3292053044 -0.1968521029 -0.2524133921
0.1368048936 0.270470649 0.2503092289 0.1017289981 0.2971495986 0.2570998967
-0.2247256786 -0.2318308949 -0.9666531682 -0.2648315132 -0.2718816102 -0.9377256036
-0.01533657312 -0.04451210424 0.1847746372 -0.03787858039 -0.04647837952 0.2076392025
-0.001330181956 -0.2382502109 0.1534221023 0.01460153982 -0.256031394 0.1287720948
-0.1235537902 -0.3852395713 -0.1568742096 -0.1460725069 -0.3816373944 -0.1409004033
-0.1243918762 -0.3089470863 -0.9080343246 -0.09428016841 -0.3333075941 -0.9506735802
-0.0143716028 0.6554650664 -0.316550374 0.001477460028 0.6484677196 -0.3022893071
-0.352430582 0.5088697672 0.3538321555 -0.371281296 0.517518878 0.4096876979
0.1605464965 -0.5848841071 -0.3124299347 0.1477109045 -0.5802540183 -0.2973460853
0.07720129937 1.057782173 0.5303310752 0.06179003045 1.060508966 0.5561823845
0.8306575418 -0.03034627438 0.1512495428 0.8584415913 -0.03255967051 0.1312299967
0.662588954 0.01359791309 -0.06247435883 0.6546105146 0.01348876022 -0.05161894858
-0.260346055 0.2262303084 0.1854362786 -0.300455302 0.2044111043 0.2093130052
0.2054172903 -0.173037678 -0.1874438673 0.1852104068 -0.2321034074 -0.2289392948
-0.002512910869 -0.01924478076 -0.1355855465 -0.02341664955 -0.04953344911 -0.1545725018
0.4271809757 0.4503898025 0.1155939847 0.4188210964 0.4703949988 0.127450496
-0.08350656927 -0.6471623182 0.0812291503 -0.1082625017 -0.6207842827 0.03199486062
-0.04221111163 -0.6350137591 -0.1070593223 -0.05248980969 -0.6530985236 -0.1067605987
0.002594327787 0.2109678835 0.1740284562 0.005631240085 0.183160603 0.09374900162
-0.0001697707921 0.2144422829 -0.413805753 -0.001463199966 0.2305029929 -0.395254612
-0.2510998845 0.3790905178 -0.01934077963 -0.3060863912 0.3920337856 -0.05838777125
-0.01332359575 0.2626083493 0.03923590481 -0.04725268856 0.2582894862 0.06582774222
0.07300065458 -0.3008293211 -0.02150615864 0.07588815689 -0.3311780095 -0.05214545876
0.275436759 0.188069731 0.259183526 0.238369599 0.1779870987 0.2361945063
0.5301861763 -0.2347184569 -0.4510298371 0.5118790865 -0.1917497069 -0.4355188012
-0.7519229054 -0.5324946642 -0.842985034 -0.7929819822 -0.5498843193 -0.8513709903
0.09068438411 0.2206660062 0.3501199782 0.07647971064 0.1920859963 0.3731608987
0.2640644014 -0.298738867 0.3213646412 0.2424660027 -0.2239618003 0.3078365922
0.253138423 0.01555266883 0.0385694243 0.2367188036 0.06199498102 0.08156400174
0.7445673943 0.2717371583 0.274985671 0.7061433196 0.2353622019 0.2275298983
1.052108288 0.2632825971 0.3239702284 1.056599021 0.2537082136 0.3418706059
-0.1313859671 -0.02889721282 -0.1592242271 -0.1508889943 -0.01926109008 -0.1081368998
0.02353405207 0.2965655327 0.4035291672 -0.03804792091 0.3271036148 0.3715646863
0.2019648999 -0.1409786195 0.03221659735 0.2071752995 -0.2055083066 0.03296846151
-0.3870699406 -0.1963785887 0.004032724071 -0.3853301108 -0.2482014 -0.04734079167
-0.455062747 -0.2583414018 0.4626622498 -0.4738225937 -0.2382190973 0.4535898864
0.4734581411 0.01454971451 -0.1059360653 0.4383946955 0.02022420056 -0.1193078011
-0.06359735876 -0.2671671212 0.0134830717 -0.1522615999 -0.2805765867 -0.0500414297
-0.1075731218 -0.242926091 0.4385021925 -0.06423743069 -0.2935172021 0.4522584081
-0.03886464238 0.0232677646 0.1771909893 -0.03933212161 0.00159968005 0.1811719984
-0.1538203061 0.3347321749 0.08359010518 -0.1680787057 0.3721478879 0.1040884033
0.1943034232 0.01326885074 -0.2990832329 0.1150934026 0.009477510117 -0.3110510111
0.08921092749 0.003752917517 -0.3079833388 0.07089681178 0.003901069984 -0.330208689
-0.3374392092 0.058128573 -0.04595147818 -0.3559057117 0.05552757159 -0.03298227116
-0.3538338542 -0.1243290752 -0.09016261995 -0.3755249977 -0.1064812019 -0.1371511966
-0.1931223869 0.3388180435 0.1489521861 -0.2319708019 0.3204778135 0.1999730021
-0.5353492498 -0.08566803485 -0.1568775177 -0.5820248127 -0.1047777012 -0.1172117963
-0.3189671636 -0.0431326814 0.03141991794 -0.3311476111 -0.06376329064 0.01724145934
-0.4710024893 -0.01504205912 0.04072248936 -0.4753488898 -0.005303849932 0.06289918721
0.432094276 -0.02927061915 -0.9286547303 0.4013583958 -0.03377041966 -0.9579336047
0.2792021334 -0.1703125387 -0.05502398312 0.2575105131 -0.1894582957 -0.01398517005
0.6500589848 -0.2956905961 0.9345620275 0.6337252855 -0.303557694 0.9382271171
0.4191606641 0.4634688497 -0.1631761044 0.406298697 0.4904752076 -0.1568278968
-0.394035995 -0.2822132707 -0.586672008 -0.4585283995 -0.2977358103 -0.6640310884
-0.04611096159 0.1645821929 -0.3419484198 -0.06824710965 0.1526132971 -0.3557359874
-0.2978794277 -0.2725646794 -0.07469274104 -0.2915782928 -0.3049860895 -0.04281561077
0.07055303454 0.8166429996 0.3974917233 0.02670539916 0.8291981816 0.372151494
-0.2645782828 -0.3002793789 -0.5357695222 -0.2958185971 -0.3202250898 -0.5291585922
0.2192641497 0.5112486482 -0.05334225297 0.241830498 0.4822090864 -0.07926063985
-0.006703134626 0.1058262959 0.1931425333 -0.05016529933 0.1122469977 0.2183018029
0.05797319487 -0.06952095777 0.4826704264 0.02962839976 -0.04671214893 0.4957539141
-0.0975849703 -0.6106211543 0.3711381853 -0.1480758041 -0.6078696251 0.3564656973
1.055138588 0.08757371455 0.04565671831 1.057600021 0.1045736 0.09216762334
1.333630323 0.1600880921 0.1087898389 1.351304054 0.1532856971 0.08846276253
-0.1416012943 -0.1263914406 0.4230286479 -0.2086990029 -0.1044775024 0.4489949048
-0.4260545969 -0.1929637194 0.1007037014 -0.4690873027 -0.2106924951 0.1225168034
-0.2902769446 -0.09179201722 0.1346926987 -0.3302750885 -0.05460400134 0.1164053977
0.4884877503 0.2304635048 -0.002726565348 0.4917463958 0.2396191061 0.009297089651
-0.3060981929 0.3462721705 -0.02197448909 -0.2938733995 0.3519270122 0.01593252085
0.3275260329 -0.184285298 -0.1358677298 0.3136394024 -0.1608885974 -0.1064006984
-0.3214319944 -0.1679024249 -0.2379875332 -0.3529745042 -0.1527103037 -0.2354536057
-0.7093525529 0.171185106 -0.1170345694 -0.7454398274 0.187917605 -0.08989553154
0.1702820063 0.3643257916 -0.3025248051 0.1423898935 0.3875496984 -0.2791298926
0.04840812832 0.52245152 0.4571571648 -0.02433406934 0.6069092751 0.4479494095
-0.02673710324 -0.5711817741 -0.3337676823 -0.0335313417 -0.578831017 -0.3648523092
-0.2938778996 -0.3589195311 0.1513239592 -0.2277604043 -0.3064422011 0.187498197
0.7429361343 -0.05220081285 0.2239793241 0.6717947721 -0.03542650118 0.208661899
0.05549266189 0.665379703 -0.2104891986 0.05135412887 0.6638448238 -0.1789646
-0.6296921372 -0.1291802675 -0.2464734018 -0.5520874262 -0.1443918049 -0.2257822007
0.31436041 -0.2347286344 0.55974406 0.3618423939 -0.215911299 0.5203760266
0.2174811065 0.03967902064 0.2157051861 0.2416115999 0.0599610582 0.1976211965
0.5862949491 -0.507349968 0.05950758606 0.612870276 -0.4039154947 0.1095903963
1.003033996 0.2239606827 0.1088408008 1.047261 0.2779335976 0.105167903
1.747089505 0.2519665062 -0.2067909241 1.788166046 0.2205135971 -0.1795562953
-0.5423205495 0.1948417425 -0.3674574494 -0.5869709253 0.1992674023 -0.4231035113
-0.5550639033 -0.1765786111 -0.517577827 -0.5798701048 -0.2347034961 -0.46429649
-0.4013370275 -0.1107324883 0.07173744589 -0.491830498 -0.05147495121 0.1284196973
0.2320234478 -0.3374798298 -0.05074113235 0.1759918928 -0.3438132107 -0.05792512
0.1672978103 0.1646992862 1.197511911 0.1432446986 0.1660529971 1.170552969
0.02464167215 0.2659787834 0.3797086179 0.06973528117 0.1652241945 0.3737952113
0.1390281618 -0.7372422814 -0.2420955449 0.1250198036 -0.7441521883 -0.1743929982
-0.09098739177 0.3673659265 -1.602470398 -0.1205556989 0.2946447134 -1.595363975
0.4035266638 0.3420288563 -0.1589218527 0.3621344864 0.3420776129 -0.1903128028
0.07705456018 0.06925455481 -0.4233006239 0.02848774008 0.03254808858 -0.4409509897
0.6368091106 0.5612632036 -0.4290702045 0.65348351 0.5917301774 -0.4768058956
-0.433242768 0.3278299272 -0.1393967569 -0.4178051054 0.379394412 -0.1290215999
0.1675382406 0.1500093639 -0.2591201663 0.2070315927 0.1687195003 -0.3785117865
0.237639755 0.008873015642 1.297761917 0.2588838935 -0.006618270185 1.265985966
-0.4850608408 -0.1648793668 -0.741293788 -0.4741123915 -0.08095304668 -0.6213777065
-0.739382863 0.2683323324 1.479884267 -0.7227135897 0.3222055137 1.521281958
0.3818380535 -1.415409327 0.06758161634 0.3323442042 -1.33732605 0.1171806008
-0.1325583756 -0.7124977112 0.8851540089 -0.1548787057 -0.6287277937 0.8515331149
0.248071909 0.4252938628 -0.6725873947 0.2886075079 0.5341535211 -0.5803679228
-0.4134840667 1.005434036 -0.8177519441 -0.4533196092 0.9749010801 -0.8525341153
0.5010893941 -0.9164309502 0.08237426728 0.4545027018 -0.9002354145 0.219986096
0.6701467037 0.04991430789 0.1292990744 0.637810111 0.04367396981 0.09574899822
0.02601108141 0.6938871145 -0.3312546015 0.02657835931 0.6814324856 -0.3933038116
0.04329772294 -0.09420734644 -1.050181985 -0.02291112952 -0.06302511692 -1.025092006
-0.1521037668 0.5700336695 -0.03733736649 -0.1488243937 0.6132950783 -0.007769390009
-0.4387816191 -0.05909647793 -0.6515975595 -0.4415704906 -0.04763862863 -0.6067692041
-1.178026915 -0.3722439408 -0.2076503187 -1.219005942 -0.4132584929 -0.2603211999
0.3505730629 1.054111362 0.5623748302 0.2821500897 1.104580045 0.5316678286
0.5900298357 0.3010341823 0.08053878695 0.5384638906 0.3133704066 0.1137093976
0.203597784 -0.2728523314 0.1217499375 0.2298627049 -0.2895599008 0.1002878025
-0.02960143983 -0.8001875281 -0.1641620994 -0.07893168926 -0.706284821 -0.1223405004
-0.1672161222 -0.5300280452 -0.6875832677 -0.07078970969 -0.4380210042 -0.7139735818
-0.5555000305 0.1144150794 -0.8532122374 -0.5865706801 0.1593343019 -0.9179611802
-0.5225295424 0.1243097484 -0.1254214048 -0.4531930089 0.09706293792 -0.1429886073
-0.4605758786 0.4844290018 -1.212493539 -0.4696913064 0.5909919739 -1.231030941
0.2858152092 -0.5307537317 -0.5851620436 0.206456393 -0.5210431218 -0.5385766029
-0.04694013298 -0.2702535093 0.1306132376 -0.07817540318 -0.3473823071 0.04422048852
-0.4677180052 0.6276632547 1.075372696 -0.4560855031 0.6582629085 1.020416021
-0.5458635092 0.4262757897 0.3843661845 -0.5356699824 0.3938289881 0.3123869002
-0.1802469343 -0.3517384529 -1.076454997 -0.2478699982 -0.3204522133 -1.116415024
-0.1597054899 0.3005367219 0.4836659729 -0.06737284362 0.3233706951 0.4769927859
-1.196054935 -0.00966558978 -0.4142632186 -1.249632001 0.07116378844 -0.4147930145
0.3395665884 0.7145408392 -0.1645177901 0.182468906 0.6837474704 -0.1306207031
-0.3311540186 -0.2646861076 0.4315196574 -0.3517099023 -0.2198829949 0.4303213954
0.6826190948 -0.008239082992 1.441857576 0.6826261878 0.001349449973 1.458516002
0.940964222 0.04378583282 0.06086260453 1.013496995 0.02892087959 -0.009963760152
0.2539240122 0.2411776036 0.3326593339 0.2184597999 0.1928658038 0.3810810149
0.4885928035 -1.101071119 -0.08857513219 0.4664795101 -1.098122001 -0.05418926105
0.2713441551 0.2061118186 0.08121697605 0.2582418025 0.1840417981 0.09230204672
0.4693235457 -0.2772848308 -0.416631043 0.5280684233 -0.2450983971 -0.4868831038
-0.6402298808 0.2784751952 -0.2632767856 -0.7252460718 0.2881664932 -0.2092043012
-0.08614610136 0.2978665829 1.251122594 -0.1450107992 0.2630060017 1.186895967
-0.2723663449 0.1839449853 0.2545488477 -0.2206073999 0.2103262991 0.2089947015
0.4086656272 -0.34061566 -0.314460218 0.4172999859 -0.3401187062 -0.3319146931
-1.204809666 -0.2181945145 0.1619642973 -1.262166023 -0.1773286015 0.192820102
-0.5264854431 -1.126323342 0.4260473251 -0.6638323069 -1.070333958 0.4375419915
-0.139839232 0.2053438425 -0.5573549867 -0.136698693 0.2199877948 -0.5874462128
-0.1948481053 -0.8120449185 0.09421667457 -0.2122538984 -0.7268528938 0.09872207791
-0.450924933 0.07223755866 0.1596792787 -0.3758923113 -0.03027126938 0.1480415016
-0.1467574388 0.105266273 -0.004481438547 -0.2556365132 0.08719339222 -0.04679838941
0.1231990904 -0.446756959 -0.1288074553 0.1392771006 -0.521810472 -0.1421751976
1.481329203 0.2274686247 -1.016804218 1.560160995 0.2076047063 -1.022516966
-0.6690245271 0.3947685063 0.4245634973 -0.5642539263 0.4701629877 0.5402396917
-0.1468152404 0.620693028 0.2700437903 -0.1243875995 0.6925103068 0.3244510889
0.05429215729 -0.1097315997 -0.8215793371 0.06369776279 -0.1096849963 -0.8025578856
0.5677750111 -0.6849953532 -0.8439818025 0.5472233295 -0.6422849894 -0.7895023227
0.8064916134 0.179240644 0.5251396298 0.7285618186 0.2325583994 0.563957572
0.5135641098 0.2232575119 -0.3293962777 0.3946129978 0.2195989043 -0.3425529897
-0.9759167433 0.1944499314 -0.4451684654 -0.9880676866 0.248141706 -0.3537966907
-0.9406823516 -0.1056965888 0.0607797429 -0.9358521104 -0.113287203 0.07626578957
0.5341726542 -0.06004333124 0.2756000757 0.4419744909 -0.1116572022 0.3953217864
-0.2818131447 0.6501997113 -0.06620682031 -0.2282782942 0.4709595144 -0.04745746031
-0.2236274183 -0.6385643482 0.3367203176 -0.2858661115 -0.5486813188 0.4584828019
-0.2366039157 -0.2524067163 -0.2816604376 -0.1736442 -0.1902752072 -0.1683230996
-0.1307418048 -0.1562604457 2.051607132 -0.1305238008 -0.03558506072 2.019042969
0.9329670072 0.5296552181 0.4341659546 0.882326901 0.5881158113 0.5820962191
-0.2923300862 0.0919669196 0.5618238449 -0.4095970988 0.08489176631 0.6528760791
-0.04128935933 -0.5602800846 -0.7837886214 -0.04934938997 -0.5206428766 -0.7263063192
0.1532824337 0.2088743299 -0.462059021 0.09284765273 0.2823787928 -0.4594380856
0.3780396581 0.07821491361 0.9268876314 0.3375374079 0.1766186059 0.9195082784
-0.117634207 -0.1906287372 -0.04695802554 -0.1613909006 -0.2918634117 0.02987704985
0.3502604663 0.8805119991 -1.268554688 0.288798213 0.8480255008 -1.292943954
0.07159975171 0.4934431314 -0.03758917004 0.1000937968 0.5505157709 0.02981718071
0.276185751 0.0385334231 -0.8744468093 0.3091093898 0.03285660967 -0.9230145812
-0.1527583152 -0.07861601561 0.8690471053 -0.2635909915 -0.03552773967 0.7328661084
0.08338816464 -0.1033547968 1.242072701 0.05948404968 -0.1413061023 1.278373003
1.694416761 -0.09055310488 -0.6926269531 1.675472975 -0.09475699812 -0.5859566927
0.4051558673 -0.003332912922 -0.203479737 0.4068006873 -0.04593640938 -0.1797704995
0.0300930962 0.01364429295 -0.8478002548 0.0938982293 -0.00171760004 -0.8258193135
-0.6494755149 0.3933748007 -0.6558936238 -0.6741064787 0.346911788 -0.6107677817
0.366928637 -0.2470896244 0.6292916536 0.3915798962 -0.2975996137 0.6312835813
-0.01140856929 -0.8912740946 -0.2670275569 -0.0825361684 -0.8951435089 -0.3173015118
0.4031985402 -0.1522880048 0.2701490223 0.4409418106 -0.1438172013 0.321754694
0.5698838234 -0.6769927144 -0.2429491431 0.6081163287 -0.6345331073 -0.2018634975
-0.1301696151 0.1048682779 0.4028761387 -0.1317051053 0.1320403963 0.3345893919
-0.4350396991 0.03978331015 1.093075275 -0.3905430138 -0.05119232088 1.049810052
0.1369280368 0.280280441 -0.3673598468 0.1273771971 0.309599191 -0.3671186864
0.3836912811 0.130816862 -0.3369625211 0.426148802 0.1275898069 -0.2863079906
-0.003155149519 -0.2051420212 -0.5836766362 0.01724877954 -0.2365480959 -0.4753721058
-0.3923209608 0.01580572873 -0.3259202838 -0.4154407084 -0.03663444147 -0.3947125971
-0.4814492762 -0.5406322479 0.3591897786 -0.4875580966 -0.5120586753 0.3426620066
-0.5740836859 -0.07715211064 -0.4626519382 -0.5372521281 -0.1721616983 -0.5104454756
0.09131121635 -0.08734944463 -0.04663351178 -0.001849659951 -0.1397133023 0.01974803954
-0.2359062433 0.3903278112 0.4974942803 -0.2931954861 0.41973719 0.5527281761
-1.062412143 -0.6933822632 0.2382607013 -1.083997965 -0.6830946803 0.2342807949
0.1732905358 -0.1010566503 -0.4409355521 0.2270549983 -0.09144757688 -0.4246050119
0.1318509579 0.2282879055 0.5657695532 0.178471297 0.3168970048 0.5193160176
-0.06663553417 0.01720890775 0.3996439278 -0.1240706965 -0.0634349063 0.4528092146
-0.01352555491 -0.4355304837 1.189076543 -0.0057543898 -0.3869067132 1.126355052
0.3484178185 0.007121873088 0.04478893429 0.3465448916 0.02693196945 0.06784181297
0.0002958612749 -0.4418034554 -0.2280623168 -0.008743329905 -0.4450410903 -0.1911194026
-0.1641780138 -0.5680179596 0.005307269283 -0.1633601934 -0.5011178851 -0.02060393058
0.07015174627 -0.1478381008 -0.3676132262 0.141226694 -0.1184267998 -0.3346809149
0.9953635931 0.05262079462 -0.212986052 1.06835103 0.04812958091 -0.2554552853
-1.381060719 0.4670892954 0.09856238961 -1.479537964 0.3930856884 0.1545524001
-0.05121573806 -0.0003638323396 0.1652362943 -0.07088907808 0.001459929976 0.1429339051
0.2270565629 0.5612905622 0.1635872275 0.1858132035 0.5477151871 0.1178169996
0.08452837169 0.5323365331 -0.1798462868 0.08749450743 0.5223851204 -0.2454721928
-0.5680290461 0.1856053025 0.06959338486 -0.5795730948 0.2696203887 0.1270934939
0.8397736549 0.2473331392 0.4422824979 0.9011847973 0.2173404992 0.3793548048
-0.03441355377 -0.5081841946 -1.086263895 -0.02497012913 -0.4849834144 -1.023069024
-0.002573970705 -0.0409267135 -0.2843852043 0.000123610007 -0.03672105074 -0.29499349
0.1413083076 -0.4439614415 -0.004790386185 0.08396825939 -0.4733738005 -0.04150364175
0.2804550827 0.4539897144 0.3369065523 0.1561484039 0.3478080034 0.3018280864
-0.4540447593 0.3402950168 -0.2031849623 -0.4505341947 0.4393652976 -0.1532558948
-1.39726162 -0.235751152 0.2010199726 -1.482787013 -0.1947194934 0.1319310069
0.2091726065 -0.5141845942 0.2535941005 0.1310057938 -0.5269947052 0.2811912894
-0.4419032335 0.4148718417 -0.2658630013 -0.5123494864 0.5340750813 -0.2746756077
-0.2134857476 0.01198843122 -0.7520564795 -0.2128881067 -0.04414017871 -0.8206849098
-0.7112538815 0.2520590425 -0.4468901157 -0.7059419751 0.2439036965 -0.4581835866
-0.03910482302 0.897111237 -0.06091948599 -0.07916291058 0.8990256786 -0.06952337176
-0.02760344371 0.1943634897 -0.1469869465 -0.02480901964 0.2325489074 -0.1751437932
0.2732320428 0.05018024892 1.164427757 0.3242348135 -0.01792735048 1.078461051
0.6050214767 0.05261940509 -1.016987443 0.6626005769 0.0706025511 -1.010830045
1.33613503 -0.09266467392 -0.001971282763 1.416007996 -0.1429422051 0.02425808087
-0.1568917781 -0.7453768849 0.1206432953 -0.1545547992 -0.6801012158 0.1353067011
0.1432011425 -0.03210176528 0.2841371298 0.1018088982 0.03703717887 0.3325017095
0.1293569505 -0.016697824 -0.2477495819 0.139555499 0.02438718081 -0.2027345002
-0.02115057409 -0.4594375491 1.653965116 -0.0283324793 -0.4400111139 1.64281404
0.1808976233 -0.03905746341 -0.06151049584 0.3158566952 -0.09210725129 -0.04497716948
0.09619259834 -0.4530802369 0.01832185127 0.05038863048 -0.4775717854 0.03819492832
-0.2186037898 0.2180856317 -0.07707680762 -0.2212813944 0.2660335004 -0.07971195132
-0.1278471649 0.2756031752 -0.3485078216 -0.0862930119 0.1856392026 -0.3964987099
0.12619403 0.6691701412 0.2303442508 0.1201295033 0.6430348754 0.3285332918
-0.1800172478 -0.2544256151 -0.2429001033 -0.1702232957 -0.2390421033 -0.2176581025
0.4679053426 0.1693136394 0.02637411468 0.5228576064 0.1569812 0.1014980972
-0.1382064968 0.1807739735 0.4323808551 -0.1601773053 0.1860509962 0.3626446128
0.7241326571 0.6516695619 -0.5562001467 0.7122271061 0.6012250781 -0.5714002252
-0.08696491271 -0.4074610174 0.1250395924 -0.1342927068 -0.4887712002 0.02272446081
0.03230186552 -0.8857688904 0.5729022026 0.02403252013 -0.9334853292 0.5001881719
-0.2372484505 -0.06167050824 0.5595396161 -0.1932014972 -0.0526217483 0.5894529223
-0.2091951966 1.070564985 0.09169580787 -0.08528474718 1.156420946 0.1094866022
-0.3814203441 -0.2931113839 -0.56388098 -0.3430078924 -0.3926138878 -0.569334805
-0.1510986686 0.5872488618 0.2772280276 -0.126927495 0.5563588738 0.2921687067
-0.492064029 -0.216041401 0.5339372754 -0.3999355137 -0.2113306969 0.4766243994
-0.1405235976 0.1922838092 0.4452754855 -0.05194709823 0.1469672024 0.4563542902
0.1610521972 0.07488950342 0.3261699677 0.1867671013 0.01653265953 0.3674314022
0.7433028221 -0.7407403588 0.109287329 0.7587726116 -0.7948492765 0.1585137993
8.78208084e-06 -0.1042331308 0.3370448947 0.09708873928 -0.09875977039 0.3645878136
0.07700148225 -0.1592568159 0.2999412417 0.1019086018 -0.1717747003 0.2942658067
-0.01929840446 -0.3066932261 -0.001247055829 -0.03295930848 -0.2692562938 -0.008019389585
-0.09317669272 -0.1195697114 0.1153227985 -0.1334398985 -0.1590974033 0.1328063011
0.3394135237 -0.1197509542 0.5052033067 0.396081686 -0.237648204 0.5628859997
-0.05294365063 -0.1004766002 -0.7230018377 -0.04629367962 -0.1719397008 -0.6793134212
0.03315355256 -0.9047966599 -0.1524713337 0.05700913072 -0.936121881 -0.1995242983
0.2117144167 0.1066744328 0.06813436747 0.2134822011 -0.02617955022 0.0846182704
-0.9329997301 0.7640576363 0.5608887076 -0.953327179 0.6938899755 0.5342854857
0.1656137258 0.3504247069 -0.2842563391 0.199424997 0.349236697 -0.1968816072
-0.2510633171 -0.1333934218 -0.2191660404 -0.1969161034 -0.2032174021 -0.2286857963
-0.5253136754 -0.03019736335 -0.1058837473 -0.5244717002 -0.08898296207 -0.1691516042
0.1268145889 0.1125177145 0.2219493091 0.1483124942 0.1702890992 0.2767086029
-0.3104180694 0.2432316542 0.5037611127 -0.2545205057 0.1903845072 0.5066987872
-0.3696423769 -0.06091147661 -0.5349533558 -0.4149838984 -0.1384478956 -0.4242999852
0.3583339155 -0.1352570206 -0.03937679157 0.2883800864 -0.1538337022 -0.02317228913
0.2969101965 0.06850683689 -0.3458629847 0.3731757104 0.01693283021 -0.3485181928
-1.339023232 -0.02638775669 -0.08932574838 -1.338732958 -0.04616507888 -0.1363900006
-0.4040793777 -0.458843559 0.1545566916 -0.276224792 -0.4226661026 0.06632533669
-0.2965168357 0.249581784 -0.508946538 -0.2780435085 0.2997226119 -0.4805585146
-0.305084914 0.2973065674 -0.6501489282 -0.3605970144 0.2542757988 -0.7228664756
0.007509418298 -0.2956455648 -0.4861484468 0.009116509929 -0.3210625947 -0.4469220042
0.1078533754 0.9790246487 0.8374295235 0.06691449136 0.9077972174 0.8146898746
0.873819828 0.05976685882 -0.003470132127 0.8404160738 0.1342121065 0.009379499592
0.3440105617 0.3531047106 0.1562630981 0.4140514135 0.3156282902 0.2890644073
-0.09250602126 0.3921374381 0.05356483534 -0.1690091044 0.4418776035 0.08752694726
0.3170112967 -0.1836702526 0.0295727998 0.2572072148 -0.2272268981 0.09925691038
0.1061393842 0.2834953368 0.4217919111 0.2035290003 0.2523685992 0.3852157891
-0.6883277297 0.1143106893 -0.01325400732 -0.7091379166 0.1014660969 0.04005376995
-0.602257967 -0.1801248491 -0.7501676679 -0.6262053251 -0.1708697975 -0.7363299727
1.308293819 0.1111984849 0.4618606567 1.171041012 0.06995669752 0.3899145126
0.04741151631 -0.3816135526 -0.234061718 0.09897431731 -0.3330875933 -0.1759756953
-0.6065037847 0.4243943989 0.839913547 -0.6641486287 0.3260067105 0.7535651922
-0.7625371218 -0.5489830375 0.0229663793 -0.6183753014 -0.5545755029 -0.07680694014
0.9704814553 -0.2920537293 0.7476651669 1.016430974 -0.2396616042 0.7604796886
0.1930043548 -0.1905626506 -0.3063082993 0.1646001041 -0.1519374996 -0.3012687862
0.6100040674 0.07458490878 -0.3297340572 0.632035017 0.05855818093 -0.3858832121
-0.2223443091 0.1091675907 0.9541912079 -0.2084527016 0.1406259984 0.9724904895
0.4872216582 0.192094177 -0.2332362086 0.5742818713 0.205190897 -0.2953895032
-1.34151721 -0.3539505005 0.1453144252 -1.294870019 -0.3015108109 0.05828966945
0.04748347402 0.7419366837 -0.09595077485 0.1444924027 0.6801416874 -0.078387402
-0.07620935887 0.2745446265 0.1744491756 -0.07785771787 0.3282706141 0.254223913
0.07578378916 0.2996298075 -0.1444292367 0.02680557966 0.3073289096 -0.2452373058
-0.1803141385 0.5744383335 -0.879150629 -0.09090422094 0.5530567765 -0.8267068267
-0.1443850845 -0.1283603758 0.557552278 -0.1019926965 -0.2078462988 0.5684409738
0.2471994609 0.2388123572 -0.05363116413 0.2525236011 0.1972256005 -0.1038457975
0.512806356 0.1789087206 0.7894820571 0.4677237868 0.1665471047 0.8200932145
0.264929831 -0.2144313157 -0.4305867553 0.3414087892 -0.1449062973 -0.5413910747
0.1798860878 -0.08484897763 -0.04780011624 0.2020815015 0.009495959617 -0.1472243965
-0.235039413 -0.9059634209 0.2059143782 -0.2608985007 -0.9692819715 0.1776459962
0.2725526392 0.5620186329 0.9803667068 0.2197244018 0.4592106938 0.9001088738
0.9949458838 -0.182665661 -0.56074512 1.063235998 -0.1101647019 -0.5240924954
-0.1256178021 -0.01612669975 -0.003396619111 0.04442454129 0.01930103078 -0.04943823814
5.991011858e-05 -1.173244476 0.2021463513 -0.002759580035 -1.161633968 0.1710817069
-1.437368155 -0.4542570412 0.7635450363 -1.445484042 -0.5596576929 0.6347817183
-0.7839304209 0.01006970834 -0.06725300103 -0.7382261753 -0.03074854985 -0.1178224012
-0.4063287973 -0.2169217318 0.8842201829 -0.3627043962 -0.2502925098 0.8848528862
0.02190824784 -0.0516698584 0.302759707 0.07137952745 -0.007686129771 0.2926095128
0.1535689533 -0.6099948883 0.231943503 0.2044472992 -0.5713800788 0.2247934937
0.1210218295 -0.2309259176 -0.1028363109 0.0975644514 -0.1977732927 -0.1188419983
-0.3171337843 0.2289648205 1.075755239 -0.3760553002 0.1659633964 0.9311736226
0.203543663 -0.4515495598 -0.1905556172 0.2000112981 -0.4062237144 -0.1322804987
-0.0774308145 0.1244077981 -0.2800712287 -0.1153556034 0.1671259999 -0.3188512027
-0.1775340438 -0.04466829449 -0.6819172502 -0.1671998948 -0.06227017939 -0.7108463049
-0.07365840673 0.4242231846 -0.05562343076 -0.07290013134 0.4030798078 -0.04081809148
0.4254822433 0.3196487427 -0.3991653323 0.4140894115 0.2765851915 -0.5397499204
0.4195007384 0.1677137911 -1.972111464 0.3453952968 0.03338016942 -2.018188
0.340742439 0.09501640499 -0.3129265606 0.4061680138 0.1173596978 -0.2411922961
0.9429757595 0.3184201717 -0.4028140008 0.9617617726 0.3631936908 -0.4231638014
-0.2061676383 0.2101633847 0.1309390068 -0.2311705053 0.2528620064 0.1898142993
0.2519730926 1.643625498 -0.16247648 0.2936215103 1.619336963 -0.245627597
-0.2964976132 0.05806819722 0.5427726507 -0.2746483088 0.02997956984 0.495216608
-0.09483163059 -0.227606535 -0.3707212806 -0.1664820015 -0.3170506954 -0.3565639853
0.1794251502 0.1580346525 0.4522603154 0.2177671045 0.1644462049 0.3946399093
0.2077510506 0.05107448995 0.5677016377 0.1766474992 0.1278356016 0.5748412013
-0.1568314135 -0.7869874239 -0.2048204839 -0.05278031901 -0.8307415247 -0.2286746055
-0.265214175 -0.201508835 -0.7103257179 -0.2443494052 -0.2259407938 -0.6626101136
-0.5599809885 0.1089195162 -1.281669497 -0.632907629 0.0794897005 -1.349112034
0.2460838854 -1.027248502 0.02707498334 0.2342624962 -1.000977039 -0.02473760955
-0.1080451608 0.5061511993 0.1534886956 -0.04620423913 0.5885933042 0.1252616942
-0.1178200766 0.3239952028 -0.194451645 -0.1751610041 0.3186374009 -0.1721469015
0.2492028177 -0.004717472941 -0.2363436967 0.2213072926 -0.02083593979 -0.2161176056
-0.01750922203 0.01288843155 0.08193113655 0.01877010986 0.03800373152 0.1481669992
-0.001747947186 0.001998613123 -0.03577439114 -0.003942309879 6.008000128e-05 -0.03296827897
-0.04442104697 0.005208026618 0.006510501727 -0.04431746155 0.003561180085 0.01574061066
-0.07949366421 -0.003750644624 0.02118834108 -0.07615484297 -0.005793469958 0.02400117926
0.002703127451 0.004733525217 0.003285293235 0.002344849985 0.00186977 0.008287520148
-0.01731433719 0.05885660276 0.03176454455 -0.0227630306 0.05565324053 0.03627489135
0.03008011356 0.0005822256207 -0.009020543657 0.02774301916 0.0006157099851 -0.003218170023
0.01986085996 0.03577671573 -0.0321318619 0.02626072988 0.03535092995 -0.02663365006
0.004703350365 -0.01785846427 0.0634162426 0.01001590956 -0.02427591011 0.06811580062
0.03009639867 -0.01497047488 0.04263068363 0.03130147979 -0.01652096026 0.05157316849
-0.02733209729 0.022343833 0.01732124016 -0.0301686395 0.02099323086 0.02293203957
0.01943092234 -0.06090220809 0.001216587261 0.02278397977 -0.05927576125 0.001312069944
0.02593356743 -0.0414191708 0.03652347997 0.03155462071 -0.04413856938 0.03987877816
-0.01115338504 0.03545092419 0.04065354541 -0.008431339636 0.03249844909 0.04423401877
-0.01426914334 -0.0393329747 0.007822887972 -0.01082133036 -0.03509747982 0.007136390079
-0.0007363371551 0.008555922657 0.0485516116 -0.00262903003 0.01163097005 0.05136689171
0.006458081305 0.02489369363 -0.03068984114 0.007620450109 0.02633515932 -0.02628305927
-0.01806546748 0.05531789362 -0.005550580565 -0.01033005025 0.05533574894 -0.0002296000021
-0.007072162349 0.009518645704 -0.01839802042 -0.004641179927 0.009896130301 -0.01797536016
-0.03008254431 -0.01846211217 0.04668408632 -0.02827499062 -0.01556643005 0.04654759914
0.01402234379 -0.009214745834 -0.04120320082 0.01894572005 -0.005890409928 -0.04137875885
0.01198445447 0.01407921501 0.02908878028 0.008584889583 0.01238828991 0.03464595973
0.05407891795 -0.05421807617 -0.0270539131 0.05671063066 -0.05749842152 -0.0245376993
-0.008184452541 -0.06165698171 0.02330420166 -0.01174635999 -0.06769475341 0.02910700068
0.003927960992 -0.01111696661 -0.03136283532 0.004494289868 -0.01135838032 -0.02639836073
-0.006457943469 -0.04262233898 0.08090339601 -0.008509569801 -0.04426116869 0.08503474295
-0.01093288418 -0.0248010233 0.005675755441 -0.009567379951 -0.02971762046 0.01199156046
0.007636400405 0.03481098637 0.01067683101 0.01146424003 0.03255409002 0.01330360025
-0.02181032673 -0.03541014344 0.00606649695 -0.01958305016 -0.03626840934 0.009191960096
0.0135412924 0.0195267573 -0.03271466494 0.01094727032 0.02307304926 -0.0271812994
-0.006534665357 0.03495980427 -0.01465958729 -0.006638740189 0.03411877155 -0.01241267007
-0.0007804556517 -0.05727306008 0.00479529053 0.004281380214 -0.05885713175 0.001359610003
0.01139874198 0.01399482694 0.03482102975 0.01617014967 0.009389970452 0.0372130014
0.02703853883 -0.01723049209 0.007711961865 0.02961841971 -0.01755758002 0.00832915958
0.02289704606 0.02668937668 0.01179463416 0.0237063095 0.02653205954 0.0140310796
-0.008654127829 0.02297809348 0.003739226609 -0.01397782005 0.02067950927 0.004910610151
-0.003236316144 -0.07097958773 0.01903969795 0.006037590094 -0.07440146059 0.02122225985
-0.0006477276329 0.001212670817 0.07608510554 0.002043250017 -0.0008825599798 0.07934747636
0.008175725117 -0.01757995039 -0.08783683926 0.0103893904 -0.01495608967 -0.08416134119
0.01479561999 -0.01601366699 -0.005368617829 0.01610264927 -0.01026939973 -0.004493339919
0.01046946086 -0.02928042784 -0.01088402793 0.008134960197 -0.02757924981 -0.0115871802
-0.03175870329 0.04358960688 -0.02032422274 -0.02607803978 0.04163141176 -0.01539681014
0.0495089218 -0.02667451091 -0.08167088032 0.05191142857 -0.0294451192 -0.07793491334
0.03289715946 0.01629928686 0.002769154496 0.0320959501 0.01812358946 0.006429350004
-0.0007614307106 0.04055497423 -0.02197184972 0.0007729600184 0.04260671884 -0.02255691029
0.02102063596 0.001316139242 0.02985795587 0.02136155963 0.001813660027 0.03167973086
-0.04565637559 0.005214399658 0.02920111455 -0.04196887091 -0.0009892400121 0.03206561878
-0.01454945654 0.03014924005 -0.01201453339 -0.01253943983 0.02552999929 -0.008693199605
-0.03967091069 0.0264183227 -0.006205566693 -0.04044884816 0.02533466928 -0.01099412981
-0.01468350831 -0.005259332713 0.0288865082 -0.01437965035 -0.001084310003 0.03463657945
0.03647174686 -0.02651090175 -0.00137366727 0.03060577996 -0.02819729038 0.000154430003
0.0169454515 -0.03114613891 0.01363323443 0.02051861957 -0.02807069942 0.01243834011
-0.002633146942 -0.02076204494 0.02692062594 -0.003465529997 -0.01869557984 0.02380396985
-0.03790934756 -0.005207002163 0.01991293207 -0.03804888949 -0.001923789969 0.01946084015
-0.0166740194 0.03116754442 -0.01285039447 -0.01924365014 0.03302505985 -0.01084083039
-0.02271859907 0.005271714646 -0.007504850626 -0.02326383069 0.001224440057 -0.00731542008
-0.007338806987 -0.01342765428 -0.06974706054 -0.004022430163 -0.01258317009 -0.06628351659
0.02095551975 0.05118362978 0.03140499815 0.02489837073 0.0534299016 0.03288310021
0.03834985197 0.004281509668 -0.019546872 0.03811275959 0.007908229716 -0.0191090107
-0.0127065666 -0.02565635741 -0.01024865173 -0.01271746028 -0.02446342073 -0.007796570193
-0.03673055768 0.008678810671 -0.08627422899 -0.03136326 0.009181139991 -0.08598113805
0.008784811944 0.02895045653 0.03122836351 0.01482611988 0.02660449967 0.03374949098
0.003738601925 0.002387050539 -0.0373207815 0.003709499957 0.003001539968 -0.03367640823
-0.005317881703 -0.001536898431 0.003859748598 -0.005841489881 -0.001295670052 0.007661070209
0.05022961646 0.004934766795 -0.01451563835 0.05050082132 0.007953300141 -0.01500490028
-0.0008649006486 0.05421430618 0.01040863432 0.003039049916 0.0559569411 0.01382646989
-0.01664170623 0.03752683476 0.0033066303 -0.01466105971 0.03439570963 0.002590159886
-0.0197743848 -0.000917211175 4.702285514e-05 -0.01925263926 -0.006992449984 -0.0005548999761
-0.01021571644 -0.04219886661 -0.04896245897 -0.01049732976 -0.04139279947 -0.04998030141
0.04312858731 0.02179612592 -0.01112119108 0.04422648996 0.02432763949 -0.009931780398
-0.01351598836 -0.02517337911 -0.109845221 -0.008329809643 -0.03102746047 -0.1072240025
-0.01492954139 -0.06665547192 -0.01906921342 -0.01898212917 -0.07315746695 -0.02182913013
-0.01535193436 0.01330508664 -0.02152624354 -0.01342212968 0.01127106044 -0.0242466405
0.02110708691 0.01614807919 -0.002206514589 0.01795325987 0.01758334041 -0.005385660101
-0.005739620887 -0.05908425897 0.03948540986 -0.007968549617 -0.05671352148 0.03926534951
0.009664689191 0.0324135609 0.02218906954 0.01055938005 0.03143768013 0.02181055024
-0.0148772914 0.004618905485 0.04456057027 -0.0147935804 0.0102415299 0.05011178181
0.02123322524 -0.01339989901 0.03225864843 0.0197195895 -0.007153669838 0.03837345913
0.01397623029 0.005526548717 0.01840787008 0.01230318006 0.0131557202 0.01985890046
-0.05075328052 -0.02566221356 0.07903849334 -0.04886421934 -0.0266290009 0.08293771744
-0.001658202964 0.01749446616 0.0002217519068 -0.005900119897 0.01621068083 0.0008811799926
0.03328024596 0.006543758325 -0.006488882005 0.03710496053 0.007745679934 -0.002145109931
-0.0361844562 0.011500163 0.002047084272 -0.03375700116 0.01433612965 0.00396108022
0.01926199719 0.0007175169885 -0.03639031947 0.01598366909 -0.001333520049 -0.03274573013
-0.008309840225 0.02101543359 -0.01284121629 -0.001107160002 0.01857605018 -0.007608199958
-0.05745791644 -0.03259053826 0.04690821469 -0.05712135881 -0.03314663842 0.05172464997
0.01141038537 -0.04995639995 0.04857014865 0.01589993946 -0.05047135055 0.05138831958
-0.007586308755 -0.03975597024 0.0353939943 -0.006720730104 -0.03571521863 0.036741741
0.003049986903 0.07610115409 0.04206721485 0.002164569916 0.0740448907 0.045322299
0.02642691694 0.02577307262 -0.01004826277 0.02928531915 0.0244495701 -0.004089840222
0.04232839122 -0.004207458347 0.01168028452 0.04344562069 -0.007684510201 0.01683359966
-0.04505638406 0.03895615786 -0.04365079105 -0.04874337837 0.03869388998 -0.0424778983
0.01750292629 0.04243288562 -0.03184919804 0.01846042089 0.04222422093 -0.03553823009
-0.0009685382247 0.03200062737 -0.02891460247 -0.0001566300052 0.0326676704 -0.02823683992
0.01274044253 -0.003070935141 -0.0406909585 0.01859796047 -0.002741930075 -0.04015428945
-0.05528910831 0.03096829355 -0.06028666347 -0.04842444882 0.03022521921 -0.06549160928
0.06067859381 0.005783725996 -0.01362825371 0.05853101984 0.003993430175 -0.01744505949
-0.00219541043 0.03637155518 -0.03378468752 -0.001725040027 0.03967076913 -0.03658574075
0.009517356753 0.01772148162 -0.03323885053 0.003714740044 0.02075039037 -0.03630324826
-0.002360843122 0.02439129911 -0.01025007293 0.00278323004 0.02700332925 -0.01332893968
-0.006052218378 -0.04355740547 -0.01721945219 -0.008515530266 -0.04498508945 -0.01959538087
0.03263127804 0.04090739787 -0.03500618413 0.03072093986 0.0422924906 -0.02889858
-0.0220505856 -0.005220342427 -0.0005683436757 -0.02644629031 -0.00779371988 0.001473229961
-0.04843357205 0.008759983815 8.536002133e-05 -0.0471669808 0.004354320001 0.005219180137
0.02050464228 0.008578391746 -0.0464187935 0.02249231935 0.006701840088 -0.041872181
-0.03880248964 -0.02425758168 -0.03624530882 -0.04115075991 -0.02582124062 -0.02869348042
0.003681689501 -0.02347975224 -0.01488461252 0.002647330053 -0.02531315945 -0.01394503005
-0.01901406422 0.03335205093 -0.002984759165 -0.02130462974 0.03458679095 0.001660509966
-0.0187800061 0.0115028359 -0.04280449823 -0.01491275989 0.007618950214 -0.03722446039
0.03509650007 0.004298344254 -0.03729986399 0.03646532819 -0.002650439972 -0.03306471184
-0.01392668486 -0.01901854202 -0.01647328958 -0.01383026969 -0.02009036951 -0.01479858998
0.01443886384 -0.002089547459 -0.001381598646 0.01366025023 0.001535170013 0.005803570151
0.02197626606 -0.04762620106 0.02293135598 0.01974429935 -0.0493227914 0.0252718702
0.02329134196 -0.007631799672 0.01720080711 0.02656031027 -0.01317630988 0.02185543068
0.02257595025 0.004933703691 0.01164254826 0.02435448952 0.004043090157 0.01277215034
-0.0002419538214 -0.01455301233 0.01197422668 -0.000820700021 -0.01711069047 0.01013390999
-0.006893856917 0.06451738626 0.0183391422 -0.006963899825 0.06727933884 0.01517895982
0.002541586757 0.009549893439 0.003201175248 0.003339380026 0.008174969815 0.004297039937
-0.06399689615 -0.03778321296 0.006863391493 -0.05972471088 -0.03687008098 0.007115540095
-0.01838506758 0.02241913788 -0.0238776058 -0.0141617097 0.0283139497 -0.02902149968
0.01204540953 0.003202995285 0.02667498216 0.01257404033 0.005846530199 0.01895144954
-0.01145192049 -0.05721234903 -0.002881091088 -0.01598443091 -0.05665836111 0.001060949988
-0.009516292252 -0.03317277133 0.0221429877 -0.01324332971 -0.0324777104 0.02575707063
-0.003970461898 0.006394276861 -0.007425822318 -0.004470350221 0.007027640007 -0.007662110031
0.03576532006 0.00924874749 -0.0003987178206 0.03545000032 0.007435679901 -0.002545010066
-0.01695791259 -0.01051589753 -0.06154505163 -0.02045823075 -0.01023393031 -0.05910082906
0.01702952012 -0.0294367075 -0.02776049636 0.02117698081 -0.02540975995 -0.03637712076
-0.04258798435 0.02729836106 0.01640589349 -0.03812881932 0.02584609948 0.01238183025
0.01187850535 0.03925445676 0.02881004661 0.0136299897 0.04403990135 0.02447954006
0.008229449391 -0.01447853725 -0.005957078654 0.00574587984 -0.01192099974 -0.01057653967
-0.03079770133 -0.0142452307 0.03525929898 -0.02731581964 -0.01005289983 0.02811636962
0.0279014539 -0.03410671279 0.0249926839 0.02935074084 -0.02932639048 0.02485976927
-0.0347465314 -0.03834818304 0.02823301218 -0.0280803591 -0.0359855108 0.02650848031
0.02830918133 -0.02511658147 0.007807496935 0.02321200073 -0.02221390046 0.0002763599914
-0.02495553344 0.02749598026 0.01656586304 -0.02803656086 0.02938129939 0.01313078031
0.01043032855 -0.01036549453 0.01859403402 0.01125680003 -0.004424360115 0.01673153974
-0.04278137907 0.01352311671 0.02546493337 -0.038697429 0.01634285972 0.01957748085
-0.005574751645 -0.03649169579 -0.0146388188 -0.004205060191 -0.03673683107 -0.01927191019
0.01830880158 0.03839787841 -0.04087244347 0.01131140999 0.04278120026 -0.04340143129
-0.02162819169 0.05256397277 -0.03715611249 -0.02174426988 0.05722627044 -0.04069123045
-0.01150379237 -0.01515355799 -0.03512972966 -0.0117716901 -0.01129091997 -0.03902573138
-0.07534699142 -0.0152877681 -0.001036450267 -0.07559687644 -0.01393340994 -0.002561439993
-0.02208357304 -0.003909621388 -0.04069321975 -0.02078001015 -0.004575950094 -0.04066377133
0.02058085054 -0.01580557041 -0.0333509706 0.01387166977 -0.01261011977 -0.03435470909
0.04539862648 0.03415222839 0.03358533978 0.03851655126 0.02975741029 0.03538541123
0.01868896559 -0.03291255236 -0.02435107157 0.01970374957 -0.03761591017 -0.02084863
0.008040580899 -0.05360401422 0.04391425475 0.01195503026 -0.05466258153 0.04185507819
0.03054632619 -0.01719064824 0.008220876567 0.02945842966 -0.02014788985 0.003763309913
0.00881383568 0.04477357119 0.01422141027 0.002976699965 0.04365507886 0.01392619032
0.03502911702 -0.008871860802 -0.01541512646 0.03455832973 -0.01025195979 -0.01534212008
0.004652230069 -0.001888491213 0.03959647194 0.003564279992 -0.001096399967 0.03850349039
-0.008166264743 -0.03996846452 0.01700742915 -0.005287149921 -0.03502814844 0.01328944042
-0.01668814197 0.01487710327 0.01259057969 -0.01753770933 0.01601189934 0.002813270083
0.009061241522 0.008721061051 0.00168871088 0.01209507976 0.00786950998 -0.002523089992
0.04422215372 -0.02349733561 0.00808891654 0.04123492911 -0.02552768961 0.00748143997
0.02508036233 -0.01943373308 -0.007794936653 0.02715495974 -0.01811473072 -0.01335783955
0.009212635458 -0.01860210113 0.003571369452 0.01317590009 -0.01280182973 0.0006914800033
0.01104106754 0.0105967382 0.02898887917 0.00551821012 0.01072437968 0.02226969041
0.0770983845 0.03408392891 -0.04037651047 0.07003060728 0.0319512412 -0.04380713031
-0.009506583214 0.01564816386 -0.02114314958 -0.01331774984 0.01983550936 -0.02775203995
0.003776721656 -0.08320907503 -0.03637183458 0.004205489997 -0.08110564202 -0.03992613032
0.001937828958 0.02541819401 0.03753571585 0.006524439901 0.0258329697 0.03565831855
-0.005481489003 0.04755929485 0.02536829934 -0.01386712026 0.0508874096 0.02427458018
0.0184802264 0.03467168659 -0.08168654889 0.01510525029 0.03689343855 -0.08553554863
-0.0334337391 0.01055472717 -0.03189736977 -0.03497460112 0.01362462994 -0.02900901064
0.006595350802 -0.003476306563 -0.06341464072 0.008370039985 -0.005634080153 -0.06523452699
-0.02228940651 0.05081385374 0.0001217560639 -0.02541813999 0.04938910156 -0.0008193500107
0.01572544873 0.03836653382 -0.0303067714 0.009985250421 0.03507900983 -0.03867255896
-0.01620654762 0.01761563867 -0.01008359622 -0.01634966955 0.01417244971 -0.01336766966
0.01880321652 -0.009588926099 0.01698575355 0.01674298011 -0.01338104997 0.0150924297
0.05617860705 0.0094647035 -0.008295397274 0.05821425095 0.006797660142 -0.009833579883
-0.01293001324 0.01374964137 -0.0129939476 -0.008827270009 0.01632688008 -0.01701479964
0.01469154656 0.0230265744 -0.009293396026 0.008241759613 0.02400971949 -0.0127254501
-0.01757711917 0.03336113319 0.01088824403 -0.01791059971 0.03748451918 0.008108680137
-0.005296543241 0.03989266232 -0.02506368421 -0.005133579951 0.04221225902 -0.02806564048
0.02112923563 0.004729683977 -0.02706046961 0.01581468061 0.003649160033 -0.03183855116
0.04211277887 0.04814661294 -0.01651779935 0.03968311101 0.05101779103 -0.01789288037
0.0003049075603 0.03946844488 0.001866805949 -0.001578659983 0.04170509055 0.004542579874
0.05071751028 -0.01675027981 0.0266772043 0.05262552947 -0.01810616069 0.0274845697
0.03582829982 0.003830052912 0.02012711018 0.03637307137 0.005970700178 0.01729051024
0.01859432459 -0.04118350148 -0.02391775511 0.02254096977 -0.04093984142 -0.02463017963
0.005125924945 0.02369392291 -0.005050250329 0.003804810112 0.0230042506 -0.002897090046
-0.04070518911 0.06366939098 0.03218131885 -0.04511718079 0.06310099363 0.03016790934
-0.02416150644 -0.009329521097 -0.006938572042 -0.02287242003 -0.009327690117 -0.00821263995
-0.02875081822 -0.02028693072 -0.008327011019 -0.02962609939 -0.02326443046 -0.007921810262
-0.009102068841 -0.03189652786 -0.01888494007 -0.007882160135 -0.02863441966 -0.01800250076
0.0136701744 0.01062532421 0.03874004632 0.008652130142 0.009170290083 0.03962704167
-0.05810933933 0.009421500377 0.01003961731 -0.06428405643 0.00878794957 0.007112510037
-0.05637040734 -0.04181422293 0.0003151229466 -0.0550843589 -0.04113581032 -0.001017339993
-0.02605197765 0.002329148352 0.05206115171 -0.0248646494 0.003598629963 0.04919264838
0.02453024127 0.0174514614 0.01531535294 0.02449532039 0.0133310603 0.01572166942
-0.01714735106 -0.05006964877 0.00648965966 -0.02477720939 -0.04720167816 -0.0001898199989
-0.003530491143 -0.03871239722 0.06189887598 -0.004405099899 -0.03817059845 0.0572405383
-0.001842512283 -0.01813341491 0.05693537742 -0.002367920009 -0.01717521064 0.05236728117
-0.022939438 -0.02727176063 0.02582650632 -0.02161080949 -0.03177852929 0.0264775902
-0.01789036766 -0.06970332563 -0.005294086877 -0.0177938994 -0.07298967242 -0.006330919918
-0.00423724018 0.01575611159 0.03392807022 -0.007802030072 0.01667479984 0.03228893876
-0.006508507766 0.01324352901 0.001314908266 -0.005481369793 0.02012988925 -0.0008832499734
0.005899262615 -0.01291234605 0.001789204776 0.005507510155 -0.008889020421 0.005521439947
-0.03869345412 -0.0006914287806 -0.002094941679 -0.03735383973 -0.002169379964 -0.002377979923
0.02651774511 0.00590722356 -0.01790103689 0.02801454067 0.007128760219 -0.02010319009
-0.02204734646 0.02857514471 -0.03012980334 -0.01657483913 0.03023228049 -0.02582043037
-0.03362251073 -0.0110625457 -0.0255930461 -0.03589706123 -0.01438788977 -0.0195389092
0.004754754249 -0.01039473526 0.03360440582 0.007832909934 -0.01588376984 0.03579090908
-0.04858810455 -0.02843265049 0.01968488842 -0.04589081928 -0.03545828909 0.02001783997
0.009102350101 0.0276723709 -0.03432474285 0.006764589809 0.02713439986 -0.03092627972
0.02302474529 -0.006693713367 0.006448955275 0.02023263089 -0.01007390954 0.008881060407
-0.03084987402 0.008461209014 0.01943050325 -0.03620991856 0.004332699813 0.0132197896
-0.02566060983 -0.05303874612 -0.04393028468 -0.02749463916 -0.05911210179 -0.04707910866
-0.03245313093 0.03182691708 0.02177944034 -0.02841036953 0.02988578007 0.0189408008
0.008205784485 -0.003849043045 -0.01819562167 0.002298400039 -0.00475673005 -0.0179512091
0.02657468617 -0.02927409112 -0.05284671858 0.02430097014 -0.02826471999 -0.06090858951
0.01518054307 0.01562452596 0.01465067826 0.01029487979 0.01415135991 0.00900503993
-0.008558988571 0.004198750015 0.02413305454 -0.008516510017 0.005457899999 0.02214273997
0.03389351442 -0.00867395848 -0.001793434261 0.03554239124 -0.009405829944 -0.004109949805
0.006259165704 0.03946304694 0.01713384874 4.320999869e-05 0.0381488502 0.01404513977
0.02417141572 0.07675082237 0.003220379353 0.01638145931 0.0794192329 0.0008612599922
0.03967764974 -0.02588314563 -0.04628974572 0.0403339006 -0.02409850992 -0.04972841963
-0.01217035577 -0.006273058243 0.02142524719 -0.01007985044 -0.0003947000077 0.01883028075
-0.07748995721 -0.006952114869 -0.00430870289 -0.07590209693 -0.008154549636 -0.007274810225
-0.01512818784 -0.01482410729 0.02055502497 -0.01886126958 -0.01261159964 0.01583356038
0.02924836427 0.003806098597 0.03432331607 0.02879153937 0.001962949988 0.03732984886
0.01420612633 -0.002774910768 0.01019879896 0.01436972991 -0.0008457300137 0.01407970954
0.01604267955 -0.07195940614 0.04686558247 0.01627041027 -0.0704580918 0.04657879844
-0.03589773178 -0.04269676283 0.0629998818 -0.03410742059 -0.04298193008 0.05955770984
0.01828898489 -0.01186114736 0.03689757362 0.01099875011 -0.01357816998 0.03565569967
0.003854982555 0.03196014836 -0.05058551207 0.006674650125 0.03241588175 -0.05126111954
-0.03635353595 -0.007054001093 -0.0165995881 -0.03676667064 -0.00981483981 -0.02107948996
0.03235366195 0.007329733111 -0.03010050952 0.03777220845 0.002533029998 -0.03316795081
0.02679582685 0.001995278988 -0.001603411743 0.02437485009 0.0002902300039 -0.005140759982
-0.004689723253 0.01522557344 -0.003196121426 -0.004875089973 0.01860990003 -0.005423389841
0.03802413493 -0.05307504535 0.004928912036 0.0378542617 -0.05312161893 -0.003635359928
-0.001855418086 -0.004013308324 0.008854155429 -0.003410970094 -0.00437203981 0.007891129702
0.02132114768 0.02786965109 -0.0127741918 0.02430533059 0.02842777967 -0.01280654967
0.007780529559 0.01566471905 -0.02093732357 0.005398490001 0.01521230023 -0.02686668001
0.01570045948 0.03396490961 0.03842961416 0.01267457008 0.03732172027 0.03298632056
-0.01518429443 0.03768844903 -0.02496616915 -0.01741519012 0.04114257172 -0.02291725017
0.07442681491 -0.03451000154 -0.03693107516 0.06988056004 -0.03503321111 -0.03915397078
-0.000757291913 0.01427774876 -0.01100520324 0.002958070021 0.01520172972 -0.01345766988
-0.01649154723 -0.03605519608 0.01068474911 -0.02174020931 -0.02904834971 0.003178379964
-0.02365816757 0.02428947203 0.004813238513 -0.02414010093 0.02379116043 0.00100509997
-0.02661600709 0.04503178224 0.04141958803 -0.03013206087 0.0410925895 0.04004494101
-0.001589015126 -0.02432652563 -0.02508532815 9.559000318e-05 -0.02433861978 -0.02772127092
-0.02827893198 -0.0332226716 -0.01402866468 -0.02932815067 -0.02947901003 -0.01224377006
0.01363931876 0.01143775135 0.02581057698 0.01089035999 0.01240605023 0.01957323961
-0.01936059259 0.02863174677 -0.001117103267 -0.02281440981 0.02929206006 0.0008944000001
0.01971023902 -0.03199643269 0.004674723372 0.02473350987 -0.03234354034 0.01382070035
-0.01706085354 -0.04597355425 0.02768076211 -0.01480443962 -0.04241133109 0.0326446183
0.05593114719 -0.003960560542 0.01397197694 0.05910858139 -0.00620434992 0.01423041988
0.003874607384 0.005012691487 0.01371251792 -0.001213129959 -0.0006931599928 0.01527721994
0.01601872221 0.007856966928 0.04490009695 0.01200061012 0.004289580043 0.04928119108
0.01643640175 -0.009186189622 0.04733754322 0.01752199978 -0.01090648025 0.04735773057
-0.02543175407 -0.006808142643 -0.02818450332 -0.02289645933 -0.001470439951 -0.02781517059
-0.04375911504 -0.005551852286 0.002626992762 -0.04641706124 -0.007489160169 0.0009817800019
0.02533998713 0.06332876533 0.01757263578 0.02452575974 0.06385900825 0.01453229971
-0.001096592401 -0.01645090431 -0.0293373242 0.001987820026 -0.01474676002 -0.0280416999
0.004078164697 -0.04832956195 -0.02683584392 -0.0004778300063 -0.05062362179 -0.02971081063
-0.03503634781 0.04035972804 0.1264243871 -0.03987441957 0.03817360103 0.127739206
-0.006897480227 0.05404430628 0.004155676812 -0.00586046977 0.05402740836 0.004244130105
0.01757272705 -0.06241105869 -0.02402085811 0.01745080017 -0.06234740838 -0.02300748974
-0.020219272 -0.04185475782 -0.008534842171 -0.01782405935 -0.04485486075 -0.00588888023
0.01196557283 -0.04448712617 0.01324548572 0.007689849939 -0.0461162813 0.01675339043
-0.007373281289 0.04619088024 -0.002888612449 -0.009935259819 0.04590141028 0.0005951399799
-0.00034429878 -0.04093304276 0.04392044991 -0.002431900008 -0.03629859164 0.04350018874
0.02680844069 -0.04500282183 -0.008143534884 0.03010422923 -0.03951334953 -0.01171320956
0.01437862404 0.02470881119 0.03236734122 0.01285015978 0.02663690038 0.03484829888
-0.02111600153 0.0006186552346 -0.02826209366 -0.02018431947 -0.00252352003 -0.02684867941
-0.006830056198 0.07262761891 -0.02917098626 -0.007905949838 0.07084345818 -0.03085887991
-0.01069159154 -0.06707559526 0.02193787321 -0.01395251043 -0.06271245331 0.02327290922
-0.02639211155 0.04568431899 -0.01021563075 -0.02336134017 0.04611451179 -0.01282478962
0.003823800478 0.0668508485 -0.01315496862 0.004161349963 0.06571999937 -0.01239634026
0.02520216256 0.03895212337 0.0007418912137 0.02747664973 0.03783350065 0.000132109999
-0.04809173942 -0.0004732087837 0.0002774155 -0.04730935022 -0.0006486999919 -0.0001798199955
-0.000173792243 -0.01447447482 0.031009892 -0.000328389986 -0.01420249976 0.03488326818
-0.03137905523 -0.0211596489 -0.04116562754 -0.02959227934 -0.01924251951 -0.0445157215
0.07584673911 0.01716836728 -0.02645872533 0.07634624094 0.01720223948 -0.02594109066
0.04372102022 0.06364496797 0.01305615529 0.0430271998 0.06341729313 0.01427991968
-0.007439814508 0.03586783633 0.03210422769 -0.01071613003 0.03470278159 0.0318951793
0.01864198968 -0.001525671571 0.01834785193 0.01518287975 -0.003752169898 0.02056610025
-0.07375818491 -0.03744691238 -0.04361985624 -0.07276167721 -0.03839543834 -0.03988872096
-0.02134479582 0.02637151815 0.01451984327 -0.02210858092 0.02203240991 0.01550132968
0.05083265528 -0.04415614903 0.008479602635 0.05034369975 -0.04363714904 0.01213169005
0.03381285071 0.03158815578 -0.02037133463 0.03362609074 0.03036881983 -0.01714517921
-0.02153033018 -0.003185139736 0.008949194103 -0.01629213057 0.001149880001 0.008030920289
-0.01164775342 0.03481028229 0.01271108352 -0.01263679005 0.0368768014 0.01348177996
-0.04007316381 0.01949020103 0.01936163381 -0.04233178124 0.02284575067 0.02008951083
-0.02779694647 0.006350588053 0.01687072031 -0.02762625925 0.001391410013 0.0192261599
-0.01286876947 -0.08162935823 -0.02376783267 -0.01264609024 -0.08199630678 -0.02752904966
-0.00813970156 -0.02081250027 0.04559483752 -0.007869919762 -0.01895239018 0.04609359056
0.006146255881 0.003744587768 0.01750384085 0.0007702800212 0.005086570047 0.01888752915
0.007800858468 -0.02037132159 0.02326311357 0.004519649781 -0.02184006944 0.02593025938
-0.002318877727 0.03557810187 0.02242612466 -0.002191809937 0.03428652138 0.0244533997
-0.03918807954 -0.0001041600481 -0.01004744973 -0.04153494909 0.001739660045 -0.00672871992
-0.07293968648 0.03407720849 0.0363573432 -0.07596065104 0.03755950183 0.03934526071
-0.05145062879 -0.00184443593 -0.003776203608 -0.05418469012 -0.00270832004 -0.001925930032
0.03312177956 -0.01493035723 -0.007157326676 0.03195028007 -0.0167465508 -0.004449590109
0.01817703806 0.009320710786 0.03167645633 0.01699236967 0.008255089633 0.03547592834
-0.005122126546 0.01611519605 -0.04353412241 -0.007880739868 0.01498697046 -0.04430865869
-0.02043479681 0.001216558507 0.006051771343 -0.02420672029 -0.004151320085 0.004249049816
0.02583676949 0.02886524983 0.01612588577 0.02163131908 0.02768328041 0.01758453064
0.02425371483 -0.07724167407 -0.03535239026 0.02334564924 -0.07477297634 -0.03652850166
-0.02610374242 -0.008461857215 0.03571294621 -0.02447118983 -0.00978675019 0.03847033903
0.002530667931 -0.02849117666 0.05637323111 -4.301000081e-05 -0.02779443003 0.05730415136
-0.03966344893 -0.06567201018 -0.03679156676 -0.03978690132 -0.0645473823 -0.03423158824
-0.05668153614 -0.002322146203 -0.0252407901 -0.05435163155 -0.001586850034 -0.0242544096
0.02687312849 -0.04648243263 -0.01894994453 0.02682838961 -0.05117781088 -0.02111930028
0.006016230211 -0.03681866825 0.01920665801 0.005879779812 -0.04049697146 0.02289168909
-0.01926749758 -0.001171968877 0.01515019871 -0.01802878082 -0.0003777900129 0.01339296997
-0.01128802635 0.05031541735 -0.03106102906 -0.01277766004 0.04641117156 -0.02562380023
0.02249319106 0.01877031662 0.04578768462 0.02118518017 0.01639999077 0.04411097988
0.005481658503 -0.009642768651 -0.01435618475 0.004644290078 -0.01123340987 -0.01169561967
0.01277945656 0.03747779131 -0.01900711469 0.01109522954 0.03359467164 -0.0177294109
0.03819328919 -0.02069596574 0.0001247183245 0.03601124883 -0.0245975107 -2.730000051e-05
-0.01317907684 -0.0412537083 0.05889254808 -0.01489102002 -0.04178233817 0.06324247271
0.05145300925 0.003540669801 -0.03807232156 0.05015208945 0.002769490005 -0.03604359925
-0.07130022347 -0.04697295278 0.009573864751 -0.06770209223 -0.0489227511 0.0128021203
0.05126480758 0.07599123567 0.03202389553 0.0495663695 0.07293114066 0.02855556086
-0.004790085368 -0.04964607581 -0.04888744652 -0.005452210084 -0.04972115159 -0.05300103873
-0.001389837475 0.028967686 0.04318725318 -0.0052066301 0.02881129086 0.05013266951
0.0008424110711 -0.01692482829 -0.006683854852 -0.0009864500025 -0.01635456085 -0.006345130038
0.03189235553 -0.0218982026 -0.008858982474 0.03317153826 -0.02372876927 -0.01098025031
0.01315884292 0.02035615593 -0.03922593966 0.01251776982 0.0172014609 -0.04239625856
0.002554610372 -0.05042314529 -0.004414518364 0.001510640024 -0.0531780608 -0.001809510053
0.02462892979 0.01702548377 0.03304958716 0.02380952053 0.01292981021 0.03609180078
0.01373068616 0.02089379728 -0.0343811959 0.0100031402 0.01794400066 -0.03573466092
-0.03284785151 -0.01041552518 -0.04932897165 -0.033084061 -0.01577937044 -0.05484637991
0.007039519493 -0.06111549586 0.0005580075085 0.01297711022 -0.06129499897 -0.002272340003
0.02291461639 0.0787088573 0.01620489359 0.02274974063 0.07671055198 0.01547566988
0.01276672725 0.008399201557 -0.01155442744 0.01043175999 0.002518459922 -0.01153905038
0.03116014414 0.01399218291 -0.002342627384 0.03337908909 0.01455971971 -0.005479120184
0.06929852068 0.02918437123 0.01278587431 0.07275345922 0.02637404948 0.009317150339
-0.06303010136 0.01249649934 -0.02736364678 -0.05926889181 0.01322067995 -0.02625950985
0.04805568606 -0.05032708496 -0.03814132512 0.04358651862 -0.05023236945 -0.03291461989
0.07019746304 0.02280398831 -0.0002198376023 0.06933163851 0.0179018192 0.001353009953
-0.02599892765 0.02908968367 0.01015401166 -0.02403764986 0.02502948046 0.01009009033
0.05003555492 -0.003253284842 -0.04538389668 0.05072256923 -0.003443320049 -0.04183740169
0.02426858433 -0.0184670575 0.04993070662 0.0250397902 -0.02284035087 0.04879365116
0.03003075346 -0.0440454036 -0.04381669685 0.0230024606 -0.04495450109 -0.04326577857
-0.04231575876 0.05453318357 0.00740797352 -0.04544669017 0.0536354892 0.009484950453
-0.01077513024 0.01105599012 0.03050122038 -0.00891053956 0.0113295 0.03055798076
-0.005851113703 0.02474345453 -0.05167882144 -0.004614179954 0.02451230958 -0.04781686887
-0.05341804773 -0.01578358375 -0.04380744696 -0.05132991076 -0.01876013912 -0.04602677003
-0.01250518486 -0.02667747624 -0.04251140356 -0.01198494993 -0.02786980011 -0.03595919162
-0.03036617115 0.03183869645 0.08399675786 -0.02907690965 0.03112871945 0.08758682758
0.01592375711 -0.02634213306 -0.02617342584 0.01499802992 -0.02593803965 -0.02952275984
-0.03374095634 0.0035889789 0.05385963991 -0.03161391988 -0.001994319959 0.04874446988
0.02228865027 -0.0009275925113 0.02744709328 0.0221367497 0.000984919956 0.02541556954
-0.01597338356 -0.0647848174 0.01076992974 -0.01597874984 -0.06036004052 0.009510669857
0.002734602196 -0.0001143602858 0.01235286146 0.001341330004 0.0009737199871 0.01148595009
0.01969001628 0.009433950298 -0.03037390113 0.02170985006 0.005705260206 -0.03243682161
-0.0346885249 -0.01511318237 -0.0196666047 -0.03151569143 -0.0189190302 -0.0264831502
0.06410379708 -0.02724776231 0.0146057941 0.06314381212 -0.0243965406 0.01380493026
0.0283965338 0.02987844311 -0.005984029733 0.02686174959 0.03000620939 -0.0069190301
0.003070835024 0.05524982512 -0.02635413408 0.003199969884 0.05354524031 -0.02879389003
0.03856809437 -0.001537898323 -0.01512707025 0.03231455013 -0.0003983899951 -0.01639468037
-0.03115147352 -0.0591135025 0.03390614316 -0.02791935951 -0.05625604093 0.03297026083
-7.80880946e-05 0.007600426674 -0.01090653613 0.0001238300028 0.00692272 -0.01144214999
-0.002586164046 0.01754680276 0.006628547329 -0.004595770035 0.01831522956 0.004645210225
0.02956114709 -0.04077537358 -0.03137156367 0.02754930034 -0.03672818094 -0.03361187875
-0.04835051298 -0.008598043583 0.03507142887 -0.04783879966 -0.007564770058 0.03460203111
0.02448570542 -0.007902407087 0.02865468897 0.02740246989 -0.01045272034 0.02993481979
-0.04037173092 0.03102966584 -0.01148719806 -0.04059104994 0.03040337935 -0.01325345039
-0.05049121752 -0.01746129617 -0.01938569546 -0.05320183933 -0.0163739901 -0.0146392202
0.03410246596 0.07056763768 -0.0412391834 0.0290375594 0.07118949294 -0.03602302819
-0.03300406411 0.01403363422 0.02870753594 -0.03113072924 0.01356059965 0.02987561002
0.08852190524 0.0304187648 0.006144154817 0.09091041237 0.02597253025 0.003998230211
-0.03461813927 -0.02539564669 -0.0293998532 -0.02933513932 -0.02314204909 -0.02633959055
0.009776066989 0.03057322279 -0.05496526137 0.006298860069 0.03172393143 -0.05314125121
0.00489814952 0.07681055367 0.0226980783 0.003233809955 0.07633174956 0.02408643067
0.01705996692 0.02096693218 -0.02896400355 0.01554508973 0.02519880049 -0.0293793194
0.0111461794 0.0247769244 -0.04729120806 0.01313161012 0.02901507914 -0.05199382827
0.02195413224 -0.05704390258 -0.001874331967 0.02252987027 -0.05878467113 -0.005327329971
0.004424693994 0.04024872184 0.005123751238 0.004358360078 0.0439228192 -0.001611449989
-0.01774246059 -0.02039554529 0.01229009032 -0.01780298911 -0.01959395967 0.01285672002
0.04077261314 -0.06975878775 -0.007476228755 0.04113331065 -0.06697420031 -0.01055086032
-0.022636557 0.05066465586 0.000789922371 -0.01976582967 0.04929433018 -0.002978099976
-0.008901471272 0.008396998048 0.0553913191 -0.01251475979 0.009350569919 0.05156091973
-0.02352610603 0.01723832637 -0.0203666985 -0.0271573402 0.01449023001 -0.02243757062
0.02173778228 0.02067954093 -0.004761697259 0.0210791491 0.01949948072 -0.003425519913
0.01497699786 0.002059265971 0.00953164231 0.01768659987 0.001073169988 0.007726760115
0.05263420567 -0.03024046496 0.01874095015 0.04978756979 -0.02784859017 0.02278059907
-0.001858443022 -0.01418232638 0.002133858856 -0.003557430115 -0.01123636961 -0.0003809499904
0.0360166654 -0.02152999677 -0.03817289695 0.03904550895 -0.02111582085 -0.03752638027
0.008515149355 0.01521820854 0.04616222158 0.008616060019 0.01365796011 0.04677180946
0.009463258088 -0.004985417239 -0.005564344581 0.008988469839 -0.007655669935 -0.008404360153
0.01481503248 0.0435413979 -0.006034479011 0.01087690983 0.04363473132 -0.005230450071
-0.04132003337 0.03300440311 0.006407472771 -0.04107448831 0.03679998964 0.006057720166
-0.004021517932 -0.05783035234 0.02667299286 0.0009550399845 -0.05722846091 0.02532131039
0.001339681447 -0.01714463346 0.002634391654 0.005076310132 -0.0196097903 -4.442999852e-05
0.07780995965 -0.0004479319323 -0.05086553469 0.07842005789 -0.000305249996 -0.04865832999
-0.01627857983 0.04192685336 0.003142829053 -0.02001719922 0.0464563109 0.001985470066
-0.02895337343 -0.02439307421 0.02028119937 -0.0285657309 -0.02388739958 0.02021176927
-0.01194023713 0.00456369156 0.0273259487 -0.009421399795 0.0006591900019 0.02706569061
-0.003802783787 0.001626048004 -0.05131268129 -0.003384429961 -0.001897459966 -0.05324301124
-0.002460561693 0.02723333053 -0.02391926944 0.0009504500194 0.02328377031 -0.02543400973
-0.02631898597 -0.04168218374 0.02094233595 -0.02934090979 -0.04641200975 0.02713024989
-0.06866852939 0.02572144195 0.04227187485 -0.07115133852 0.02556722984 0.04114444926
-0.01907787099 -0.05101628974 0.03178558126 -0.01944841072 -0.04958429933 0.03681533039
0.02771358937 -0.03995343298 -0.006624431815 0.03071155958 -0.04415398836 -0.006889769807
-0.001200504601 -0.01695172861 -0.002783067292 -0.001015509944 -0.01522792038 -0.003681319999
-0.01916221902 -0.02968098409 -0.008489473723 -0.01989063993 -0.0306253098 -0.002287900075
0.0006138309836 -0.01861970499 -0.008680596016 0.001592800021 -0.01733087003 -0.009979479946
-0.0006911158562 0.00152074208 -0.02237877995 -0.0008591900114 0.002810789971 -0.02438095957
-0.02072580531 0.03396905959 0.0006940580206 -0.0169220604 0.03225075081 0.002159619937
0.0116404593 -0.01810566895 -0.01298305113 0.0122440299 -0.01648983918 -0.0110244602
0.002685356885 -0.006350817159 0.05219855532 0.002020109911 -0.00787946023 0.051921051
0.004298340529 -0.01869818196 0.03861560673 0.006572680082 -0.0135329999 0.03683178127
-0.0194631815 -0.0207453426 -0.07193687558 -0.02090225928 -0.01888437942 -0.07720883936
0.00646533072 0.03553204238 -0.0006430980284 0.00748282019 0.03764970973 -0.003510619979
-0.03571327403 -0.03576857224 0.01331605669 -0.03778909892 -0.03657203913 0.0104747396
-0.00585912168 0.01755381934 0.03810558468 -0.008237550035 0.02393515036 0.03544526175
-0.03130574152 0.03802392259 0.006274886429 -0.02760637924 0.03557164967 0.001633389969
0.04585440457 0.04363088682 0.007172401994 0.04618261009 0.04187906161 0.004576889798
-0.0292666927 -0.01440756675 0.026172176 -0.02584953979 -0.01761399023 0.02553630993
-0.01606073976 -0.03842415288 0.01306035835 -0.01551447995 -0.03957014158 0.01586968079
0.01170085371 -0.01937694475 -0.05179763585 0.01557685994 -0.01998681948 -0.05357410014
0.02128018439 0.02797523141 -0.001892060507 0.02480476908 0.03169561923 -0.0008557100082
-0.02443519421 0.0004751235247 0.0005047337036 -0.02324119024 0.00452812016 0.002447319916
-0.03366306052 -0.002617955208 0.005403895397 -0.03129279986 -0.001952779945 0.005618629977
-0.008814543486 0.05686934665 -0.02281907946 -0.01003280003 0.05458306894 -0.02215443924
0.03458568454 0.007717825472 -0.01970830932 0.03750216961 0.00648082979 -0.02092235908
0.005319188349 -0.01298240572 -0.007716239896 0.001727299998 -0.01316697989 -0.009734610096
0.001400923473 -0.01865381934 0.004050113261 0.005215920042 -0.02064467967 0.003205749905
0.02730646729 -0.02494764142 -0.00566829741 0.02994794026 -0.02833045088 -0.01042036992
0.02325566113 0.002541176043 0.008661694825 0.02494980954 0.002565850038 0.007959160022
-0.02944430523 0.00606556097 -0.007599469274 -0.02811986953 0.009346409701 -0.00744403014
-0.01152856648 -0.005695529282 -0.003494743258 -0.01087259967 -0.003735770006 -0.0002145900071
0.008986108005 -0.01413848903 -0.01751536503 0.01147234999 -0.01407408994 -0.01507691015
-0.01910770498 -0.02150017768 -0.01654057205 -0.01722541079 -0.01961503923 -0.01991859078
0.01125613507 -0.02165859938 -0.005288533866 0.01757762022 -0.01712756045 -0.01092530973
0.004583319183 0.04274772108 0.02643406391 0.008043269627 0.04810148105 0.02757287957
0.0002293774451 0.03977255896 0.008815744892 -0.003625310026 0.03609833121 0.007815130055
0.02710684389 -0.008573587984 -0.009343363345 0.02875434048 -0.008336660452 -0.01196167991
0.04314315319 -0.03183735162 -0.01325844973 0.04286058992 -0.02855833992 -0.01300508995
0.03370691836 -0.02359440736 0.03231871873 0.03766110912 -0.02380893938 0.02933843993
-0.02857298963 0.01546660624 -0.01268227398 -0.02596402913 0.01299649011 -0.01453670021
0.02918727137 0.03193260357 0.0005566328764 0.02763140015 0.0382165201 -0.002452000044
-0.02005328797 -0.007568141446 -0.02327390388 -0.02245051973 -0.00434707012 -0.0208539702
0.01379587594 0.03348413855 -0.03629158065 0.01307587046 0.03609386086 -0.03618976101
0.003626822727 -0.01235943288 -0.01750320382 0.004827579949 -0.008701190352 -0.01908802055
0.02960821986 -0.0260799136 -0.0389390327 0.02899348922 -0.03028427996 -0.03926926106
-0.01569915563 -0.02422140911 -0.02995049767 -0.0124065103 -0.02341436036 -0.03088542074
-0.005649439991 0.002915774006 0.02551198378 -0.005599739961 0.007326830178 0.02475181967
0.007131904364 -0.01353626419 -0.02860685065 0.009744769894 -0.01298950985 -0.03248219937
-0.009719610214 0.01591683552 0.01262636483 -0.006071129814 0.01433181018 0.008136419579
-0.02232084423 0.01931305788 0.01707289182 -0.01751822047 0.02068153955 0.01484370045
0.02614749223 -0.002512205392 -0.02304383554 0.0270129405 -0.003366840072 -0.02189626917
0.02520909905 0.02842791192 0.02487692423 0.02755983919 0.02680110931 0.0265362896
0.06099838763 0.008743425831 0.02445978671 0.06318598241 0.009029660374 0.02780435979
-0.002574652433 -0.0007327168714 -0.05431763455 0.003481680062 0.0007987000281 -0.06030587852
-0.04770833626 0.002736867638 0.01469871309 -0.04482540116 0.005562069826 0.01736548916
-0.01898320392 0.0398369804 0.001427179435 -0.02301811986 0.04057969898 0.00318069011
0.001113116741 -0.007348268293 -0.08057975769 -0.001113750041 -0.008438769728 -0.08106148243
-0.01884462684 0.06142929941 -0.007055038121 -0.0193591509 0.06062911078 -0.009548950009
0.01514820009 0.03290252388 -0.001291758032 0.01850943081 0.03287471831 -0.002297210041
-0.008280619979 0.03181261942 0.01013351884 -0.007109050173 0.03242285177 0.01354270987
-0.02135719359 0.03057390638 -0.006356511731 -0.02501109056 0.03361263871 -0.006696760189
0.04502794892 -0.05259078369 0.01438736636 0.04321489856 -0.04957361892 0.01777465083
0.01140942425 -0.008669408038 0.03047806956 0.01172558963 -0.006582200062 0.02851253934
0.001280799508 -0.0173290167 -0.01931232214 0.0002419399971 -0.01721712947 -0.01838117093
-0.0007110238075 0.001801448758 -0.008628751151 -0.0002856199862 0.002761129988 -0.007378530223
-0.06227203086 -0.006095676217 0.01674738154 -0.06152727082 -0.002828459954 0.01321671996
-0.02335010841 0.01636246964 0.003563137259 -0.02557918057 0.02028352022 0.00564168999
0.007576197386 0.008669558913 -0.04420299083 0.007419350091 0.01388746966 -0.04746554047
-0.005975558888 0.06355331093 -0.01415078714 -0.004533099942 0.06358890235 -0.01309960987
-0.01581452787 2.685576328e-05 -0.01714872755 -0.01488528959 0.001042030053 -0.01947957091
0.01587765105 0.01458729617 -0.0123636201 0.0168729499 0.01774795912 -0.01064702962
0.003224432468 0.03373862058 0.01270758733 -0.0002849599987 0.03247486055 0.01762359962
0.02858188748 -0.03111504391 0.004269683734 0.03017113917 -0.03256767988 -0.0003231799928
0.001462385058 -0.0338132754 -0.001978001324 0.0009565000073 -0.0311587695 -0.003541629994
0.007858507335 -0.0291517321 -0.001008109422 0.007446299773 -0.02913663909 0.0005481300177
0.01062263921 -0.009262625128 0.02392075956 0.009777099825 -0.005040170159 0.03016735986
0.01734152623 0.0104399547 0.01844483614 0.01750051044 0.01400888991 0.02112697065
-0.01702824421 0.0007340750308 -0.02901337482 -0.01432861015 0.00395106012 -0.03626843914
0.01789659262 -0.0100270547 -0.02370914817 0.02097113058 -0.006794389803 -0.02349800989
-0.000156530994 0.007026195526 0.03970881179 -0.002147749998 0.01201900002 0.04354190081
-0.02706920169 0.0204798989 0.02004151046 -0.03024034016 0.02519622073 0.02456212044
-0.02275348268 0.03604821861 -0.02783510461 -0.02124479041 0.03225798905 -0.02770178951
-0.04812825471 -0.006033599377 -0.008413217962 -0.047674831 -0.006818539929 -0.006779260002
-0.02530918457 0.004049151205 0.03460953385 -0.02692057937 0.005750350188 0.03251734003
-0.004990370944 -0.0602511391 0.01263726223 -0.001888199942 -0.05871437117 0.01791346073
-0.0001716071274 0.01822574064 0.00174232421 -0.005993789993 0.01790666953 0.0001217800018
0.01673082262 -0.03284408525 -0.003308039159 0.01546815038 -0.03630096093 -0.00504304003
-0.03249581903 0.0004930823343 0.02994101495 -0.03073658049 -0.0005827600253 0.02977743931
-0.01235628966 -0.01451947819 0.03384314477 -0.01572991908 -0.01523885038 0.03455640003
-0.03827286512 -0.0292459894 0.01533322781 -0.03827505186 -0.02861624025 0.01149227004
-0.008335059509 0.02332600579 -0.05828685686 -0.01304373983 0.02399886958 -0.05613949895
0.01024882123 -0.03728692979 0.02937609702 0.01132987998 -0.0344838798 0.03024338931
0.02127983421 0.01719341241 0.02108295262 0.0196592398 0.01850619912 0.02272224054
-0.01427194104 -0.004870628938 0.0001978799701 -0.01303619985 -0.005683649797 -5.912000051e-05
-0.02411993034 -0.004923019093 -0.01155759394 -0.02615942061 -0.005855570082 -0.01112218015
-0.001819658908 0.004465199076 0.01538900286 -0.003048769897 0.009973879904 0.01702757925
0.02083306387 0.01627658308 0.03493450582 0.0222736802 0.0182577502 0.03306717053
0.03757946938 -0.04134864733 -0.05460175127 0.04028310999 -0.04246037081 -0.05852891132
-0.01284048427 -0.03822638839 0.009251240641 -0.01291713957 -0.0407596305 0.01134265959
0.03930405155 -0.008187678643 -0.01107515581 0.03941455856 -0.00632375991 -0.009165639989
-0.006769888103 0.008716077544 0.007704738062 -0.00730426982 0.01127910987 0.01338750962
0.01290737838 0.0004488555423 0.01277173497 0.01360858977 -0.001948960009 0.01156281959
0.01482417434 -0.003092365572 0.01362557709 0.01709612086 -0.009603030048 0.0125080999
0.003640323877 -0.01000210736 0.04318166152 0.0001748899958 -0.01424422022 0.04080434144
-0.007415264845 -0.02200650983 0.00759737147 -0.007921589538 -0.02342977934 0.01189249009
-0.5139905214 -0.1955545992 0.1764068604 -0.5448967814 -0.1641312987 0.1008879989
-0.2857050896 0.5054832101 0.3149554729 -0.3463998139 0.4972828925 0.292708993
-0.3569199443 0.04049218446 -0.07285223901 -0.3246144056 0.07877296954 -0.105181098
0.1136518717 -0.4622835517 -0.1383871734 0.1177385002 -0.441447705 -0.1264315993
-0.423571229 -0.3379112184 0.2534461319 -0.4153113067 -0.3209266961 0.2311860025
-0.1327462047 -0.05875188485 0.01928006671 -0.09604351968 0.009356589988 -0.06431830674
0.3061660528 -0.111361526 0.1314680874 0.2899810076 -0.05046214163 0.08191356808
0.2303385139 0.4451192617 0.1455414146 0.2582418919 0.446074903 0.0398777388
-0.7287772894 -0.9596344829 0.09685148299 -0.7629144788 -0.9496694803 0.1336513013
0.4100344181 -0.1440454125 -0.200263992 0.4098609984 -0.0820197314 -0.2169941962
-0.4165737927 -0.3937346041 -0.01074416284 -0.4404402077 -0.402895987 -0.09616866708
-0.4776044786 -0.1536218077 -0.08875579387 -0.5437995791 -0.1661271006 -0.08631198108
0.160533011 -0.07243639231 0.2008266151 0.1057483032 -0.02148108929 0.2305054963
-0.1352670789 -0.455519706 0.361579895 -0.112331301 -0.4486590028 0.4006558955
0.08844681084 0.2753141522 -0.0931783393 0.1231411025 0.2679718137 -0.08133096248
1.085517526 0.2858077884 0.251847446 1.081498027 0.2836979926 0.2679634988
-0.4494502842 -0.05404806137 0.1962045878 -0.5163689852 -0.00658466015 0.1796929985
-0.1700583994 -0.4995946288 0.07699935883 -0.1529283971 -0.4795191884 0.1032719016
-0.1017380953 0.35016644 -0.5278176069 -0.0650215894 0.3787850142 -0.549274683
-0.4666864872 -0.5254802108 0.2244203687 -0.4333144128 -0.5726004839 0.2632291913
-0.03264269233 0.7449270487 -0.3070863485 -0.05959482864 0.7401447892 -0.3292669952
-0.5277184248 -0.0602587983 0.8190602064 -0.5724462271 -0.03968830034 0.7770264149
-0.04325196892 -0.2873897552 0.05360022187 -0.003198809922 -0.277687788 0.01134479046
-0.0936582461 -0.1339672506 -0.147590071 -0.05370388925 -0.1189846024 -0.1719686985
-0.1228107437 -0.1987822354 0.0132521661 -0.1271710992 -0.2268746942 0.005612319801
0.3873059154 0.268378675 0.1961312145 0.3660011888 0.3221899867 0.1295718998
-0.5737991333 0.2390362769 0.3307333887 -0.5779520273 0.2470567971 0.3098041117
-0.4235913157 -0.744448483 -0.183189854 -0.4246936142 -0.7228807211 -0.1594019979
-0.05436949059 -0.7881476879 -0.07153229415 -0.049111031 -0.7437210083 -0.07860452682
0.7504948974 0.04744819179 -0.1322167069 0.8025255203 0.04955549166 -0.1689182967
0.4536086619 -0.5508304834 -0.1859838217 0.4116300046 -0.5715553164 -0.1691181958
0.4122304916 0.2960863411 -0.1924687028 0.4232052863 0.3478116989 -0.2341185957
-0.2606546581 -0.05428334326 -0.1944495142 -0.2668077052 0.003838619916 -0.1949255019
-0.2859687507 -0.3562856317 -0.5072854161 -0.2816571891 -0.3253337145 -0.4956949949
-0.07602760196 0.8276529312 -0.05537055433 -0.08836887032 0.7858188152 -0.05723861977
-0.1690869182 -0.08194833249 -0.2979259491 -0.1947323978 -0.08165124059 -0.3120410144
0.4399605393 0.2697244883 0.2891853452 0.3912343085 0.3152703941 0.2497985959
-0.2043507099 -0.1117637008 -0.05999808758 -0.2166832983 -0.0883975476 -0.0624412708
0.5446471572 -0.00954965502 0.3122546971 0.6533045769 -0.04593458027 0.3680143058
0.1547519267 -0.04379225522 0.02683374472 0.1571173072 -0.04055267945 0.008570799604
0.1131255701 0.01465789601 -0.221649304 0.1081167981 0.0130606303 -0.2019650042
0.1571130753 0.5115758181 -0.449206233 0.05665412173 0.5372577906 -0.4693354964
-0.6362175941 0.01387995481 0.08262684941 -0.6042369008 0.01195206027 0.03913832828
-0.2262836546 0.685438931 0.09714644402 -0.1514299065 0.6683686972 0.1125954017
0.08479208499 0.1857028306 0.3798769414 0.09183380008 0.1691396981 0.3365620971
-0.07924179733 0.0797771886 -0.4410265684 -0.06661953777 0.09388782829 -0.4529519081
0.1786247492 0.3272580504 -0.260201931 0.1568316072 0.37226969 -0.2734822035
0.2508401871 0.001781296916 0.3245652914 0.3152044117 -0.04173447937 0.3215385973
-0.0218131002 -0.2429145873 0.4294675887 0.01855768077 -0.2289461046 0.4167591929
0.03010920621 -0.1628352553 -0.1747794747 0.07619441301 -0.1985455006 -0.1894706935
0.04949409515 0.3637043536 0.1916731 0.06684739888 0.3532716036 0.234244898
-0.09918908775 -0.01162912697 -0.3699299991 -0.08870787919 -0.03631592914 -0.31744349
0.298284471 0.1532765031 -0.4923475385 0.3729869127 0.2098170072 -0.4947502017
0.05894979835 0.7183366418 0.3498419225 0.04247092083 0.7237278819 0.3389585018
0.633420825 0.03239180893 -0.5461326241 0.6123272181 0.00356464996 -0.5895370245
0.4692636132 0.108325012 -1.916242763e-05 0.4946003854 0.07036388665 0.00377642992
0.03401121497 0.4328025579 -0.5166758299 0.07377187163 0.5172892213 -0.4671050906
-0.1156998277 -0.4203639627 -0.3449645638 -0.110467203 -0.3973098099 -0.3903959095
0.6101128459 0.6019620895 -0.6118737459 0.6542947888 0.5732960105 -0.6380370855
-0.4823742807 -0.1311767995 0.009187122807 -0.4326978922 -0.1195209026 -0.02061118931
-0.02312874794 -0.03802704066 0.8068282604 0.01034788042 -0.06128672883 0.7958561778
-0.243566364 0.002073594602 0.07864374667 -0.274466902 0.01635430939 0.06187482923
-0.3711406589 0.1968973726 0.05530522019 -0.3607364893 0.2072000951 0.06145358831
0.01007194072 0.1401155591 -0.3923566341 0.07347495854 0.05712594092 -0.4335116148
0.3759630322 0.05320908502 -0.1091911495 0.3636339903 -0.0129987197 -0.09654501081
-0.002188667655 0.1603713036 0.3544618785 -0.007164900191 0.1642543972 0.3734529912
0.1350795776 -0.2054966837 0.03477482498 0.1391720027 -0.1518545002 0.0774082616
0.6164360046 -0.1033330932 -0.2295567095 0.5547773242 -0.05252632871 -0.1936935037
0.7931596041 0.3622894585 0.4356214404 0.7888275981 0.3397929072 0.4364182055
-0.2078360319 -0.08428045362 0.2471741587 -0.2051101029 -0.06362748891 0.245430693
0.2673588097 -0.5220193267 -0.1051935628 0.3178285062 -0.4660811126 -0.1063183993
0.555979073 0.1192317307 0.4013471603 0.5342578292 0.1334075034 0.4353497922
0.5716661215 0.1334077716 1.208684206 0.5564584732 0.1356166005 1.171429038
-0.5822812915 -0.05625334382 0.287034452 -0.550237298 0.01264788955 0.2562563121
0.08593115211 -0.6129487157 0.2241534889 0.01082926989 -0.6393144727 0.2208129019
-0.03746502474 -1.352160931 0.3710613251 -0.01713755913 -1.413632035 0.3943836987
-0.3698605299 0.01161723211 0.03942095488 -0.3545570076 0.01482845005 0.03414620087
0.1012543216 -0.3005034924 0.0622806251 0.08753172308 -0.272698313 -0.003605860053
-0.1041349247 -0.134074688 -0.4559440911 -0.1262221932 -0.1770945042 -0.4862442911
-0.4269337356 -0.4973418713 0.1626359224 -0.4192495942 -0.4812115133 0.1713843048
-0.2937633991 -0.3574765027 0.1444099396 -0.2523464859 -0.3325153887 0.1741563976
-0.1271072775 0.4457790256 -0.4864409566 -0.08331701905 0.458040297 -0.5660383105
-0.3995541632 0.151479125 0.2655967176 -0.4227699041 0.1513656974 0.2332094014
-0.0235250853 -0.7583702207 -0.2425182164 -0.03358433023 -0.751083374 -0.3088878095
-0.09005880356 -0.1808037609 -0.2938480973 -0.07811626047 -0.2030564994 -0.3431249857
0.1183175072 0.3728981614 -0.0850167647 0.1860581934 0.3931669891 -0.07758411765
-0.05551670492 -0.5544051528 -0.2075745761 -0.05976087973 -0.5237144232 -0.2533586025
-0.2527773678 -0.07019496709 0.2979268134 -0.258100003 -0.07296583802 0.2828173041
0.7951734066 -0.3254119754 0.413965553 0.7572001815 -0.3236809075 0.4188674986
0.145896852 -0.2254197598 -0.4096173644 0.1528487056 -0.2510834038 -0.4037987888
0.4492701888 0.1638671309 0.2370648384 0.5105618834 0.203014493 0.2344370037
-0.4988482893 -0.1543812901 -0.1753848791 -0.5419238806 -0.0705871582 -0.1848074943
-0.8655112386 0.04289227724 0.134132266 -0.8699529171 0.05745242909 0.02716629021
-0.6096087098 -0.6374129653 -0.2193257064 -0.6098412275 -0.6258075237 -0.235383004
0.1405340731 -0.3679665923 0.3444547951 0.1105386019 -0.3392558098 0.3131912053
0.2908657789 -0.4061197042 -0.2148582041 0.3455295861 -0.3939396143 -0.1797803044
-0.2669867873 0.3207309544 -0.1355040818 -0.3079755008 0.2647568882 -0.08295369148
-0.1975721866 -0.03681936488 -0.7408640385 -0.1884230971 -0.01903837919 -0.7342234254
0.8725332618 -0.1115800664 -0.09439281374 0.8578817844 -0.1543758065 -0.05792054906
-0.612760365 0.03241144866 0.3092462122 -0.6733170152 -0.01117369998 0.2826893926
0.08040586114 0.8547644615 -0.03877701983 0.06713087112 0.8228417039 -0.04506437853
-0.5016767383 0.4080239534 0.1037986502 -0.4616375864 0.4564962983 0.02147052065
0.1093308404 0.3089282811 0.2161159217 0.1059606969 0.3501163125 0.1784446985
0.2470003217 0.3013972938 0.06085862592 0.2381289005 0.3047023118 -0.01102318987
0.4024423361 0.6208130121 0.01639660075 0.4238624871 0.5861821771 0.01124718972
-0.01156434044 0.1313881874 0.0979077965 -0.01275242958 0.1213992015 0.06855645031
-0.4066367447 0.2767799795 -0.07441163808 -0.3692286909 0.289526403 -0.1082085967
0.5192763805 0.1253433824 -0.4398127496 0.5529059768 0.1624311954 -0.4563552141
0.8918682337 -0.01830178685 0.2134554535 0.8934007287 -0.008161069825 0.1707154959
-0.06541464478 -0.7407568097 -0.2229009569 -0.06433933228 -0.7834448814 -0.267858088
-0.4633531272 -0.2365217656 -0.09225840867 -0.4717550874 -0.1550696045 -0.1655395031
-0.3990724683 0.6199418306 0.4987848699 -0.4001998901 0.6593484879 0.4533796906
0.06433445215 0.3126298487 0.6080377102 0.01802463084 0.3652358949 0.5244660974
-0.2867166698 -0.08803081512 -0.2313494682 -0.2665024996 -0.05899852142 -0.2239364982
-0.2961252332 0.2918974757 -0.2728164494 -0.3002797961 0.3057866991 -0.2628816962
0.3736123443 -0.4039602876 -0.03337205574 0.4289126992 -0.37868011 -0.01714031957
0.1787442714 -0.09161245823 -0.2799497843 0.1475117952 -0.07735045254 -0.312985301
0.1430050284 0.3677104414 0.8885299563 0.1286063045 0.3375248909 0.9449555278
0.3452089131 0.5079528689 -0.03511430323 0.3587324917 0.5236222744 -0.0290264301
-0.07517485321 -0.4487878382 0.274743855 -0.1093491018 -0.4489758015 0.3261077106
0.23353751 -0.3011578918 -0.1991591603 0.2493540943 -0.3116945028 -0.1872949004
-0.1005517542 0.07902361453 0.8011419177 -0.154092893 0.08430945128 0.7784830928
0.3079181314 -0.2828685939 -0.1031438857 0.2947021127 -0.3006420135 -0.1020867974
-0.01260820683 -0.3639841676 0.09998241067 -0.009723629802 -0.4231387079 0.07251884043
-0.4553305507 -0.2754576206 -0.4586369991 -0.4586769938 -0.2741065025 -0.400215596
-0.1279131174 -0.2447580695 -0.3171638548 -0.1740716994 -0.2553390861 -0.2850741148
-0.3649373055 0.2192661464 -0.2675355077 -0.3397785127 0.2226299942 -0.1751963049
-0.389416486 0.1380002648 -0.493742913 -0.345669806 0.1224144995 -0.4963460863
-0.320450753 0.1286434084 0.2908823788 -0.2888779044 0.1494483948 0.3610134125
0.4435982704 -0.1986027956 0.4425439835 0.4241214097 -0.1631415933 0.458794713
-0.5056243539 -0.06927029788 -0.0254841242 -0.4931876063 -0.09875653684 -0.02250001952
0.6892098188 -0.5636585951 0.1857406795 0.6516662836 -0.5504646897 0.2501291931
-0.150015071 0.05292859674 0.2332517356 -0.1499765068 0.02148563042 0.2641614079
-0.3745692372 -0.2079479992 -0.13106139 -0.3917734027 -0.295648098 -0.1134323031
-0.0572026968 0.2354568243 0.05653735995 -0.03823291138 0.2787063122 0.08131819218
0.3125762641 -0.1956626475 0.3115122914 0.2585910857 -0.2600106895 0.3474335074
-0.00300280517 -0.09618349373 0.3157078326 -0.004953769967 -0.1864449978 0.3860400915
-0.03115278482 -0.4215946496 -0.07598915696 -0.002640499966 -0.4447979033 -0.04603258148
-0.107742846 -0.200485304 0.1376721263 -0.06540173292 -0.2246364057 0.229391396
-0.07121251523 0.668774724 0.3169485629 -0.04934693128 0.6178048253 0.3219155967
0.6665353179 -0.05449670181 0.53163445 0.6588007212 -0.05977861956 0.5020707846
0.1172404885 -0.1977957487 0.1869818419 0.1120373979 -0.2164703012 0.2120264024
0.0603447184 0.09949763864 -0.6618125439 0.130042702 0.05196928978 -0.6711022854
-0.05374099687 -0.2040880024 0.008144224063 -0.09567812085 -0.2053523958 -0.006634070072
0.361256063 -0.1839523166 0.4532319009 0.3307580948 -0.1894942969 0.3806956112
-0.1914111972 -0.153503418 0.1227841973 -0.1869655997 -0.1664360017 0.1127742976
0.2265060693 -0.2230808288 -0.5769731998 0.2040182948 -0.1909509003 -0.5850089788
0.1960399151 -0.3327624202 0.01936573908 0.2392719984 -0.343128413 -0.03070653044
0.00853010267 0.3630533218 -0.1231384352 -0.02456049062 0.4005716145 -0.09850779176
-0.04888981208 0.7501776814 0.02745635062 -0.05894459039 0.7674484253 0.004431880079
-0.1336941123 0.08395986259 -0.5283727646 -0.1128533036 0.07242912799 -0.4724627137
0.171653688 0.08309519291 -0.3171786666 0.2307787985 0.0218879208 -0.3329623044
0.2028880566 0.1372222751 -0.2647179067 0.216573894 0.1296422035 -0.2179093063
0.2034793049 -0.09419571608 0.1777408868 0.181426093 -0.1027591005 0.1720159948
-0.06102427095 0.1905192435 0.0001065488905 -0.08995945752 0.2497650981 0.03078218922
0.6734309793 -0.1230987087 -0.005504762754 0.7194437981 -0.2038864046 0.02371294051
0.5152245164 0.02259394526 0.03668422252 0.5485044718 0.05144080892 0.06332211941
0.3957169056 -0.0165656209 -0.607426405 0.4090637863 -0.008413969539 -0.5251461267
-0.29075104 -0.1743123084 -0.04766647145 -0.3009285927 -0.1822400987 -0.01915046945
0.2627874315 0.7555432916 -0.251539588 0.2380015999 0.7573574781 -0.2073446959
-0.1242493838 -0.1035319418 -0.1689613312 -0.1019736007 -0.1179212034 -0.1849460006
0.1203372329 0.6830607057 -0.06257335097 0.1823022068 0.6282557845 -0.02683541924
-0.2853700817 0.3071321249 -0.4503151178 -0.2807849944 0.2620655894 -0.4268923104
0.7026257515 0.05398144573 -0.1682431549 0.7145738006 0.03029254079 -0.1919223964
-0.07875011861 -0.1337629706 0.2370630801 -0.1180102006 -0.1437828988 0.2477623969
0.2012722492 0.5257812142 -0.1451901048 0.2211222053 0.567974627 -0.1200228035
-0.1541084349 -0.2956417799 -0.004198417999 -0.1355001926 -0.3331043124 0.02044411004
0.2914950848 0.0192392543 0.1902784407 0.3419491947 -0.05781779066 0.186352402
0.1306627244 0.8135442734 0.3449826539 0.09561222047 0.7757712007 0.3020681143
-0.3449078798 -0.02718935162 -0.1074416935 -0.380895406 -0.07344391942 -0.1049707979
-0.07360477746 0.1864206493 0.004344691522 -0.08703842014 0.1679867059 0.0003567799868
-0.08102485538 -0.1545284092 -0.5765395164 -0.04219603166 -0.1685077995 -0.5386906266
-0.4562035799 -0.54651618 0.07543560863 -0.4863573015 -0.5289459229 0.09364745021
-0.9985659122 -0.4136669338 -0.3463073373 -1.05637002 -0.4049207866 -0.294424206
0.1146223322 0.1017772555 -0.1271631122 0.08519888669 0.1192073002 -0.1258780062
-0.8651633859 -0.01607113704 -0.469070375 -0.8761575222 -0.01449528988 -0.4035564959
-0.01879476756 -0.3647035956 -0.3100025654 -0.0185554903 -0.3904527128 -0.2949914932
0.1127235815 0.1194736511 0.1965357214 0.08865716308 0.1007777974 0.1952712983
0.08954519033 0.7236263156 0.2343201041 0.01407056022 0.6959475279 0.2333023995
0.01593347825 1.097080469 -0.2940813303 -0.005231460091 1.046007037 -0.2007233948
-0.3393881023 -0.7831783295 1.205360889 -0.3388327956 -0.7173066735 1.133183956
-0.09361442924 0.1942154765 0.2598626018 -0.07920982689 0.2315317988 0.2791047096
0.3676857054 -0.4228717983 0.6841221452 0.3565669954 -0.4765625 0.6785501242
0.1615756154 -0.4084254503 0.3103122413 0.1545355022 -0.4650265872 0.3278621137
-0.4032973945 0.4674441218 0.1003351361 -0.409812808 0.4951767027 0.08320537955
-0.3113742769 -0.2880570292 0.3021392226 -0.262142688 -0.2328771949 0.3194957078
-0.1913013607 -0.1160055622 -0.01076778956 -0.2256048024 -0.1693578959 0.01846734993
0.4985635579 -0.06399588287 0.1106120348 0.5053194761 -0.08916860074 0.06424281001
-0.3130324185 -0.419765234 0.5788686275 -0.2964940071 -0.4226382077 0.5516778231
-0.2800166309 -0.5023489594 0.8158361912 -0.3147036135 -0.5293859839 0.7934134007
0.03709949553 0.2520829439 -0.1274613887 0.05939178169 0.2592236996 -0.142859295
0.2493074387 0.05370858312 -0.06150204688 0.2789947093 0.05431713164 -0.0607409887
0.09299945086 0.1368896216 0.06720837206 0.1293119043 0.1063484997 0.06576099247
0.2460440695 0.5172606111 0.1023559272 0.2117787004 0.5013983846 0.08928930014
-0.4731898308 -0.1473920792 -0.06533001363 -0.4593554139 -0.08486323059 0.01173305977
-0.002807185054 0.769898355 0.1564008892 0.006278439891 0.7427152991 0.1831198037
-0.115874663 -0.08496484905 -0.1650086939 -0.1203437001 -0.1495932937 -0.1899286062
-0.02587643638 0.160405755 0.02023852617 -0.04129901901 0.1327243 -0.03755214065
-0.1289896071 -0.01660374179 -0.8293813467 -0.135828197 -0.00225886004 -0.831155777
0.05317693949 -0.01540142111 0.01906105503 0.01113263983 -0.01609572023 0.01180689037
0.05243280157 0.248800084 -0.1824690104 0.04087854177 0.271042496 -0.1841021031
0.1535485238 0.04067388549 -0.5171414614 0.1056279987 0.07197216153 -0.5903226137
0.2175033092 0.4228799939 0.2993244231 0.2017378956 0.4469349086 0.2820529044
0.07261899114 0.1342336684 -0.2724284828 0.0508117415 0.1034457982 -0.2524476945
-0.02242299914 0.1583250761 -0.2432256341 0.04689629003 0.1777366996 -0.2175600976
0.4185531139 0.1291958392 -0.2218615115 0.4132015109 0.1252434999 -0.2368997931
0.4348392189 -0.03428215533 -0.09231664985 0.4054535925 -0.02459901012 -0.1045719013
0.1050243005 0.07878068835 -0.1361465901 0.06187053025 0.01721408963 -0.09957636148
0.02571901307 0.487975806 -0.5009813309 0.05164796859 0.5000078082 -0.428425312
-0.2343093753 0.2346151024 0.03264733776 -0.2106866986 0.224712804 0.03878682107
0.01908183843 0.4292551577 -0.433493048 -0.003607159946 0.4361642003 -0.3993999064
-0.1711859852 -0.3826161623 0.1781777889 -0.2085990012 -0.3984211087 0.1429845989
-0.1080026925 -0.163374424 0.2993716002 -0.06412869692 -0.1412405074 0.3432391882
0.1805067062 -0.1729200333 0.009346766397 0.1956135929 -0.1522151977 0.01600378007
0.4577955902 0.02030214481 -0.05004705489 0.4710842967 0.1306935996 -0.02433932014
0.4531324804 0.14742513 0.2810954452 0.4245480895 0.1193372011 0.2894015908
-0.2883010209 -0.2485338151 -0.2094967514 -0.2982496023 -0.2541458905 -0.2629328966
0.2216812372 -0.1090615541 0.3755517006 0.2212958932 -0.1846074015 0.3818596005
-0.1895071566 -0.1634401679 -0.1397370845 -0.1672533005 -0.1672645956 -0.1215488017
0.128063634 -0.1228804812 -0.1137956381 0.1066728011 -0.1315180063 -0.1537465006
-0.09742059559 0.2983989418 -0.04309096932 -0.07098586112 0.3246569037 -0.00829983037
-0.1930024624 0.1807374507 -0.2781060636 -0.2236391008 0.1044801995 -0.3043158054
-0.0737214312 0.3254908621 -1.48524189 -0.07666996121 0.2799470127 -1.466539979
0.1293980479 0.1152790114 0.155630976 0.08642812073 0.1476421952 0.1844146997
-0.2683345377 -0.2240902781 0.1733514518 -0.2666083872 -0.2249743938 0.1687221974
-0.3668911457 0.0492041707 -0.1674783826 -0.4402959049 0.07435852289 -0.2048491985
0.07093784958 1.425291657 -0.07854744792 0.06924620271 1.434012055 -0.05447509885
-0.002180760726 -0.2638759017 0.2655920982 -0.04888923839 -0.2256489992 0.3086127937
-0.1629125625 -0.2970291078 -0.3145351708 -0.167119503 -0.2637925148 -0.2590641081
0.6368139982 -0.01473634597 0.1820877343 0.6637213826 0.003049310064 0.1707009971
0.03461167961 -0.5639511347 -0.1732543558 0.01563033089 -0.5687032938 -0.1561550051
0.06577964872 -0.2324671149 0.09313088655 0.08606991172 -0.2588579953 0.1326736957
-0.2062764764 -0.6755090356 0.3924727738 -0.2001821995 -0.6830316782 0.4369977117
-0.6852089763 0.0739935562 0.08216290921 -0.6809024215 0.0894696489 0.1121018976
-0.8109540939 -0.5670645237 0.08095306903 -0.796356976 -0.5419781208 0.1389099061
0.02943698503 -0.265170306 0.1439602077 -0.02212440036 -0.2181115001 0.1487312019
0.1007661447 -0.01298426464 -0.01701053977 0.07862046361 -0.02133131959 0.001396080013
-0.1256644577 0.2929691076 -0.2305745929 -0.1005660966 0.2414261997 -0.2145065963
0.1701661199 0.2846008837 -0.1360085458 0.1631367058 0.2451985031 -0.1205300987
-0.3249889612 0.2417948097 0.1289626211 -0.3306443095 0.2472776026 0.1733932048
-0.1155840755 0.2398691177 0.07562209666 -0.08474791795 0.1844747961 0.05536378175
0.2866006196 -0.01136940718 0.1342016608 0.2367745042 -0.0722284317 0.1643384993
0.01241989154 0.03469088674 -0.1910967678 0.04027733952 -0.0489071086 -0.09102363884
0.08012717962 -0.07584708929 0.03801756352 0.08148053288 -0.02753593028 0.1166011989
-0.3095135391 0.2750891745 -0.01098651439 -0.3104760051 0.2656084001 0.02076718956
-0.09123941511 0.1463851482 -0.02424391173 -0.1379429996 0.1885399967 -0.05314714834
0.261665225 0.1384220719 -0.2273426354 0.2495027035 0.1177598983 -0.250665307
0.3137073219 -0.1624180526 -0.162800923 0.368160814 -0.1605435014 -0.1116836965
0.1874106228 -0.565530479 0.2046080977 0.1661648005 -0.5587949753 0.1442237943
0.1730350554 0.2595686316 0.1653871536 0.185323894 0.2875803113 0.1491443068
-0.08785195649 -0.2405582815 0.3056135476 -0.05524101853 -0.2855693996 0.3400458992
1.044496417 0.09536747634 -1.318650842 1.075662971 0.08609472215 -1.295313954
-0.3030291796 0.3467321396 -0.08077849448 -0.3579002023 0.3668335974 -0.1411554962
-0.1335817426 0.3560675979 1.042963386 -0.1295603067 0.3723359108 1.090353012
-0.08963532746 -0.1757155955 -0.0002714172006 -0.08253049105 -0.1589404941 -0.0007375800051
0.7719964981 0.008679279126 0.1846936494 0.7979130149 0.05062568933 0.1439384073
-0.9066253901 0.4281453788 0.244372353 -0.991176188 0.3879809976 0.2902671993
0.3258440197 -0.7208821177 0.1324784011 0.2905021906 -0.7149901986 0.1222067028
-0.5593551397 0.3180468678 0.0345813483 -0.5632224083 0.3263790905 0.02701094002
0.009898805991 0.3498428762 -0.7727915645 0.03774216026 0.3418256044 -0.7285482883
-0.1216343194 -0.6382908225 -0.00359596312 -0.1876257956 -0.6782748103 -0.04695295915
0.8241015673 0.843832314 -0.05329421163 0.6455187798 0.8611214757 -0.07903389633
0.1171163544 0.4132285416 0.154138118 0.1113744006 0.498129487 0.1464889944
0.4366870224 -0.2323373854 0.1140881851 0.4722391963 -0.1942702979 0.1475093961
0.02924675122 -0.5487305522 0.8082393408 0.117405802 -0.5065538287 0.8227601051
0.0792914778 -0.01426885277 0.1503773481 0.09264732152 0.01035218034 0.1218625009
0.2338543087 -1.638625145 -0.1162725091 0.2031095028 -1.597183943 -0.1672115028
-0.567092061 -0.9013215899 0.3282355666 -0.5244933963 -0.8591791987 0.3163285851
-1.078591824 -0.2760991454 -0.1774133891 -1.126363993 -0.3575227857 -0.2021590024
0.1907822788 0.2092503011 -0.1274209619 0.1687079072 0.2661347091 -0.1272609979
-0.2339632958 -0.15874888 -0.2420947552 -0.2685275972 -0.1298841983 -0.2571963966
-0.3367108703 0.0366282016 0.09276352823 -0.372399807 0.05036490038 0.07642237842
-0.8294115663 -0.02748501673 0.4336140156 -0.8269169927 -0.00166193 0.3850829005
-0.0253501609 -0.5471951962 -0.4610020518 -0.03927905858 -0.5292630196 -0.4369300008
-0.4260362089 -0.1540859193 0.2531478107 -0.4150126874 -0.1583317071 0.2577852011
1.065348387 -0.7013494968 -0.5470243692 1.035853028 -0.8423330784 -0.6405372024
-0.7254747748 0.1661592573 0.6392580867 -0.7358734012 0.1943417042 0.6385294795
0.2184632421 -0.5033432245 -1.248585224 0.2615466118 -0.4020824134 -1.248353004
0.9479773641 0.2716509402 0.3223348856 0.9819375277 0.2945330143 0.2831212878
0.3116970658 -0.02752264962 -0.04742173105 0.3816733062 -0.07082004845 -0.1391049027
-0.6892521381 0.6658852696 -0.1931525171 -0.7138230205 0.6974602938 -0.1216396019
0.5007325411 0.01000109129 -0.180070281 0.5311874747 -0.01163780969 -0.1719897985
-0.2624364495 -0.1265476793 0.5623326898 -0.1686650068 -0.1193293035 0.6736983061
-0.1512215734 -0.05085474998 -0.05198012665 -0.09082013369 -0.005205039866 -0.03758658096
1.094526291 0.6603498459 0.1334853619 1.153462052 0.6919491291 0.1822067052
-0.407578826 0.1912206262 -0.05411385372 -0.4580222964 0.2482054979 -0.03344883025
0.3057940602 -0.1642795801 -0.5938836336 0.3466503918 -0.08212635666 -0.6129776835
0.08177606016 0.4040502906 -0.09716318548 0.06661742181 0.4810670018 -0.04245207831
-0.4924483597 0.1812864095 1.149931312 -0.3472605944 0.1818190962 1.25108397
0.4903391004 0.9875081778 0.2939406633 0.6104680896 1.05567205 0.405736506
-0.3080915213 -0.04677885398 0.2266748399 -0.2860619128 -0.05385014042 0.2195573002
0.4003202319 0.4204717577 -0.5176264048 0.4107548892 0.3621580005 -0.5084673166
-0.03461264074 0.1406606734 0.4931384921 0.04841974005 0.1629302949 0.4860377908
0.01020985469 0.4983479381 -0.7703641653 0.1062522009 0.494353801 -0.8011208773
0.3691123724 0.1536085308 0.1361984313 0.4234063923 0.2026284933 0.1041907966
-0.004042668268 -0.5332661271 -0.5593214631 0.01927815937 -0.5757833123 -0.4692200124
0.2973683476 0.1408228576 0.2296566963 0.3272024095 0.2115838975 0.1483772993
-0.4845279753 0.2194052786 0.03354342282 -0.5128896832 0.1534333974 0.0524032712
-0.7495683432 -0.5383128524 0.3103384972 -0.7058265209 -0.6019973159 0.305757314
-0.08832225204 -1.197314262 0.2021498084 -0.05546044931 -1.153131008 0.2687116861
-0.8297716975 -0.5765490532 -0.3125376999 -0.7903280854 -0.5983614922 -0.3121773899
-0.9170307517 0.3213947713 -0.4951168597 -0.8502591252 0.3519760966 -0.4585160017
-0.04681319371 0.08334527165 0.01268240809 -0.004385219887 0.08166632056 0.05878869817
0.3886618614 0.1140187085 0.8246617317 0.3443669081 0.1203380972 0.7865592837
0.3262435794 0.5224696994 -0.8830976486 0.3079948127 0.6336336136 -0.887940228
-0.1521953344 -0.5526382327 0.3824189603 -0.07658067346 -0.556121707 0.3658758104
-0.3897864223 -0.5848887563 -0.2800810039 -0.240853101 -0.5621842146 -0.2459930032
-0.05210926756 0.1003571674 -0.3558044732 -0.1639572978 0.2529946864 -0.4020133018
-1.052341819 -0.3739880919 -0.3858425021 -0.9496359825 -0.327375412 -0.3527272046
-0.64298141 -0.9137539864 0.9098955989 -0.6254256964 -0.7621247768 0.8840283155
0.1910109967 0.2177370489 0.9015151858 0.1821826994 0.2414759994 0.9567801952
-0.4947578311 -0.6673832536 -0.1075587273 -0.5572978854 -0.4724115133 -0.1109433994
0.4149098098 0.4315645099 -0.3677664995 0.4369741976 0.4557684958 -0.3187479079
0.09628143907 -0.05170252547 -1.348123074 0.1082732975 -0.04862105101 -1.386235952
0.1445251852 -0.09568631649 0.8207532763 0.07502473891 -0.08204270154 0.8407899141
0.1300632805 -1.010966659 -0.600461781 0.1881508976 -0.9995185733 -0.5843210816
0.2482682168 0.5970789194 -0.2896208465 0.2330325991 0.5756366849 -0.3113307953
0.3261687756 -0.04479570314 -0.3444899023 0.3043735921 -0.09894668311 -0.3330956101
0.122302115 -0.1277831942 0.4853329957 0.1305184066 -0.220023796 0.5183739066
0.754165709 -0.01831506565 -0.2952577472 0.7647215128 -0.01146696974 -0.2945662141
-2.47172904 0.4248757362 -0.07345435768 -2.470108032 0.4356940985 -0.1090565026
0.3362166286 -0.05656446517 0.0371170193 0.3146697879 -0.0393891409 -0.02812693082
0.2046378851 -0.262958616 0.5651878715 0.2583414018 -0.2282896042 0.533364296
0.07417912781 0.03237016499 0.4848138392 0.02788455971 0.04718418047 0.4436202943
-0.2614669204 0.05663450435 -0.02188363113 -0.4092564881 0.007708049845 0.01862893999
-0.7029539943 -0.2553333938 -0.2986364663 -0.6866480708 -0.2667436004 -0.3381279111
-0.3097735047 0.01831270196 -0.302982986 -0.3123345077 -0.0133958403 -0.3441464901
-0.2661289573 0.2349925786 0.06562805176 -0.3222747147 0.2760320008 0.0653558597
0.4164560139 -0.7889972925 0.2676917315 0.4202986956 -0.7153965235 0.2319003046
0.3141487837 0.1246391162 -0.1012432501 0.3048011959 0.2332364023 -0.1283740997
-0.7216212153 -0.7591762543 -0.1510826945 -0.652535677 -0.7197126746 -0.1557237953
-0.5948925614 0.375472039 0.5134413838 -0.6404393911 0.3267801106 0.5252357125
0.09219446778 1.102926612 0.2257260084 -0.04056866094 1.171869993 0.1937645972
0.1517519355 -0.1404857934 -0.03014570661 0.1491374969 -0.2089617997 -0.01451359037
-0.4582235813 0.3034944832 -0.7025908828 -0.4338901043 0.3143072128 -0.662086606
0.7183777094 -0.9891321659 0.3241572082 0.6649705768 -0.9366583228 0.3781760037
0.4910360277 -0.151951775 -0.1618681103 0.5671442747 -0.1197040975 -0.1261969954
0.1873043478 -0.1725193113 -1.458287716 0.1698995978 -0.1291666031 -1.426537991
0.2760558724 0.1012187004 -0.1808040589 0.3420267105 0.1532215029 -0.1435109973
-0.06364085525 -0.1247090697 0.1585249901 -0.07367216051 -0.04862331972 0.2833749056
0.4110637307 0.4902945459 -0.07640884817 0.3955951035 0.4104515016 -0.1421997994
-0.08818435669 -0.812270999 -0.2344543934 -0.04503909871 -0.8559944034 -0.2813380957
-0.1181521118 1.261242747 0.2944088876 -0.1128768995 1.326460958 0.2363478988
-0.4030927122 0.6225274801 0.2597806156 -0.4198439121 0.5499398708 0.2387766987
-0.651651144 -0.1651376635 1.520617366 -0.6356574893 -0.185284093 1.493404031
0.5290434361 0.6892662048 -0.02200504206 0.5277432203 0.5677806735 -0.02365810052
0.2555373907 0.7290884256 -0.5752987862 0.2593748868 0.741535306 -0.5413411856
-0.1495975256 0.3536190987 -0.7673321366 -0.1684585065 0.3010027111 -0.8079782724
0.1626936346 0.3282955587 -0.2163771689 0.1577492058 0.2810105979 -0.156803593
-0.7161183953 0.4678616226 0.02442264557 -0.6937912107 0.4492152035 0.01889456995
0.1145998687 0.4729167819 -0.1222097054 0.1770002991 0.4515207112 -0.1004951969
-0.2915309668 -0.7697732449 0.2632197142 -0.2957791984 -0.793368578 0.202363804
0.0257938318 0.1300975531 -0.1657603383 0.07628176361 0.1334459931 -0.2345044017
0.4523858428 0.06980658323 -0.3368657827 0.3914493024 0.1083595008 -0.353233099
0.1273856759 -0.4913964868 0.007790189236 0.1277287006 -0.5990386009 0.02698466927
-0.06652121246 0.4131136537 -0.07542997599 -0.1394892931 0.3510712981 -0.04033771902
0.3669797778 -0.01777132973 0.2689668238 0.3653733134 0.01573883928 0.2191566974
0.06728424877 -0.03037855774 -0.3937910497 -0.03701115027 -0.03954004124 -0.3827036917
-0.2902172804 -0.003229888156 0.003125344403 -0.2955571115 0.01413128991 0.1284513026
-0.06600251049 0.6219613552 0.1981904209 -0.1067020968 0.6047236919 0.1339856982
0.1889598519 -0.1624592692 0.4406496584 0.235404104 -0.1290948987 0.4608438909
-0.5100136399 -0.256391108 0.6740521193 -0.5085334182 -0.3473618925 0.6470460296
0.3095319867 0.7776921391 -0.1979042888 0.2923251092 0.7740824223 -0.2097081989
0.2281961143 -0.02549836971 -0.3223278821 0.2609593868 -0.01294420008 -0.328623414
0.5318982005 -0.020569738 0.4285507798 0.5985019803 0.07427602261 0.4730023146
0.797880888 -1.498605967 -0.112992093 0.7192584872 -1.476824045 -0.1237696037
-0.2805014849 -0.995292902 0.004749985412 -0.3104667068 -1.017667055 -0.001521499944
0.3193289042 -0.1166758388 -0.3103705943 0.3090828061 -0.1582356989 -0.3210943043
1.64431107 -0.1129152626 0.5213360786 1.61828196 -0.1820565015 0.552095294
-0.4644083083 0.2410508394 -0.2587889731 -0.4998467863 0.2312916964 -0.2672465146
-0.3441627324 0.4890415668 0.4369355738 -0.3947888911 0.4187828898 0.4115954041
-0.3338798285 0.0449655354 -0.8742953539 -0.3082661033 0.01909957081 -0.8833292723
-0.1464300156 0.2495523095 -0.4397980273 -0.1694030017 0.2998988032 -0.518612504
-0.2689867318 -0.1674769223 1.715959787 -0.2399432957 -0.1795513034 1.630902052
0.8069846034 -0.6775841117 -0.1168602481 0.7649313807 -0.6494101882 -0.09807471186
0.2833071053 -0.04264584184 0.4092550278 0.2431073934 -0.03703321144 0.4494996071
0.03767254949 0.1080703288 -0.304166764 0.05612016097 0.08684626967 -0.1908778995
-1.467176437 0.3027539253 -0.1450260431 -1.519444942 0.2373640984 -0.1004676968
0.4389969409 0.07780558616 0.2169508487 0.5662698746 0.1071021035 0.2642548978
0.00858005695 -0.4983172119 0.2219957709 0.02153109014 -0.4933190048 0.2217836976
-0.04246796295 -0.1058858633 0.2112436891 -0.1021433026 -0.09472727776 0.2025244981
-0.61694628 -0.3349627256 0.3341937661 -0.6494737864 -0.3396981955 0.2976942062
-0.04881936684 0.003412300255 1.609335661 -0.02852269076 -0.0199277401 1.59426403
0.2369918823 -0.6572525501 -0.5113989711 0.2730188072 -0.6881161928 -0.5719848275
-0.1772948354 -0.313813895 0.5077343583 -0.1923716962 -0.3411029875 0.4484604895
0.1428134888 -0.02941679209 0.3247740269 0.1643020064 -0.03298829123 0.3287590146
0.1060140058 -0.09675721824 -0.6674506664 0.1619973034 -0.09551612288 -0.6845735908
-0.1753949225 0.2541334629 -0.3353092968 -0.0270790495 0.185045898 -0.2993155122
-0.4983237386 -0.0862223357 -0.0009048236534 -0.4824815989 -0.1608972996 0.01793850027
0.4991028011 -0.1173861325 -0.3616537154 0.5251995921 -0.0609273687 -0.3971832097
-0.9124920368 0.3209772408 0.1790273488 -0.9824810028 0.3216378093 0.1012613028
0.4726291299 1.599645019 -0.3498969376 0.442418009 1.609012008 -0.3724853992
-0.6290450096 1.210496068 -0.2415509224 -0.5445021987 1.220283031 -0.2329405993
-0.1225258633 -0.3905411065 -0.408118546 -0.2015554011 -0.3987520933 -0.3729380071
0.649874866 -0.3394152522 0.07780494541 0.7186002731 -0.3076632023 0.09873723239
0.06904756278 -0.09187918156 -0.1821285486 0.1513051987 -0.08794040978 -0.1038141027
0.7412489653 -0.2598698437 -0.4536887407 0.7692872882 -0.2522259951 -0.341730088
0.06119337678 0.5320504904 0.0346865356 0.1019612998 0.4421873987 0.1119591966
0.0008386163972 -0.1528585255 -1.769568801 -0.08397007734 -0.1372500062 -1.758841991
0.4064010382 0.02677166276 0.1982656866 0.4441443086 0.008392839693 0.2334206998
-0.2648379803 0.1100765467 -0.8532758951 -0.3088316023 0.1345382929 -0.9282650948
-0.2007665932 0.2800650895 -0.04564904422 -0.2096475959 0.2083698064 -0.09858290106
0.2064063847 -0.1073170304 0.07052221894 0.2290446013 -0.09896265715 0.1754592061
-0.0937486887 -0.3306165934 -1.110471964 -0.1649648994 -0.3039543927 -1.157258987
-0.2389707565 0.2866378427 0.2119137049 -0.2018723041 0.334754914 0.2024748027
-0.2694877386 -0.08074117452 0.2117882669 -0.3092567027 -0.089262411 0.3237239122
0.3944213688 0.4037138522 0.02263915166 0.3935427964 0.3739599884 0.04298391938
0.2801572382 0.05786063522 0.3066965044 0.2312293053 -0.006441600155 0.3392345905
0.3921989202 -0.05654292181 1.231047273 0.3617214859 -0.09484791756 1.254910946
-0.115193218 0.05156619102 -0.3391035199 -0.1463705003 0.1000566036 -0.3427118957
-0.7139357328 -0.4334972799 0.2470595837 -0.8177167177 -0.5121977925 0.2832916975
0.5159289837 -0.2453499883 0.3022592366 0.5946974158 -0.2031515986 0.2509107888
-0.4192398787 0.2216019034 0.2220581472 -0.4403060079 0.2242261022 0.1861823946
-0.1295861602 0.06950759143 -0.2525911629 -0.1537066996 0.02276482061 -0.338201493
-0.04107610509 -0.1637918055 -0.1053194404 -0.05369666964 -0.1780896932 -0.1144502982
-0.2931694686 -0.5176582932 0.08480291814 -0.2859874964 -0.5456296802 0.06203678995
-0.2154255509 -0.3480291665 0.4318907261 -0.1616670936 -0.3718285859 0.455668211
-0.08617638797 1.200624108 0.4163715541 -0.08700642735 1.139799953 0.4619826972
0.05304523557 0.3197522163 0.1679641902 0.0133750597 0.2560408115 0.1895886958
0.4246192873 -0.9384936094 -0.05629499629 0.3031663001 -0.957465589 -0.1174663976
-0.3776700795 0.5971857309 -0.07073063403 -0.3340863883 0.5911989808 -0.04605307057
0.2894770801 -0.4044023156 0.09869409353 0.2479351014 -0.4801847041 0.09918929636
0.1123050228 -0.8372679353 -0.1023712009 0.07356771827 -0.8143687844 -0.0102159204
0.9258134365 -0.1774381995 -0.1543746293 0.962100625 -0.1480550021 -0.0813337937
0.09868294001 0.4560898542 -0.2553800941 0.07250349224 0.4279732108 -0.294374913
-0.85864079 -0.7675334215 -0.1543827504 -0.9141923189 -0.838876009 -0.1006229967
-0.09762240946 0.5614020824 -0.4170854092 -0.05777712166 0.6233206987 -0.3534635901
0.6009427309 0.06574434042 -0.1997801065 0.5755677819 0.07689751685 -0.2033149004
0.1404131204 0.425029546 0.09151721746 0.05861084163 0.3784596026 0.09094110876
-0.01298046112 -0.05830420181 -0.01631121337 -0.04751018062 -0.1122926027 0.03922884911
0.3122465611 0.09159405529 1.073926091 0.2334228009 0.1118493974 1.063215017
0.2983782291 -0.173809588 -0.01647598483 0.2894360125 -0.1758453995 -0.02790630981
-0.1537150443 0.1287362128 0.1396695077 -0.1953272969 -0.01224077959 0.1349233985
0.2276418358 -0.8115345836 0.604403913 0.231014505 -0.8135256171 0.5845208764
-0.2172549069 -0.7249541283 -0.4084740579 -0.2472501993 -0.6904370785 -0.404886812
0.3419830799 0.1414119452 -0.5230516195 0.4393857121 0.1420650035 -0.5758500099
-0.2608071864 0.919875443 -0.4245671034 -0.3017452061 0.8116418719 -0.380081594
-0.3619183302 1.127872109 0.03004088625 -0.3603779972 1.079409957 -0.04553962871
0.1121525317 -0.2089665681 -0.7660816908 0.1247130036 -0.1764184982 -0.8744745851
-0.4128884673 0.130238533 0.257453382 -0.4132012129 0.08013194054 0.1229029
0.1670000851 -0.2052011192 -0.2736446857 0.09639760852 -0.282764405 -0.2877635062
0.02443918586 0.1107250452 -0.03469864652 -0.03485698998 0.08674068004 -0.06225879118
-0.6384535432 0.8109185696 -0.4592173398 -0.6697375774 0.8163694143 -0.4766424894
0.4282460809 0.4477788806 0.1741985828 0.3638832867 0.4170024097 0.1774359047
0.2192920744 0.05627643317 1.544910192 0.2172674984 0.1447979957 1.558684945
0.0798612535 1.464544058 0.4607389569 0.1280951053 1.410233021 0.3399981856
0.06464635581 -0.6987810135 1.026554465 0.08520513028 -0.6660298109 1.01008606
-1.117030382 -0.1538007557 0.7775582671 -1.085142016 -0.172380805 0.7885454893
-0.0781372115 0.2104605734 -0.2767031193 -0.1318075955 0.2858844101 -0.230411306
-0.4311295748 -0.1375313252 -0.4477964044 -0.4953253865 -0.1531822979 -0.5003898144
2.6360991 0.2863962054 0.03764240816 2.640048981 0.2573218048 0.03303924948
0.4380677342 -0.5031676292 -0.4247350097 0.4207465053 -0.5329529047 -0.3678810894
0.1276075393 0.5953990817 -0.1431203634 0.09300404787 0.5719907284 -0.1774072945
0.05091200024 -0.409902662 -0.3970864117 0.04344426841 -0.3271673918 -0.361025393
0.3990896344 -0.02387172729 0.2226558477 0.5068187714 -0.05897757038 0.1127116978
0.7090445161 0.2142130882 -0.3244715631 0.6464394927 0.1900690943 -0.3122966886
0.8966710567 0.6579002738 0.2494282722 0.7519714832 0.6518719792 0.3216911852
0.1752057076 0.497469902 0.02785306238 0.2351714969 0.4527604878 0.144519493
0.2185212076 0.002081491984 0.0599751845 0.3353368938 -0.1309067011 0.08409365267
-0.3331253231 0.5492141247 -0.9653999805 -0.3649086952 0.5397769213 -1.000691056
0.09525029361 0.1510587186 -0.3522704244 -0.01060708985 0.09812197834 -0.4457542002
0.3805847764 0.1930558532 -0.04148519784 0.2452249974 0.1725275964 -0.06820224226
-0.6668260694 0.2718713582 0.002968745306 -0.6633312106 0.2790654898 -0.05544634908
0.9753084779 -0.1187698692 -0.3973014057 0.8875542283 -0.112873897 -0.4243969917
0.469683677 -0.03075584769 0.3109726906 0.5073313117 -0.01413899008 0.2624211907
-1.057614207 0.1239065602 -0.3590977192 -1.024685025 0.05527709052 -0.3495084047
0.1267727315 0.5497263074 -0.3330795765 0.133533895 0.596329987 -0.3067015111
-0.04807328433 0.1168565527 0.2090785652 -0.04737067968 0.1006217971 0.1497689933
0.06182353199 0.1703170836 1.042608857 0.04917750135 0.2189031988 1.015476942
-0.3938072622 -0.04249556363 0.05078333989 -0.3863135874 -0.1231892034 0.04786520824
0.1434218138 -0.1622597277 0.4131242335 0.1793891937 -0.1170663014 0.4203090072
0.7849700451 0.03407625481 -0.4712918401 0.7599260211 0.1059674993 -0.402443409
-0.1624988616 -1.429711223 -0.1712285727 -0.1172090992 -1.508160949 -0.06899329275
0.1966229677 -1.012755752 -0.1709124148 0.1824984998 -1.004717946 -0.1478770971
0.6236034036 0.04793613404 0.2400563508 0.7143434882 0.08190561086 0.1069198027
-0.1497046351 0.3547881544 0.3600583375 -0.1012390032 0.3328103125 0.3505940139
0.08231061697 -0.4891532958 0.2571199536 0.05580890924 -0.4652869105 0.2681845129
-0.01003029756 -0.04044636711 1.126781464 -0.006722489838 0.008413749747 1.096310973
0.03653402254 -0.351170361 0.3193652332 -0.0281294398 -0.3763101995 0.3393903077
-0.6865267158 -0.02275005728 0.2959720194 -0.5741335154 -0.05128486827 0.3792715967
0.5435909033 -0.6391730905 -0.02203170769 0.558588326 -0.6063724756 -0.1204079986
0.1741077155 0.3561750352 0.2011831403 0.1139419004 0.4184499085 0.170083195
0.2091889977 -0.1903123856 0.2225363255 0.2576098144 -0.2309218049 0.238262102
-0.3344900608 -0.01203895733 -0.3103531599 -0.2560904026 -0.02571086027 -0.2820248902
-0.1787362844 0.1055692956 0.1527186781 -0.2279419005 0.1270896941 0.1673495024
-1.533256888 -0.01531167328 -0.1153166369 -1.534172058 -0.00706891017 -0.1750072986
-0.01527145226 0.6723688245 -0.1016577557 -0.03226843849 0.710360229 -0.08272732049
-0.144259125 0.5562107563 -0.2316267192 -0.1554290056 0.486277312 -0.1378161013
-0.351518929 0.06508760154 0.3296967149 -0.400793314 0.02477498911 0.3791291118
0.6660179496 -0.361325413 -0.05409915745 0.6691178083 -0.4346154034 -0.1843339056
0.1024874523 0.4190928042 0.3243785799 0.1851451993 0.4636475146 0.3569546044
-0.8780341148 -0.1442611963 -0.1729435921 -0.9113432169 -0.08402051032 -0.135292694
-0.3728378713 -0.4985910356 -0.511613071 -0.4145799875 -0.413805306 -0.4618797898
-0.7074896097 0.4861390889 0.1122965738 -0.7345038056 0.4787518084 0.2047894001
-1.108888507 -0.2102365196 -1.717845321 -0.9937384725 -0.2549143136 -1.805084944
-0.570060432 -0.2908958197 0.2679334581 -0.5814213157 -0.241308704 0.2267969996
0.05006861687 -0.3680458963 -0.05427925289 0.08662894368 -0.2818174958 -0.003208910115
0.4343940616 0.1600992084 0.3390890956 0.5195177794 0.1084439978 0.3842487037
0.1347460896 -0.3496196866 -0.3388862014 0.144591406 -0.2779425979 -0.3629339933
1.497997522 0.07046783715 0.296313554 1.529764056 0.1280363053 0.1851972938
0.1312628984 -0.3384717405 0.1797505021 0.197428599 -0.3692704141 0.1424392015
-0.1744934171 -0.02788962238 -0.1534758359 -0.1802666038 0.01895819046 -0.1923153996
0.008150555193 -0.02823770791 -0.06920817494 0.02152569033 -0.07231889665 -0.1249976978
-0.1484490037 -0.3859140873 0.4366698563 -0.149849996 -0.3372654915 0.4529229105
-0.1235440671 -0.1302550286 0.2876382768 -0.1446473002 -0.1249506995 0.2958359122
0.326944232 -0.4168287516 -0.1577685773 0.3566530943 -0.3579449058 -0.1943598986
0.1127343997 0.3313444853 -0.1640333086 0.1211094037 0.3045881093 -0.1419499964
-0.727950871 0.205177784 0.4066690207 -0.7177839279 0.1850904971 0.418148905
0.3092709184 0.3072224855 0.1652109772 0.2997434139 0.3131499887 0.1361204982
-0.2435601503 -0.1149359345 0.00635888055 -0.1916843057 -0.100614801 -0.02766893059
-0.1700336784 -0.01722167805 -0.1168983951 -0.125644207 -0.03638248891 -0.100431703
0.1120886058 0.273445636 -0.02368510514 0.1166708991 0.3327127099 0.06905586272
-0.313046068 0.5618591309 -0.3351565003 -0.2279656976 0.5863072872 -0.3476100862
0.01325328369 -0.1926071197 0.01314127352 0.07096316665 -0.2251041979 0.05446358025
-0.1195344925 0.02872090042 0.1767100096 -0.1228132993 -0.003416060004 0.1666648984
0.2627062798 0.07361029834 -0.1719851941 0.3185920119 0.1195589006 -0.1926358044
0.09426991642 0.1901564896 -0.2527872324 0.1606004983 0.2203353941 -0.2317284942
-0.01387740672 0.004852707498 -0.1393540204 0.05428541079 -0.01609488949 -0.1367595047
-0.002162562683 0.2209869921 -0.3377383649 -0.01238560956 0.2006458044 -0.2672049105
0.0637806654 0.06182263047 -0.03489344567 0.05522457883 -0.0003705999989 -0.05879890919
0.4885122478 -0.09097146988 -0.1853953302 0.53501302 -0.125190407 -0.2163857073
0.06380673498 -0.2705807984 0.7600382566 0.08689913154 -0.3156948984 0.6829211712
-0.3512172997 0.0671678558 -0.08634200692 -0.3782970011 0.04982266948 -0.06646881253
-0.170828104 0.0301791355 -0.4912847877 -0.1378698945 0.005682849791 -0.4873715043
-0.3777711689 0.1177203655 0.1054338664 -0.3716149032 0.07963272184 0.07286691666
-0.1210302711 -0.2533074021 0.1921943724 -0.0859163776 -0.2944163978 0.122087203
-0.214647755 0.5998097658 -0.3051671684 -0.1841928959 0.5978050828 -0.2710421979
0.3345095217 -0.002009877935 -0.3197057545 0.3596484959 -0.03529898077 -0.2847881019
0.226098597 -0.3791571259 -0.3918077052 0.212530598 -0.3975346982 -0.4515771866
-0.1940013915 0.1586962044 0.3462499678 -0.1774543971 0.1837238967 0.3314509094
0.6588184834 -0.2017120123 -0.03487138078 0.6813992858 -0.2120459974 -0.05427836999
0.1000898033 0.3320095539 0.3636492193 0.1159299016 0.3191849887 0.4049122036
-0.182234779 0.1963042617 0.05977233872 -0.1735481024 0.2307589948 0.0800524205
0.4590638876 -0.06871143728 -0.2345275879 0.4179089069 -0.1142287999 -0.2510828972
-0.07707832009 0.4467991292 -0.3315828145 -0.1359165013 0.4438709021 -0.4389520884
-0.1900453568 -0.008008853532 0.2193123102 -0.1493275017 -0.04457153007 0.2458429039
0.656717062 -0.1214095354 -0.3220415711 0.7128850818 -0.128866896 -0.3321652114
-0.008972577751 0.1381778121 -0.05225890502 -0.02096012048 0.1368656009 -0.005568599794
-0.1464160979 -0.5378531218 -0.03073393181 -0.1292479932 -0.5138437152 -0.03117799945
0.2236308157 -0.2266801745 0.09950329363 0.2025471032 -0.1651781052 0.08913957328
0.2342931032 0.420070827 -0.1265305132 0.2504386008 0.3763622046 -0.08550307155
0.3197724819 -0.1851882935 0.1357747614 0.3613525033 -0.2046864927 0.1936099976
-0.3315625787 0.5299494863 0.2582854927 -0.2673887908 0.4780228138 0.2616455853
0.7050504088 0.129938975 -0.447024554 0.6984134912 0.1199323982 -0.4590047896
-0.2011678964 -0.4863660038 -0.2849588096 -0.1901644021 -0.5262454748 -0.2925690114
-0.2538772821 -0.002830618061 -0.007057093084 -0.1929537058 -0.01451474987 -0.02275869064
0.09514057636 -0.281383872 0.1156158224 0.1374489069 -0.3433459103 0.1264874935
0.08511006832 0.2998883724 -0.5148094893 0.05836099014 0.2391061038 -0.4811247885
0.1613794714 0.6902698874 -0.8665475845 0.1474135965 0.6909502149 -0.9469767213
-0.4203219116 0.1526784897 0.5128530264 -0.4457960129 0.1181520969 0.4899390042
-0.1610548794 0.8204601407 -0.09472441673 -0.1705085933 0.8392075896 -0.08310004324
0.2302204072 0.07053793222 0.001315560192 0.2432705015 0.09313280135 0.09440428764
-0.2318493873 0.626980722 0.3868835568 -0.2438790947 0.596904695 0.4075914919
0.06093274057 0.1366497725 0.2391492128 0.03123922087 0.05035921931 0.2626743913
-1.038034201 -0.2579254806 -0.4899000525 -1.039654016 -0.3046022058 -0.4723831117
-0.05203865469 -0.08688788861 0.5191874504 -0.07563488185 -0.05314090103 0.5395848155
-0.2164455801 0.04268743098 -0.1907104552 -0.2153183073 0.0157306809 -0.156348899
-0.3148127198 0.3626694083 0.07858597487 -0.3497475982 0.3103348017 0.07506349683
-0.3446105123 -1.106601596 0.1144317985 -0.3861499131 -1.141911983 0.05381603166
0.1201333925 -0.006605111063 -0.08168094605 0.1391392052 0.02770392969 -0.07011328638
0.002056866884 0.5818334818 0.6597081423 0.04694088921 0.548114419 0.6709182858
0.2354168445 -0.2219180912 -0.09635941684 0.3023043871 -0.2690489888 -0.02763166092
-0.6549014449 -0.4806045592 0.196601674 -0.6812152267 -0.545039773 0.2028836012
-0.03598454222 -0.3156679273 0.5811455846 -0.09025157243 -0.2885408998 0.5470724106
-0.1088038832 0.08316205442 0.2099005878 -0.1507285982 0.09816083312 0.1528566927
-0.382907033 -0.2873471677 -0.0314457193 -0.3908100128 -0.2471757978 -0.05446353927
1.12123847 -0.6035959125 0.1798422486 1.109817982 -0.5875334144 0.1808476001
-0.757011652 -0.01149919815 0.2147452533 -0.7216538787 -0.007695499808 0.1759729981
0.1529255211 0.07071807981 0.03363435715 0.1228194982 0.06871774048 -0.005432830192
0.1846373379 -0.1182164773 -0.6979594827 0.1881576926 -0.1313658059 -0.6709669232
-0.5047921538 0.0715598017 -0.4498739243 -0.4646607041 -0.03876293823 -0.4376541078
-0.2203529179 -0.5851067305 0.3302311301 -0.1520702988 -0.6688951254 0.3604846895
-0.02388918959 -0.2314679623 0.01288665924 -0.08532722294 -0.2679347992 0.0160741806
0.2029626071 1.302857518 -0.2933672965 0.2190102935 1.269006014 -0.3134680092
0.723374486 -0.05987282097 -0.001226585358 0.6706632972 -0.1295527965 0.001401199959
-0.3306468725 -0.2583324611 0.006825050339 -0.3164219856 -0.2252881974 -0.01373055018
0.1538143456 0.3289508224 0.282431066 0.1569675058 0.3545557857 0.3021990061
-0.3278859258 0.04535375535 -0.1038223431 -0.3603805006 0.002086790046 -0.08414912224
-0.04916040227 -0.332865864 -0.2313676476 -0.07723066956 -0.3540163934 -0.2168433964
-0.2158238441 0.8468697667 0.06018580869 -0.185366407 0.8039383292 0.0731144771
-0.01419185009 -0.3383659124 0.3285526037 -0.02118724957 -0.3226206005 0.3536086082
-0.2874553204 -0.06502038985 0.2001000494 -0.287974 -0.1052851975 0.2358144969
-0.340092659 0.02796831727 -0.074048087 -0.3828316927 -0.0320375599 -0.007855819538
-0.2289295793 -0.02824008092 -0.8553457856 -0.1675857008 -0.07464790344 -0.8753290176
-0.6996183991 0.8786048889 0.04869170487 -0.7225906849 0.8756361008 0.1356284022
0.02815130726 -0.4050505161 -0.04595725611 0.0431002602 -0.4168966115 -0.02286819927
0.2880137265 -0.1662425399 0.6144541502 0.2846538126 -0.1945127994 0.6032180786
-0.1743921787 0.1907694489 0.3106629252 -0.2019256055 0.2234649956 0.2379305959
0.6125929952 -0.3205887675 -0.2202799469 0.6253138781 -0.3106899858 -0.2543323934
0.2920486033 0.1816568673 0.2811512053 0.2620863914 0.2051703036 0.2735300958
-0.2505058646 0.1260879934 -0.6104447842 -0.237095803 0.06306192279 -0.5863127112
0.6621710658 -0.004249569029 0.05062142387 0.6771476865 -0.05483971909 0.04453326017
-0.3603371382 0.1434850842 0.4241654873 -0.3665666878 0.1091469973 0.408942312
-0.2800764143 0.1632106453 0.3415421247 -0.2751643956 0.1370065063 0.3024699092
-0.4643449485 0.143176496 -0.6416082382 -0.4407668114 0.1023610979 -0.6826984882
-0.02159741521 -0.1164072454 -0.08791639656 -0.03967767954 -0.178285107 -0.1105912998
-0.08860731125 -0.9068495631 -0.1061174423 -0.04989000037 -0.9417113066 -0.1130838022
0.1502916962 -0.3705215752 0.4184270799 0.06793838739 -0.3743230999 0.446639806
0.1332190037 -0.8305532932 -0.3148884773 0.1351660043 -0.8942235112 -0.2983987927
-0.259019345 0.007600758225 0.2562723458 -0.2797881067 -0.06152518094 0.2915917933
0.2254322767 -0.01163929701 -0.1609129906 0.30617401 -0.01018381957 -0.1539071053
-0.1272443235 -0.2370060831 0.150736019 -0.1568088979 -0.2665629089 0.1808634996
-0.2181200683 -0.4511496723 0.001367423683 -0.2523317933 -0.4563646913 0.04706846923
0.4809087515 0.3219564259 -0.7167537212 0.5022128224 0.336473912 -0.7194824815
0.2750199139 -0.1040069759 -0.1937519312 0.2746174037 -0.07087139785 -0.1946129054
0.1666916311 0.1776262224 0.7840579748 0.177809 0.1776303053 0.8351730108
0.2346489727 0.4952915609 -0.3090837002 0.2635864913 0.4148384035 -0.2653254867
-0.01567187905 0.01593062654 -0.2178842425 -0.02999342047 -0.001114389976 -0.2290055007
-0.06547942758 0.05621180683 0.158485651 -0.04314577952 0.1429589987 0.1305996031
-0.4641760588 0.2279026061 0.1385636479 -0.4101142883 0.2429616004 0.1677403003
-0.09586759657 0.1372985393 0.3162480593 -0.05449739844 0.08218868822 0.366740495
-0.08588708192 0.3946549892 -0.4217772484 -0.05853587016 0.3545005918 -0.3917768002
0.2153423131 -0.06432829797 0.8620481491 0.2434840947 -0.08158966154 0.8862426281
0.4352187514 0.3685557246 -0.2200115174 0.4729621112 0.3567529023 -0.1648706943
0.1292378604 0.1398201883 -0.1263804287 0.1244890988 0.1124090999 -0.08906360716
0.3972948492 -0.2406375259 -0.3518125117 0.3775283098 -0.2703328133 -0.4076625109
0.1601873487 0.02385978401 0.6357216835 0.2012808025 0.01098555978 0.6622670293
-0.2534057796 -0.1117679179 0.6130452752 -0.1979593039 -0.1856690049 0.601012826
0.3335753679 0.1627840996 0.07550105453 0.3616743982 0.1125226989 0.1043163016
-0.08225730807 0.1772565395 -0.1435659677 -0.1021666974 0.06434296072 -0.1434736997
-0.01861519925 0.03930870071 -0.1713021994 0.0008367000264 0.03847695142 -0.1796517074
0.007793129887 -0.1842284352 0.3434611261 0.03402550891 -0.1994231939 0.3222487867
-0.1212120578 -0.7583761215 0.1065866873 -0.1515130997 -0.7548012137 0.1229870021
0.4060514271 -0.1963770688 0.09086655825 0.415042311 -0.2431021929 0.1366450936
-0.6558337212 -0.1248080432 0.01741155609 -0.6499462128 -0.1426472068 -0.01158871036
0.04882776737 0.2020741403 0.5118435025 0.02884615958 0.2109691948 0.5493928194
-0.2810412645 -0.07637686282 0.2095289379 -0.3315503895 -0.0512319915 0.1960836053
0.007301138714 0.07766905427 0.3412123621 0.06400431693 0.06197163835 0.3836795092
0.07687325031 -0.2045941204 0.09316911548 0.01516846009 -0.2033171058 0.08523946255
0.6420838833 -0.1749963313 0.0464708358 0.6120535731 -0.1324799955 0.0839298293
-0.01708340459 -0.1589285582 -0.8727264404 -0.04258960858 -0.1707644016 -0.9249454737
-0.8444277048 -0.3515339792 0.04186406359 -0.8228526115 -0.3653936088 0.07627286017
0.1000448465 -0.1321169734 -0.3142592013 0.1211548001 -0.09646198153 -0.2670970857
-0.001013414469 -0.03625077009 0.3298766315 -0.0164303109 -0.09065379202 0.4077059031
-0.1214715838 -0.002672061324 0.5267468095 -0.100041002 -0.02585013025 0.4801025987
-0.0585482344 -0.05597668886 -0.1578819305 -0.03309151158 0.02365434915 -0.1647973955
-0.04501908645 0.2771347165 -0.03212094679 -0.09562247992 0.3500446081 0.03343382105
0.3200039864 -0.06068130583 -0.9297202229 0.3221150935 -0.05970954895 -0.9066166282
-0.1166663021 -0.1584673077 0.2053126395 -0.1460095942 -0.1631949991 0.1621387005
-0.008252067491 0.07908847183 0.2387916744 -0.06215377897 0.04793028906 0.1697881967
-0.4219828248 0.162115261 -0.2744701803 -0.4405393898 0.1912744939 -0.2542999089
-0.04434712976 0.4217177331 -0.1240486205 -0.1004531011 0.4316304922 -0.1119533032
0.1615924984 -0.8834647536 -0.5561059713 0.08119627088 -0.8811594248 -0.6379795074
0.02564389072 0.1331807822 0.5801568627 -0.02100203931 0.1783318073 0.5811105967
-0.1949190497 0.5575245619 -0.1179911643 -0.2081554979 0.5390458107 -0.1640433073
-0.115360789 0.1718670577 -0.1522620171 -0.1232623979 0.1906307936 -0.1329610944
-0.4049096107 0.03224810213 0.08292083442 -0.4526245892 0.01465856005 0.07138305902
0.2802776396 0.1290434599 -0.05169456452 0.2620793879 0.1327617019 -0.06768003851
-0.274414897 0.4662607908 -0.1982576698 -0.2553015947 0.4396164119 -0.2467105985
0.2974153161 -0.2342423052 0.1811395437 0.2968910038 -0.1926214993 0.1562851071
-0.3807475567 -0.09512215853 0.0451335907 -0.3841404021 -0.1006167978 0.04861697927
-0.1757349074 0.4961575866 0.4140379429 -0.1510781944 0.5735499263 0.4135552943
0.5594480038 0.2377253622 -0.3128327429 0.5899450183 0.2203150988 -0.254442513
-0.195937857 -0.2531410158 -0.2434280217 -0.2350621969 -0.2282617986 -0.2514992058
0.4086830616 0.05941469967 0.1521858573 0.4247654974 0.0586771816 0.197498098
-0.01869058982 -0.28611359 0.1963814199 0.006911039818 -0.2756145 0.2388875932
-0.3805869818 -0.193836391 0.1763997972 -0.3669370115 -0.2158492059 0.1849824041
0.4254793525 0.1128920913 -0.4030032158 0.3941893876 0.1419917941 -0.3915820122
0.5112382174 0.02335985564 0.1215961725 0.5214427114 0.02825083025 0.1249132007
-0.5122382641 -0.09070935845 0.4684430957 -0.4955160916 -0.08963830769 0.4851266146
-0.1911390722 -0.1426519006 -0.1186754256 -0.200978905 -0.09351850301 -0.06870783865
-0.2047967017 -0.1682462245 -0.09427990019 -0.2027563006 -0.1302271038 -0.1010003015
0.08365099132 -0.3292652369 -0.1993606985 0.05976321176 -0.3412240148 -0.2265020013
0.2803707123 -0.1343011111 -0.1412633061 0.2723922133 -0.1418687999 -0.1786029935
-0.1101932675 0.4042518437 0.5759266615 -0.1301193982 0.4087406099 0.6056144238
-0.1064800471 0.165581435 -0.08145037293 -0.1266272068 0.2018339932 -0.04368133098
-0.7394984365 0.2564165592 0.2187673599 -0.7429668903 0.2213205993 0.2000640929
0.0003129690886 -0.1684951037 0.2162760198 -0.05461784825 -0.1798752993 0.2198165059
-0.01985983923 -0.1280632168 -0.1855102777 -0.1035906002 -0.1347848028 -0.2173842937
-0.6818981171 0.06621267647 -0.2512718439 -0.6945983171 0.02664476074 -0.2295466959
-0.09511603415 -0.5578305721 0.2471311539 -0.1165724993 -0.5405827761 0.262113899
-0.408506304 -0.007178023923 -0.2053375095 -0.4405196011 0.01235701982 -0.1653490961
-0.3284512758 -0.1654365212 0.04331611469 -0.3686855137 -0.1542679965 0.02943572029
0.1941708624 -0.2319852412 0.03313546255 0.2182078958 -0.2426913977 0.03518480062
0.6398448348 0.02590711415 0.715841949 0.6282659769 0.02991477959 0.7456226945
0.4605014622 -0.4218146801 -0.1502133906 0.4713734984 -0.3489992023 -0.131250307
-0.1081416309 -0.06017555296 0.4331639409 -0.1211196035 -0.04653009027 0.4495962858
-0.6175383925 -0.127292484 0.2704572678 -0.6351802945 -0.1082962975 0.2437863052
-0.3408413529 -1.507339716 0.1621973962 -0.3255111873 -1.444517016 0.1805721968
0.2573110759 -0.5011523366 -0.1467644721 0.2529025078 -0.4280967116 -0.1581413001
0.139088884 -0.6672570705 0.6121302843 0.06050226092 -0.6561769843 0.636623919
0.1352562904 -0.3001023233 -0.1645251215 0.1127673015 -0.3162338138 -0.2003158927
-0.3164527118 -0.6740816832 0.2624106109 -0.3372336924 -0.6398140788 0.2298181057
-0.1100430489 0.05644426122 -0.2344097793 -0.07254444063 0.09881488979 -0.2742598057
0.3054444492 0.2126442641 0.3037652373 0.3577992916 0.2892343998 0.3142243922
0.03581926227 0.05547489971 0.05086665601 0.01367183961 0.02501833066 0.07875469327
-0.2578591704 -0.3757966757 0.4470527172 -0.2600500882 -0.336045295 0.4403614104
-0.3790253401 -0.3101401627 -0.00465875864 -0.4005537927 -0.2988749146 -0.03311675042
0.1813276857 0.07650022209 0.3164785504 0.229825303 0.1049282998 0.2689616084
0.153140679 0.4298407137 -0.4889608026 0.1456321031 0.3942995965 -0.4727858901
-0.2610564828 -0.04484556615 -0.4607730806 -0.2967397869 -0.001009459957 -0.5043128133
-0.118087858 0.1003065407 0.07170072198 -0.1344877928 0.1290923059 0.004461110104
-1.003668427 0.09886576235 -0.2712464929 -0.9867429733 0.07819954306 -0.27947101
0.09130115807 0.2189459056 -0.3421941102 0.08301115036 0.2115945965 -0.333556205
-0.1624297798 0.4588204026 -0.2220264822 -0.1766798943 0.448810488 -0.2083498985
-0.5684069991 -0.03700267896 0.01318962127 -0.5776293874 -0.003047789913 0.007280219812
0.1044937447 -0.06407117844 -0.003373593092 0.08342667669 -0.04907206818 0.01035923045
-0.07257225364 0.1024848446 0.2092330158 -0.1401789933 0.1475919038 0.2043357044
0.3134233356 -0.0912373513 0.1281261295 0.2963112891 -0.09222254902 0.2177179009
0.3173758686 -0.2190795839 -0.05887912214 0.3056454062 -0.1750817001 -0.03783180937
0.3602628112 -0.4356116354 -0.1013053209 0.3492124081 -0.4180260003 -0.06276640296
0.7340168953 0.0006514322013 -0.06617352366 0.7210329175 -0.006432559807 -0.115359202
0.338928014 0.03743768856 -0.8092964888 0.3887380064 0.04184551165 -0.8111457229
0.1245328337 -0.1274649501 -0.5258522034 0.1420287937 -0.09912426025 -0.5342174172
-0.09985530376 0.305415988 0.352686286 -0.09630458802 0.3718912899 0.3676607013
-0.009808321483 -0.4153131247 -0.7514532804 -0.02973210067 -0.3859373927 -0.7641037107
-0.02835821733 0.1086397693 0.3398934007 -0.03598000854 0.1059812009 0.3021006882
0.4644910991 -0.1084091514 -0.0418840684 0.4601936936 -0.08667699993 -0.06083545089
0.2146208286 0.06188485026 -0.09469038248 0.2359772027 0.0451429002 -0.0749078393
0.6286125779 0.3185676634 0.2911211848 0.626249373 0.3532729149 0.2763979137
0.008322924376 0.03488127887 -0.07366043329 0.03168303892 0.06807707995 -0.1178729013
0.5842666626 0.04717544466 0.07829652727 0.5634043217 0.09959773719 0.0305121094
-0.02136652544 0.3057650924 0.07449238747 0.02236757986 0.3336788118 0.02119515091
0.4448688328 0.7167909145 0.3709461689 0.4598169923 0.7515761256 0.3244274855
-0.08793839812 -0.7824270725 0.1582086235 -0.09315790981 -0.7720003724 0.1795853972
-0.07151228189 0.05326951295 0.1882542968 -0.1389015019 0.0778324604 0.1897602975
0.1273694187 0.09445291013 -0.2116732448 0.097439982 0.09436441958 -0.2491153926
0.1465638429 0.98380059 -0.2247327566 0.1673996001 0.9463800192 -0.1687245965
-0.003856852651 0.1251005977 -0.125759244 -0.02234357037 0.0982363224 -0.07802338153
-0.1643842012 0.003883734345 -0.3749757707 -0.1421461999 0.009101769887 -0.387164712
0.3208875954 0.5583987236 0.720009923 0.3523021936 0.5984457731 0.745980382
-0.2238745689 0.5262656808 -0.0897693783 -0.2125283033 0.6127387285 -0.115401499
0.4540556371 0.01014649868 -0.1809199452 0.468534708 0.1200271025 -0.2014199048
0.1606116444 0.1117458269 0.1360414177 0.2106963992 0.1840384007 0.1211925969
0.02365296334 -0.2480564564 -0.08510882407 0.003716409905 -0.2060472071 -0.04142263159
0.2496646196 -0.01556579024 0.3131859899 0.2962506115 -0.03698341176 0.3359875083
0.1210677698 0.5270701051 0.2668029368 0.06586267799 0.5075985193 0.2786225975
0.007903378457 0.2654776275 -0.2551549375 0.06528065354 0.2590050995 -0.2582804859
0.2352577746 -0.05855937302 -0.09300123155 0.2841469944 -0.04921147972 -0.1361299008
-0.1348840743 -0.06487999856 -0.5414444208 -0.159602806 -0.04419153184 -0.5597659945
0.6504836679 0.1046619862 -0.122061193 0.5847808123 0.1633961946 -0.1306135058
-0.06811591238 -0.4478791654 -0.6625539064 -0.08438894898 -0.4084815979 -0.6736834049
0.2063312232 0.1493709683 -0.01273699943 0.2005088031 0.1824917942 -0.04457620904
-0.3134623468 -0.2156183571 -0.08613843471 -0.2738266885 -0.2115570009 -0.1318064928
0.3457057178 -0.336948365 0.4827006757 0.3135730922 -0.3606052101 0.4838629067
-0.3120244741 0.3540771902 0.007865861058 -0.2982065082 0.3251968026 0.01453031041
-0.1352191865 -0.1318865716 -0.3899808228 -0.1503024995 -0.08739390224 -0.4178850949
0.2745016813 0.3229170144 -0.109902367 0.3071404099 0.3132637143 -0.06465791166
0.2579174042 -0.2106293887 0.2950980067 0.2144419998 -0.2233279943 0.3328168988
0.5002419353 0.08469508588 -0.3159763515 0.5085142851 0.09219261259 -0.3272917867
-0.0544479005 0.02080006897 -0.1171981692 -0.04148538038 0.06919050217 -0.1715205014
-0.5842131376 -0.4445430636 -0.1339010149 -0.5997977853 -0.3904103041 -0.1397777051
-0.0191514194 -0.3246344924 -0.5727519393 -0.01116221026 -0.2840037942 -0.5824952722
-0.06390638649 0.390006125 -0.05693202466 -0.1071434021 0.4433254898 -0.1134366989
-0.3675359488 0.1334153116 0.06185884774 -0.3949452043 0.09595970809 0.03285944089
0.2478477955 -0.1016639471 0.3271592855 0.2747806013 -0.04491354898 0.3349182904
0.03537936881 0.798827827 0.2316256613 -0.03507845104 0.8432626724 0.2324779034
0.2462645173 0.5955101848 -0.1243944317 0.2088591009 0.6284273267 -0.1783968955
0.231560722 -0.162045449 0.07508905977 0.2255418003 -0.07843729854 0.03986673057
0.1291417927 0.2052225322 0.07629331201 0.09370789677 0.33249861 0.04604116827
-0.08766974509 0.2678506076 -0.5431322455 -0.08726047724 0.237965107 -0.5407754779
0.264716059 -0.5324609876 -0.2734938264 0.2906349897 -0.5383480787 -0.2803739011
0.2116247416 -0.7750589848 0.09288262576 0.2199198008 -0.7924355268 0.0978750363
-0.1014503241 0.4806714356 0.6146584749 -0.06433737278 0.3946886063 0.5958796144
0.09613788128 -0.5445313454 -0.1125281453 0.1091198027 -0.545833528 -0.09490189701
-0.02766626701 -0.1001871973 -0.05311839655 -0.02348740958 -0.1167889982 -0.09735821187
0.1670684069 0.1393052489 -0.1234597489 0.2257681042 0.1106353998 -0.1477967054
-0.2211960703 0.01724215038 -0.2436490357 -0.238230601 0.02901872993 -0.2437438965
0.3674696386 -0.05786588416 -0.1851879358 0.4258576035 -0.02217656001 -0.1831368953
0.04253591597 -0.3085403144 -0.2516675591 0.08912523836 -0.3093596101 -0.2324234992
0.01584233157 -0.6593442559 -0.2134285867 -0.02457085066 -0.6977561116 -0.2478778958
-0.2711545527 0.01020482928 0.3493493795 -0.2811855078 -0.02814107947 0.3524576128
0.1302784383 0.0688123852 0.9272553921 0.08726291358 0.04770722985 0.9044777155
-0.3003210723 0.136058405 0.2372034192 -0.3050659001 0.1418606937 0.2543942928
-0.1694269478 -0.037897937 -0.1706629694 -0.1881525964 -0.07978071272 -0.1511328965
-0.4193632305 -0.6787921786 -0.9666332603 -0.473369211 -0.700658083 -0.951585114
0.04349239543 0.3711432219 0.04640693963 0.03410302848 0.3872987032 0.02840955928
-0.1271118522 -0.07561445981 -0.4362533689 -0.1340799034 -0.05717362091 -0.4683527052
-0.7303899527 0.123935096 0.324834168 -0.7871351242 0.1280799955 0.2995407879
0.4146127105 -0.09354157001 -0.08041955531 0.3905754983 -0.1160044 -0.08460429311
-0.3011625111 -0.5570845604 -0.4358142316 -0.2972503901 -0.5531634092 -0.493431896
0.2928736806 -0.3333291709 0.3395300508 0.2974317968 -0.318010509 0.2796688974
-0.1361167282 -0.164409861 0.4644942582 -0.1339472979 -0.1524353027 0.4316956103
-0.1413090229 0.007444295101 0.2623892426 -0.1417693049 0.03607938066 0.2144460976
-0.6465086341 -0.4845283628 0.2804332674 -0.7098010778 -0.5069180727 0.266158998
-0.4461943209 -0.2276319861 0.2234321982 -0.4807873964 -0.2423287034 0.1871003062
-0.107583262 -0.120054923 0.9043534994 -0.08063738048 -0.1074189022 0.8849759102
0.0148858428 -0.6837795973 0.1091834232 0.01587101072 -0.6691843867 0.09687516838
-0.001984059811 -0.2103696764 0.1671039313 0.00975514017 -0.1886930019 0.1937655956
-0.3252207041 -0.07150675356 -0.1078627408 -0.3226611018 -0.05663727969 -0.1374254972
-0.05554284155 0.9663544297 -0.1458102912 -0.03335528821 0.9616854191 -0.1327223927
-0.2272671312 0.1523864418 -0.0156126041 -0.2421095967 0.1510414928 0.02599347942
-0.003712911159 0.1218435019 0.2565513849 0.01344554964 0.1556145996 0.2570340931
0.02546794899 0.002878262196 0.3859369159 0.0302504003 0.0286064297 0.4178496897
1.378825545 -0.5037177205 0.4500492215 1.359588027 -0.530978322 0.4688236117
0.09420681 -0.3172380924 0.02357390709 0.06525521725 -0.3246704936 0.05275724828
-0.3822578192 0.2297389358 0.003180809785 -0.4244937003 0.2550391853 0.02972947061
0.4357772768 0.042335812 -0.3746961355 0.4339289069 0.07839619368 -0.3906934857
-0.2223429084 0.3110231161 0.1387804896 -0.2817870975 0.3721905053 0.2025046051
0.206107676 -0.2680656314 0.02964178845 0.1941214055 -0.2782537043 0.06221050024
-0.1000296399 -0.03295402974 -0.2664850056 -0.1502790004 -0.0299070999 -0.2956663072
-0.8771084547 0.702912569 -0.2330200076 -0.8910130858 0.6904405951 -0.2435646951
-0.00404978171 0.4043624103 -0.3817021549 -0.01906077005 0.4339559078 -0.4004741013
0.02700633928 0.00189904077 -0.3842094541 -0.001103030052 0.03186862171 -0.3635107875
0.02166524157 -0.1560374051 -0.176682651 -0.01896389946 -0.1473218948 -0.1436854005
0.2688281536 -0.4038556218 0.03550487012 0.3051061928 -0.4126395881 0.04588520899
0.7718018293 0.6211414337 0.3429618776 0.7422577143 0.5970606804 0.3632251918
0.1344489306 0.2504090965 -0.1087875888 0.1596384943 0.2529393137 -0.1341173947
-0.7646329403 0.1181923449 0.0848249048 -0.7499251962 0.1108533964 0.0741244629
0.07209134847 -0.3853056431 -0.1204141751 0.02828098089 -0.4031049907 -0.09430009872
-0.03491396457 -0.1144277453 -0.01863105223 -0.0271226503 -0.1507350951 -0.06031909958
0.3929392993 -0.5356444716 0.07976652682 0.4460025132 -0.5112860203 0.1079491004
0.16463691 0.0007900729543 0.4607107937 0.1703964025 0.01775933988 0.5001006722
0.5878079534 0.2683654428 0.2998475432 0.6158459783 0.2891496122 0.3022269905
-0.07335372269 0.2200044692 0.1605959237 -0.09325093776 0.191248104 0.1775514036
0.2014081329 -0.08349906653 0.03691056371 0.2103822976 -0.06904263794 0.06001092866
0.2315803766 0.4279346764 0.726559341 0.2552556992 0.4388386905 0.7210630774
0.4213430882 -0.1274104267 -0.1714526713 0.4707731009 -0.08437623084 -0.1522531956
-0.04689009115 0.892198205 0.1330249161 -0.04644753039 0.9259893894 0.1915261
0.288387984 -0.3969897926 -0.09521862864 0.2867794037 -0.3852762878 -0.05481836945
0.03198346123 -0.09185248613 0.1391394734 0.01245869044 -0.05335941166 0.1374384016
-0.07229009271 0.3189377785 0.4003807902 -0.02855383977 0.3246687949 0.4177182913
0.04406243563 -0.0180439055 0.2500581741 0.03287509084 0.03051437065 0.2542313933
-0.2322458178 -0.5494878292 0.2272966802 -0.296833694 -0.5264768004 0.2371869981
0.01237874199 -0.04385581613 -0.06517294049 -0.02001599036 -0.05531658977 -0.01819344051
0.1224413291 0.6727800965 0.05373679847 0.1192696989 0.6461756229 0.06116817892
-0.185373649 0.2151753306 0.07284961641 -0.1600143015 0.2231215984 0.08303803951
-0.1814130694 0.4206990302 -0.7358105779 -0.1444724053 0.3992648125 -0.7117627263
-0.5135050416 0.1093543172 0.6056233048 -0.5222561955 0.09660273045 0.6252006888
-0.2219811082 0.4401640892 -0.4526261389 -0.2350195944 0.4928291142 -0.4413430095
1.234733939 -0.05871303752 -0.4924363196 1.311429024 -0.07416050881 -0.5329899788
-0.06553588063 -0.05002260953 -0.1498498023 0.005925809965 -0.01327227987 -0.1846521944
0.03836902231 0.233170867 -0.154023245 0.03452876955 0.2568796873 -0.1447152048
-0.09353024513 0.6837302446 -0.2083970308 -0.09240388125 0.7007365227 -0.2410632968
-0.3559763432 0.1409053653 -0.3351344764 -0.3288821876 0.1420571059 -0.3359434009
-0.4714921415 -0.2966521382 0.2307038158 -0.4831516147 -0.2953729928 0.2428313941
-0.04507554322 0.2318100184 -0.2652585804 -0.03789208084 0.2770507038 -0.2431824058
0.8694493771 -0.5122019649 -0.07478484511 0.8920195103 -0.5039592981 -0.05546545982
-0.04906089976 0.09776308388 0.1481783688 -0.02756218985 0.1043829024 0.2009769976
-0.283519417 -0.3956941962 0.6952911615 -0.2808285058 -0.41688779 0.7461313009
-0.009852489457 -0.2587882578 0.04581806064 0.04529041052 -0.2396135032 0.02445887029
-0.1233456954 -0.6464753747 0.5543310046 -0.07823509723 -0.5975630283 0.5953651071
0.7716819644 -0.1300907135 -0.448092103 0.7874137163 -0.1145417988 -0.4230315983
-0.4284728467 -0.3246450722 1.314539194 -0.4016338885 -0.3293879926 1.307500005
0.3353456557 -0.01451678388 0.04052422196 0.3302716911 0.006288310047 0.04825538024
-0.1128195673 -0.06724871695 -0.5058712959 -0.08085505664 -0.08809716254 -0.5107488036
-0.1102836207 -0.04099819437 0.2660314739 -0.1018955037 -0.03728364035 0.2912755013
0.02375915088 -0.5406101346 -0.311448276 0.03007104993 -0.5416374207 -0.2818444073
0.09425967932 -0.3056381345 0.5073394775 0.08952151984 -0.299651593 0.5188884139
-0.5129942894 0.7155000567 -0.1121386737 -0.5290300846 0.6836071014 -0.1621326059
-0.1168997884 -0.2750014067 0.1744338572 -0.05321276933 -0.309061408 0.1371631026
-0.2378613502 0.1308017075 0.0711319223 -0.2055974007 0.1901341975 0.05889692158
-0.1728451699 -0.1491550356 -0.1467374414 -0.2130122036 -0.1005221009 -0.1345760971
-0.7622392178 0.2720716894 0.5223623514 -0.776527524 0.3278816938 0.5122656822
0.2942329347 -0.04952525347 0.5645866394 0.2982327044 -0.04487938061 0.5446134806
-0.02423579618 -0.1155417487 -0.2247550786 -0.03162892908 -0.1611970961 -0.2815132141
0.3622842431 0.3783392906 -0.002110786736 0.3674873114 0.4007951021 0.003289570101
0.1713247448 0.2632583082 0.3480741382 0.1421598047 0.3024663031 0.3845042884
-0.1103917882 0.1011106223 -0.03462413698 -0.1147710979 0.1086943969 -0.04958448932
0.6804175973 -0.03982774541 -0.9522063136 0.7680748105 -0.0487367399 -0.9939777851
-0.1325908452 0.03866467625 -0.6065327525 -0.1504795998 0.04879685119 -0.6233571172
0.1650986373 0.7717316151 0.2845475078 0.159265101 0.7464609146 0.2809126079
-0.1493541747 -0.1134595945 -0.3836079538 -0.1816726029 -0.08081439137 -0.3961890042
0.3957213461 0.9840859771 -0.9489884973 0.3651438951 0.9639754295 -0.9440370798
-0.2553087175 0.3520334661 0.02789203636 -0.2862348855 0.351402998 0.005126200151
0.6707659364 0.1271003783 0.07717785239 0.7085515857 0.09158516675 0.08584974706
-0.1567975283 0.4780523777 0.163951844 -0.09941411763 0.487313211 0.1490737051
0.09144920111 -0.1329627335 -0.1846392751 0.113222003 -0.1507205963 -0.2030137032
0.117110461 0.465905875 -0.2042499781 0.1160257012 0.434799999 -0.2020345926
0.1856552958 0.1368317604 -0.1907135993 0.1872102022 0.1381289959 -0.181388393
0.1338023841 0.2502206862 0.1088170409 0.1164008006 0.2324849963 0.07303372771
-0.224268347 0.2728911042 -0.1405089498 -0.1964167058 0.2526383102 -0.128171593
-0.3906752169 -0.1190936863 0.03598805517 -0.4098530114 -0.1171059981 0.01997412927
0.1430741102 0.1748204976 -0.3481072187 0.0921940431 0.1754539013 -0.3830649853
0.03811471164 -0.4741565585 0.6421399713 0.02252900042 -0.4632152915 0.6175901294
-0.07029032707 -0.3523997366 -0.5876492858 -0.08680568635 -0.401689887 -0.666557312
0.05981534719 -0.2404225618 0.1095655188 0.02927478962 -0.2131181955 0.1001724005
0.3258008063 0.393283695 -0.3702578843 0.330232203 0.4012511075 -0.4046432972
-0.04872680455 -0.3407923877 0.1057930961 -0.03557100892 -0.3580687046 0.09809634089
0.03610151634 0.9579299688 -0.4997792542 -0.009288799949 0.9241563082 -0.5178598762
0.3041808605 -0.1628431529 -0.3076843917 0.2731227875 -0.1606182009 -0.3072631955
0.1140826121 -0.4170900583 -0.01962768286 0.1200909019 -0.3869216144 -0.05282703042
0.04333760962 -0.2343276441 -0.1587106586 0.03906575963 -0.2425642014 -0.1367481053
-0.09178661555 0.1112623215 0.04295584559 -0.08648630232 0.1294634044 -0.009188519791
0.05109566823 0.1078928262 -0.03470175713 0.01851945929 0.07796573639 -0.04205992073
-0.0764279142 -0.1675630361 0.03578235209 -0.0567085892 -0.1604295969 0.04285265878
0.05535807461 0.1166104749 0.04245875776 0.06010365114 0.1055641025 0.08545594662
0.01384612639 0.3453799486 0.1148427054 0.02511565946 0.3367925882 0.1311043054
-0.4356845915 -0.1840562224 -0.3215848804 -0.4146857858 -0.2372680008 -0.3131245077
0.3578199446 0.1682661772 0.1749640405 0.3292931914 0.2157575935 0.2177346945
-0.0618718937 -0.135635972 -0.114017196 -0.08816038817 -0.1217520982 -0.1441217959
0.08566251397 0.07457818091 0.5736599565 0.05047344044 0.1322737932 0.5594978929
-0.1472600847 -0.04089839756 0.3766263723 -0.1788603961 -0.00666206982 0.3557874858
0.2403737903 -0.34371382 -0.123682417 0.2639755011 -0.2874257863 -0.1257312
-0.4692292809 -0.03292203322 0.1166673973 -0.4756675959 -0.03511308134 0.1066787988
0.0658185333 0.1570201218 0.237005204 0.05239541829 0.1870867014 0.2467978001
-0.1406973749 -0.1004001349 0.01876091585 -0.1499914974 -0.08832866699 0.02705750987
-0.4734931588 0.01734736934 0.2067082971 -0.4816184938 0.01660468988 0.1963804066
-0.1921623945 0.5348432064 -0.01609448344 -0.1566317976 0.5293179154 0.03474482894
-0.404220283 -0.07529693842 -0.5686596632 -0.4009211063 -0.091945149 -0.559401989
-0.4459740818 0.1139177382 -0.06776452065 -0.4565230012 0.1367138028 -0.0397003293
0.1122892275 0.001919028815 0.1489896923 0.147170499 0.08468493074 0.2014276981
0.4446673393 0.3885052502 0.1366362125 0.4643124044 0.3752489984 0.1270797998
0.09165613353 -0.4425246716 0.3190414608 0.1290106028 -0.4604677856 0.283408612
0.152461797 0.1907372624 0.2414420843 0.1818861961 0.2162458003 0.2345602065
-0.0290278513 0.4110365212 0.4374929965 0.008410530165 0.4142952859 0.4332323968
0.2492547184 -0.1770869941 0.8477707505 0.2186307013 -0.1619963944 0.8262022138
-0.196319595 0.3657520115 0.0809686631 -0.1886831969 0.3344480991 0.1146218032
0.08412013948 0.3809717894 0.07581503689 0.09403292835 0.3862732053 0.08785551786
0.2103323787 -0.4273356795 -0.4160769284 0.2254630029 -0.4598473907 -0.4195283055
-0.003189757466 0.4595529139 -0.2004601955 -0.001232650015 0.4857720137 -0.2066282928
0.07615216076 -0.5656200051 -0.3181061447 0.0895004198 -0.5299267769 -0.3006925881
0.05060529709 0.2868305743 -0.1047690734 0.03460815176 0.2847965062 -0.1112492979
-0.01149543561 0.6986658573 -0.4945670962 0.01206781995 0.7386413217 -0.5152645111
0.5196994543 0.2533741891 -0.1295458972 0.5454816818 0.3030070066 -0.1375152022
-1.276010036 0.2376715541 0.08697958291 -1.25049305 0.2518767118 0.1167005971
-0.06040456891 0.2290412188 -0.203032881 -0.08412375301 0.2430357039 -0.1918282956
0.3473859131 -0.05340170488 -0.06475121528 0.3392316997 -0.04324097931 -0.07047984004
0.07067071646 0.1145395711 -0.01365574263 0.07255142182 0.1011217982 -0.02013468929
-0.2871816158 -0.1808609813 -0.3301507533 -0.3180514872 -0.1797643006 -0.3489176929
0.006996162236 -0.490208447 -0.04250697419 0.0003166900133 -0.4693607092 -0.03757445142
-0.07162342966 0.4421303272 -0.2641929984 -0.1255832016 0.4679737985 -0.2438095957
-0.00420711562 0.07482126355 -1.02738297 0.04927115887 0.07910121977 -1.031880021
-0.1609873325 0.0235361997 -0.6131542921 -0.2048058063 -0.001324119978 -0.6121348143
0.3524188995 0.2874251008 0.2338649631 0.3524051905 0.3060073853 0.2056042999
0.2425448298 0.2325510085 -0.09375795722 0.280120492 0.241861701 -0.09525264055
0.4925002158 0.4523397684 -0.04952268302 0.4905684888 0.4747625887 -0.05737167969
0.2996930182 0.0832708329 0.2180129439 0.3450815082 0.01024829969 0.2286625057
0.6104590297 0.03464631736 0.06196091324 0.5979505777 -0.009226780385 0.1089593023
-0.0127104111 -0.192545712 -0.4183194041 0.04978993163 -0.2275730968 -0.4558030069
0.6758486629 0.1468773484 0.3212813735 0.7248920202 0.1721338034 0.3054929078
0.04458822682 0.1498562396 -0.1339212656 0.007345969789 0.1637586057 -0.08307629079
-0.7290000916 0.1407901645 0.03128448129 -0.7033773065 0.09284173697 0.006105760112
0.4139797688 -0.1427685469 -0.1765396446 0.4279992878 -0.1595723033 -0.1307018995
0.3116308749 -0.03153607249 0.2329744548 0.3343450129 -0.0620229505 0.229985103
-0.7089236975 0.2569818497 0.2426818907 -0.7011461258 0.2625840008 0.3264076114
0.2913582325 0.1544945687 -0.5803312063 0.3441674113 0.1500921994 -0.5668116808
-0.6264936328 -0.05006679147 0.2732034624 -0.6531080008 -0.05225497112 0.2877219915
0.08179745823 -0.1039384529 0.2020232826 0.07205703855 -0.1123239025 0.1657171994
-0.6757936478 -0.3860870302 0.1655449271 -0.6711599827 -0.3787176013 0.1647873074
-0.1669156253 0.6593960524 0.4761304855 -0.1399585009 0.723236382 0.4735989869
-0.1909257472 -0.003768343478 -0.2087977976 -0.2330414951 -0.005366609897 -0.2124233991
-0.1947838664 -0.1619731635 0.1489030719 -0.1943378001 -0.1518314034 0.115115799
-0.2861299515 -0.312585026 -0.440577805 -0.314004302 -0.3468505144 -0.4458371997
0.166808486 -0.5626644492 -0.4767528176 0.1678358018 -0.5441970825 -0.484246701
-0.01584824547 0.1116458774 0.04766377807 -0.0234139096 0.1340053976 0.02546316013
-0.01529456209 -0.08713846654 0.02243249863 -0.01751123928 -0.08675217628 0.01736678928
-0.03947027028 0.05109863728 0.2196685225 -0.05694492161 0.02977753058 0.2500101924
0.1052889451 -0.7595671415 0.2119571567 0.1062493026 -0.7785701752 0.158383593
0.1564233154 -0.2718875408 0.2359458208 0.1849128008 -0.3265798986 0.1930796057
-0.1543592811 0.3487815857 0.1264538169 -0.09255611151 0.2953628004 0.1346444041
0.4112981856 -0.5074870586 0.0816058293 0.4278159142 -0.500208497 0.1050814018
-0.007285602391 -0.3027260005 0.2531069219 -0.009717429988 -0.3600155115 0.2667883933
-0.3536635935 -0.06885340065 0.1847211868 -0.292670399 -0.09442797303 0.1890332997
-0.08406534791 0.002548422664 -0.3359463215 -0.07914794981 0.001124690054 -0.3784624934
-0.2245949805 -0.2970251441 0.6145964861 -0.2247212976 -0.2480864972 0.61566782
-0.367924571 0.1236659065 -0.481177628 -0.4003483057 0.09738852829 -0.4963515997
0.0500542298 -0.3728905618 0.1715187728 0.04344850034 -0.3463590145 0.2062817067
0.1622010618 -0.1917854846 0.839238584 0.1791515946 -0.198605895 0.8255602717
0.04200075939 -0.7013860345 0.2307867706 0.07930071652 -0.7329437137 0.1923117042
-0.1435449868 0.5495589375 1.394736409 -0.2001264989 0.5885971189 1.479431987
-0.07926205546 -0.3546251059 -0.147046566 -0.1249205992 -0.3576960862 -0.1226923987
-0.1911031902 0.3928328454 -0.6378068328 -0.200442493 0.3797203004 -0.682903409
-0.7013052106 -0.0371947661 -0.3250427842 -0.6786292195 -0.05051380023 -0.2939788997
0.5774894357 -0.2625252008 -0.6025990844 0.5863246918 -0.2503170073 -0.6125146747
-0.3420266807 0.2709225118 -0.1094573289 -0.3348937035 0.2569794059 -0.1252291948
0.09579317272 -0.1522685587 -0.5370048285 0.03619949892 -0.1618687958 -0.515360117
0.1841216683 -0.01417142712 0.3154251277 0.1774363071 -0.03742722049 0.2885025144
-0.5583269596 0.07855384052 -0.3013939559 -0.5716359019 0.03059308976 -0.3613302112
0.6521195173 0.1480326355 -0.1994585693 0.5941972733 0.1203119978 -0.2305655032
0.2520333529 0.2303584367 -0.01584918424 0.2296784073 0.2153688967 -0.01367816981
-0.09742727131 0.1486811787 -0.5410068631 -0.1472384036 0.1276438981 -0.5384026766
-0.1686678082 0.008825908415 -0.5334402323 -0.2216648012 -0.01328615006 -0.5751023889
0.428522408 0.180372715 0.5403468609 0.4276812971 0.1892144978 0.527895093
0.03681147099 0.352768302 -0.06341772527 0.02167681046 0.3601987958 -0.07733044773
-0.08986913413 0.1975651532 0.3466398418 -0.07933571935 0.2048276067 0.3840602934
0.1567480117 -0.2196737677 -0.00874643866 0.08813621104 -0.2443132997 -0.02255141921
0.2051268667 0.07216310501 -0.2109819353 0.2206355035 0.09209828824 -0.2165576965
0.1310784221 0.1264418513 -0.5100120902 0.1778361052 0.1650855988 -0.5318357944
-0.1142831594 -0.6775600314 -0.1052845046 -0.1074953005 -0.6236566901 -0.1297665983
-1.285842061 0.2220881581 0.05457415804 -1.393710017 0.2150775939 0.08251831681
0.03818261623 -0.230333522 -0.09390036762 0.04784889892 -0.2666423917 -0.02677809075
0.2285701036 0.2336316705 0.04740574211 0.1949138939 0.1837344021 0.07727830857
0.3291851878 -0.4404456913 -0.04851445556 0.3741770983 -0.4878217876 -0.06851965934
0.3438906074 -0.04498134181 -0.0467559807 0.3303306997 -0.05429916829 -0.0276030302
0.1942250133 0.3292265534 -0.1283483803 0.2245087028 0.3702338934 -0.1205468997
-0.1571180522 0.1561587006 0.0869576782 -0.1416700929 0.1494133025 0.07886502147
-0.4889154136 -0.05093226954 0.02118258551 -0.4713746905 -0.06586405635 -0.00572003983
0.07376340777 0.5971606374 0.2075798213 0.08795195073 0.5786777139 0.1772184968
-0.2643509209 -0.4385839403 -0.6000980735 -0.2560490966 -0.4654073119 -0.602067709
0.7184373736 -0.154146567 -0.05585470796 0.7174230814 -0.1824405938 -0.05695509911
-0.563503623 -0.7126866579 0.130483523 -0.5886632204 -0.7020887136 0.1257631928
0.009117342532 0.5411828756 -0.02744018286 -0.004489679821 0.4823941886 -0.06099772081
0.07440707088 -0.8117886186 -1.109346747 0.03962571919 -0.8205648065 -1.100936055
0.257614553 0.2923709154 0.9609569311 0.235176295 0.3020173907 0.9729772806
0.03738751262 0.1272694618 -0.0193822775 0.03208867833 0.1222814023 -0.01034875959
0.02912193909 -0.4104199708 0.02806179971 -0.001504409942 -0.4341273904 -0.009164240211
0.09477715939 0.1363820285 0.1784468591 0.07695578039 0.158474803 0.1923965961
0.1535330862 -0.1397430748 -0.178787142 0.1559278071 -0.1580585986 -0.1949715018
-0.2133535445 -0.07394544035 0.2921746075 -0.1921613067 -0.05305961147 0.3518626094
0.1162505075 0.1195387095 -0.04004308209 0.1135367975 0.1160916016 -0.04101062939
0.1245050505 0.1152126938 0.03081709146 0.149148494 0.1285656989 0.04841746017
-0.4868207276 -0.2500390112 0.1218317673 -0.4911594093 -0.2699002922 0.1080292985
-0.2024333775 -0.09562461078 -0.5284072161 -0.1735022962 -0.1335030049 -0.5087283254
0.2969042659 0.2112989724 0.1256984919 0.2956123054 0.1697085947 0.1284054071
-0.1379074007 0.4627076685 0.5740790367 -0.1494830996 0.4639216959 0.6232162714
0.02920125611 -0.5918226242 0.5676450729 0.02625926025 -0.574549973 0.6057379246
-0.1165914685 -0.1802262813 0.1606535017 -0.0983678475 -0.2207152992 0.1515426934
0.6387748122 -0.1517410576 0.2283258289 0.6252282262 -0.1675598025 0.2436112016
0.1697170436 -1.004947424 -0.4548889697 0.1717074066 -1.013416052 -0.3988809884
0.4245790243 -0.03681615368 0.01759659126 0.4178622961 -0.03671069071 -0.04290853068
-1.796732664 -0.3508565128 -0.397821486 -1.835852027 -0.5027356148 -0.4577283859
0.9138559699 0.06748280674 -0.05688950419 0.9576746821 0.1414655 0.03138862178
0.3837532699 0.3389956057 -0.5342212915 0.3957993984 0.3373227119 -0.4825680852
0.4052399993 -0.3453389704 1.070735335 0.4619781077 -0.3557195961 1.07365799
-0.4842728376 -0.2998544574 -0.1167007685 -0.511910677 -0.3091840148 -0.1483854949
-0.1580171585 0.3747198582 1.28332293 -0.1726620048 0.3738411069 1.341981053
-0.6516205072 -0.1540247649 -0.2318625152 -0.676160872 -0.2965098917 -0.193118006
-0.07440315932 0.1326016188 0.514202714 -0.07672233135 0.06291469932 0.4893806875
-0.5149556398 0.6822524667 -0.388181299 -0.4616476893 0.7669314742 -0.4298059046
-0.2706977129 0.3145454526 0.6172932982 -0.2964724004 0.3111931086 0.5021566749
-0.2573442757 -0.6468247175 -0.2399127632 -0.2369433045 -0.6828482747 -0.3696160018
-0.2524936199 -0.8305577636 0.6482825279 -0.2623187006 -0.8411738873 0.6022076011
-0.3768132329 -0.2912194133 0.6826452017 -0.4481791854 -0.2830888033 0.5287380219
0.1042032987 -0.1240336224 0.2820866704 0.08347789198 -0.05744875968 0.2549963892
0.5492582321 0.5985643268 -0.426728934 0.5564087033 0.5415148139 -0.4445722997
-0.7026872635 -0.2344833761 0.1616325676 -0.7309650779 -0.3045799136 0.1410419047
-0.6122770309 -0.09609366953 -0.3514601886 -0.6555073857 -0.1026289016 -0.3467572033
0.4818908572 0.04735631496 -0.03200528026 0.5007783771 0.01250488032 -0.1009294987
0.354055196 0.247369945 -1.281081915 0.2856780887 0.2614301145 -1.342085958
0.2489793748 -0.2079554647 -1.30213213 0.1983467937 -0.2825685143 -1.295699954
-0.001288421452 0.7087023258 0.3577525914 0.02872044966 0.7237774134 0.3953798115
0.2621916831 -0.2801457942 -0.5633768439 0.2320293933 -0.1884236038 -0.6261373162
-0.5927833915 -0.1653293371 -0.6746892929 -0.6276999116 -0.08495966345 -0.6826707125
0.1305789202 -0.1549768299 1.316667318 0.1305779964 -0.0685781464 1.241979957
-0.1633158326 0.4714691043 -0.5332200527 -0.1380500942 0.4812093079 -0.6276656985
-0.2728397548 0.2960695326 0.2980933785 -0.30308339 0.2484845072 0.2623713017
0.1001788676 0.05510123074 0.1089072451 0.09823396802 0.08949507773 0.1505687982
0.06140337884 0.06117009372 -0.33808285 0.1326016933 0.1228016987 -0.3079167902
-1.323281288 0.05905459076 0.1539482921 -1.348899007 0.02520407923 0.06015767157
0.3729328513 -0.1846911609 -0.4730011821 0.3329155147 -0.1649574041 -0.4896912873
-0.7990665436 -0.2475525141 0.4130357504 -0.8080412149 -0.2060244977 0.4087244868
-0.0873138532 -0.002050643787 -0.8805878758 -0.02024021931 0.03962486982 -0.9381703138
-0.4209311306 0.1705824733 1.281169653 -0.4155766964 0.137312606 1.21567595
-0.8530758619 1.635222077 0.01504321024 -0.8619865775 1.710018992 -0.09218777716
0.4200870991 0.07875261456 -0.2803104222 0.4646211863 0.1179495007 -0.3013794124
0.4117716253 0.3491600752 0.1959472299 0.4443930089 0.294251889 0.1589155048
1.402135015 0.2500077486 0.2134681642 1.404881954 0.2557027936 0.1972959042
0.2041720599 -0.5752181411 1.05304563 0.2791590095 -0.5649678111 1.014018059
-0.01907596178 -1.425159574 0.08888636529 -0.06226307899 -1.462514997 0.02610863931
0.5017752647 -0.75033921 0.2717098594 0.6250243187 -0.7390754223 0.288757205
-0.01380134746 0.02289382368 0.2225951999 0.04031036049 0.02456321009 0.2496805936
0.5071895123 -1.095210195 0.04182174429 0.6063067913 -1.064941049 0.02198586985
-0.2033335865 1.057985902 -0.09169743955 -0.2232277989 1.056378961 -0.1448010951
0.3041786253 0.1903550625 0.4637620449 0.3085634112 0.2077756971 0.3939085901
0.3519145846 -0.2752230763 0.1952114403 0.4686427116 -0.2833119929 0.1500214934
-1.043679833 0.1424316168 0.3596654236 -1.044880986 0.1032558009 0.2604768872
0.4202462733 0.4456348419 -0.01555598527 0.464954704 0.4325998127 0.01323022041
-0.1724950969 0.5388284922 -0.1954787374 -0.1058112979 0.5840194821 -0.2634257078
0.1094941869 -0.8725790977 0.1991294473 0.03416429833 -0.8876624107 0.1776707023
0.440125376 -0.1164299846 0.2336297333 0.5651867986 -0.04843565822 0.1797295958
-0.8433750868 0.1015424281 0.9874706268 -0.9070544839 0.08358380944 0.9555174708
0.4455245435 1.019538164 -0.1527827084 0.4611895978 0.9552448988 -0.1677078009
0.1502290368 0.8413781524 0.03008794412 0.1049626023 0.9108092785 -0.0544907786
0.9779214859 0.8701107502 0.03654092178 1.046417952 0.9585664868 0.03525393084
0.06435727328 -0.0007498469204 0.7612114549 0.095046781 0.01513465028 0.7439503074
0.06500941515 0.5991749763 0.4265925884 0.07971777767 0.6038510799 0.4345797896
0.6782662272 -0.2930080891 -1.273836255 0.7078490853 -0.3700580895 -1.332965016
0.490499109 0.230679974 -0.25469473 0.5984582901 0.333227396 -0.2975207865
0.2478254288 -0.2914800942 -0.4203579724 0.3212136924 -0.2311452031 -0.4860329032
0.6726804972 -0.2858069241 -0.5948597789 0.6986035109 -0.2995097041 -0.5554385781
0.4828291833 0.4616712034 0.2623265684 0.6025555134 0.5360301733 0.2379038036
0.05406287685 0.8220382929 -0.3433583975 0.07462886721 0.7342525125 -0.406919986
0.3314423561 -0.0115008885 -0.3240415454 0.2365406007 -0.1019781977 -0.2924877107
-0.2114595175 -0.2128621936 0.02368510142 -0.1224732026 -0.2331978977 -0.03241153061
0.1307102591 0.7346984744 -0.146115154 0.105922699 0.7529546022 -0.193995893
0.330601275 0.1349571198 0.07494082302 0.3542520106 0.1286236048 0.02886120975
0.3581585288 0.102689676 0.4366340935 0.3782405853 0.09320806712 0.3753693104
-0.4034304619 -0.5098444819 -0.2873044312 -0.3803165853 -0.4596228898 -0.3343343139
-0.2441450804 0.1943331063 0.097128205 -0.1718882024 0.1365621984 0.05988869816
0.4180761278 0.2240978032 -1.21748364 0.3969736993 0.1889196038 -1.273697019
-0.4512031376 0.2788690627 -0.2709225416 -0.3925189972 0.2592839003 -0.2840821147
0.1055779234 -0.3927014768 0.5905468464 0.09615731984 -0.3441185951 0.5537660718
-0.2049376965 -0.2643578351 0.9761591554 -0.2198643982 -0.2677601874 1.095605016
0.1677760929 -0.2789134979 -0.02349738777 0.1560278982 -0.2603299022 -0.08434326202
-0.464777559 -0.09617219865 0.1889666021 -0.5561757088 -0.04502978176 0.1620967984
-0.02443866618 -0.3992380202 -0.2464197576 -0.0261907503 -0.329184413 -0.2963824868
0.1716179997 -0.00230150111 0.2538976967 0.1980777979 0.02301659063 0.2167260051
-0.2263455987 0.4025014043 0.1352798045 -0.2113059014 0.5416690111 0.119313702
-0.6703202724 -0.2657288909 0.3051880598 -0.5939186811 -0.3026221991 0.3561308086
0.1060730889 0.09309149534 -0.1275411248 0.1428720057 0.04830602929 -0.1540305018
-0.486866802 -0.8206153512 0.6838417053 -0.4490639865 -0.9250133038 0.6704661846
-0.6263938546 -1.082970858 0.006256865337 -0.6391711831 -1.060791969 -0.04569550976
-1.114342809 -0.05069458112 0.2393522859 -1.079916 -0.07479181141 0.1792028993
0.0907105729 -0.9870100021 0.123034142 0.1366178989 -0.968370378 0.1218345016
0.2034813911 -0.5663884282 0.3869924247 0.2619816959 -0.5605294704 0.3699209094
-0.2979426086 -0.6158503294 0.7690561414 -0.3711575866 -0.6543217897 0.7377582788
1.227041006 -0.7003953457 0.1817211211 1.234444022 -0.6816142797 0.1291639954
0.05512249842 -0.08860305697 0.5834081769 0.113886103 -0.08349364251 0.5369374752
1.112549663 0.693128109 0.02949243039 1.146713972 0.7202296853 0.02806016989
-0.5589390993 -0.4353689551 -0.2496576905 -0.5576810241 -0.4217914045 -0.2875784934
0.1881710589 -0.1268380135 0.6785289049 0.296684891 -0.2595264912 0.6125215292
-0.09951437265 0.2502322793 -0.4058002532 -0.007713269908 0.2541860044 -0.2815231979
0.6880344152 0.7887531519 0.2911487222 0.7953683138 0.8438910246 0.3411679864
-0.1054195166 -0.1201217547 -0.04095697403 -0.01797682047 -0.1121757999 -0.09464158118
-0.3251376748 0.467271626 -0.3112728894 -0.4176666141 0.5193005204 -0.3459771872
-0.1430075765 0.8132717609 0.8376783729 -0.1191772968 0.7080026865 0.7579733729
0.2432251126 -0.3256167769 0.09283994138 0.380467087 -0.3241680861 0.09484598041
-0.2297471762 -0.3505305648 0.7433058619 -0.2161010057 -0.4334070086 0.7215092778
-0.4543610215 0.1952491403 -0.1279170364 -0.3824566901 0.1966021061 -0.1320355982
0.1718588173 0.3519939184 -0.2163591236 0.1762600988 0.237400502 -0.361856401
0.07750242949 -0.2380719632 -0.4290455282 0.1285666972 -0.2467723936 -0.4864591062
-0.4431789219 -0.002296829131 -0.1941301078 -0.4322052002 0.05406187102 -0.3111791015
1.447403431 0.4814020097 0.6181587577 1.429247975 0.5211036801 0.595287323
-0.01217627153 0.07702389359 -0.06059762463 -0.02610361017 0.08460394293 -0.08429303765
0.09291172028 0.6297299266 -0.3680828214 0.07958599925 0.5427507758 -0.4255003929
0.6144337654 -0.005009524059 0.03273736313 0.5655909181 -0.04102946818 0.03817765042
-0.307279855 -0.0001040920615 0.2111276835 -0.3300068974 0.005083439872 0.2603405118
0.7957009673 0.3501425683 0.03943295032 0.7502346039 0.3120121956 -0.01068140008
-0.1830467284 -0.2346359491 0.006119843107 -0.1452310979 -0.2337169945 -0.03519834951
-0.08781825751 -0.2150224149 0.5096675754 -0.09810561687 -0.1168842986 0.3946647942
0.04759902507 0.5961626172 -0.03756627068 0.05315386876 0.5665112734 -0.1945502013
-0.06138872728 0.03827538341 1.933398128 -0.0727981627 0.07115629315 1.95847404
0.3848266304 -0.24957259 -0.4234025478 0.3418579102 -0.4197184145 -0.4207875133
0.7161530256 -0.1090281308 -0.220900923 0.739041388 -0.1869390011 -0.2568269074
-0.1743500829 0.1138572618 0.2140822262 -0.1420594007 0.09902790189 0.129362002
-0.2551703155 -0.01197315939 0.2316787541 -0.2409525961 -0.02813591063 0.1592126042
0.1295327991 -0.08229395747 -0.5628798008 0.1703688949 -0.1625375003 -0.5382918119
-0.09496349096 -0.1730020344 0.7784121037 -0.07916440815 -0.2006908059 0.8064147234
0.5102024078 -0.6093249917 -0.1586421877 0.5389041901 -0.5922256708 -0.2657079995
-0.2776089311 0.1652406603 0.4331304133 -0.2972888052 0.1975511014 0.3307214975
-0.2504401207 -0.1722276211 0.5481148958 -0.2810625136 -0.1042271033 0.4756591022
-0.002916661557 0.1473864913 -0.3709297776 0.03606840968 0.06289943308 -0.431915611
-0.6004223824 0.02182159945 -1.504216194 -0.5343883038 -0.05862129107 -1.577152014
-0.897836566 -0.01026191376 0.2957576215 -0.9631963968 0.02077337913 0.2085258961
-0.5045343637 -0.3132198453 -0.1102463827 -0.455249697 -0.3012433946 0.009676409885
-0.07801118493 -0.5521241426 0.3055220842 -0.07930008322 -0.5178977847 0.2889916897
-0.2293814123 -0.1586265713 0.08905527741 -0.229421407 -0.1697576046 0.05395333841
-0.1410208642 0.178221181 0.3049896657 -0.2008672059 0.1942918003 0.2816379964
0.3689541519 0.06767498702 -0.3273214102 0.3544900119 -0.107818298 -0.3755941987
0.1817416847 0.2923773527 0.1878680736 0.2033473998 0.3509803116 0.1825591028
0.03579790518 -0.3036227822 -0.3122938871 0.0898951292 -0.1790542006 -0.2660138011
0.1834490448 0.08330580592 -0.2187081575 0.179301098 0.1005776003 -0.2739762962
0.0753210485 -0.7639462352 0.3326468766 0.09819594771 -0.7483459711 0.3356297016
0.6606215835 -0.4284148812 1.134096503 0.6543095112 -0.3498452902 1.136108994
0.1548991948 -0.03093194216 -0.3298375309 0.1959809065 -0.0440063104 -0.2869490981
0.06720083207 -0.224769786 -0.01851337403 0.0869685784 -0.1528902054 0.02964559942
0.002440705895 -0.12282601 -1.587167263 0.07714703679 -0.08020815253 -1.576177955
-0.1256804913 0.4567935467 0.07327640057 -0.1310283989 0.4959096909 0.05107187107
-0.2641240656 -0.2590889931 -0.09247933328 -0.2144171 -0.2581765056 -0.01496118028
0.002340823412 -0.1460130513 -0.3585631251 0.04914491996 -0.178571403 -0.2811877131
-0.4041662514 -0.02457501553 0.6719716787 -0.4541946054 -0.0171435792 0.7711135149
0.1409741044 -0.09174582362 0.2080559731 0.1665737927 -0.09288057685 0.2662945092
-0.168758437 -0.00930162333 0.0397375226 -0.1199252978 0.05309357122 0.02073919959
-0.817176342 -0.04723961651 0.01691759005 -0.8469818234 -0.03029087 0.06737489998
0.0724350214 -0.5575981736 0.4841008782 0.08345557749 -0.5963218808 0.5292233825
0.6745423079 0.0358206518 0.3772783279 0.6554980278 0.0586954318 0.38081339
0.6280343533 -0.399864167 -0.1860064566 0.6213052869 -0.460531801 -0.1578309983
-0.4059228003 0.1101095006 0.1090673804 -0.355327189 0.1778558046 0.2044311017
0.1342216283 0.07216906548 -0.1289312243 0.1155771017 0.06495349109 -0.04715815932
-0.008834596723 0.7110583186 0.01222076174 -0.04793567955 0.7299389839 0.04425290972
0.337700218 0.3789340556 -0.01024601329 0.3197957873 0.3799439073 0.06732747704
0.2486346662 0.9354498982 -0.3456073999 0.2397809029 0.9857993126 -0.3255510032
-0.3571552038 -0.3951270282 -0.4325535893 -0.3487237096 -0.419498086 -0.414021492
0.1658028513 0.3847687244 -1.979589343 0.1557122022 0.3500331938 -1.937363029
-0.4225735068 -0.34530285 -0.1586451977 -0.4551897943 -0.3660643101 -0.05628959835
1.383408308 0.08841972798 -0.8293554783 1.398259997 0.0659635216 -0.6749625206
-0.007120280061 -0.9474399686 -0.1863669902 -0.01209091954 -0.913910985 -0.1555435956
-0.3037685156 0.6321567297 0.5776821971 -0.2955361009 0.6604921818 0.502517581
-0.221224755 0.1308358163 -0.4140912592 -0.2755925953 0.1885616928 -0.3235329986
0.678129673 0.01241304539 -0.6692640185 0.7105202079 -0.04090249166 -0.5827534199
-0.5998408198 0.1876948178 -0.1656766981 -0.662405014 0.123077102 -0.1107269004
0.2643288374 0.2283645272 -0.3587036729 0.2777287066 0.2787612975 -0.3005793095
-0.9563597441 0.2461992949 -0.02891408652 -0.9511700273 0.3022126853 0.0929447785
-0.04887979478 -1.371842623 0.06630482525 -0.1013728976 -1.424785972 0.1395913959
0.5177543759 0.03126811236 -0.1107954532 0.5273625255 -0.008782790042 -0.1249405965
-1.065528631 -0.6657274961 0.5675726533 -1.157202959 -0.604729116 0.5591815114
-0.3501546681 -0.4047163427 -0.1826187968 -0.4283134043 -0.3459604979 -0.1665637046
-0.2351831198 0.4860314727 -0.1418454945 -0.2477423996 0.5258023739 -0.1008083969
0.07636719942 -0.02790674753 0.02774537727 0.1038186997 -0.005507439841 0.01973089948
-0.1527391225 0.2392373383 0.005914057605 -0.1416334063 0.2523016036 0.03329607844
-0.7317155004 0.0424073711 -0.3967714608 -0.7561126947 0.02328146063 -0.4342832863
1.090370536 -0.1480015963 0.2089713514 1.019029021 -0.1061481014 0.2644084096
0.3221510053 -0.2129333615 0.2864596248 0.3153713048 -0.2371158004 0.2812736928
-0.02082170919 -0.6193560958 -1.067184091 -0.01386221964 -0.623529315 -1.031656981
-0.6020843387 -0.4251610935 0.4461134672 -0.677496314 -0.4213539064 0.5396777987
0.3079659641 -0.05127106979 1.084061742 0.3104188144 0.01846431941 1.134737968
-0.07772068679 0.1622568071 -0.6235058904 -0.04690919816 0.2073687017 -0.6260284185
-0.1435644329 0.6326652765 0.3217638731 -0.2661854029 0.5703390241 0.3542585969
0.2058650553 -1.083107352 -0.04610409215 0.2911061943 -1.141999006 -0.04305035993
0.07833162695 0.3737225831 0.1918185353 0.07833468914 0.3564284146 0.2513718903
-0.1244311035 0.527430594 -0.8102529645 -0.0790502131 0.501906991 -0.8620365858
0.4550633729 -1.095849633 0.07514213771 0.4996683002 -1.101400018 0.1403172016
-0.4540942907 -0.6616523266 -1.208732486 -0.5359885097 -0.7315449119 -1.115165949
0.5038272738 -0.8604419827 -0.301980257 0.5198736787 -0.8762301207 -0.1713315994
-0.04134569317 1.135120988 -0.2053904533 -0.1139646024 1.14251399 -0.1707036048
-0.001530682668 -0.2743653953 0.04548059031 0.01931025088 -0.2310869992 0.0827851221
-0.0404156968 0.08927600086 0.5601181984 -0.06320367754 0.1125172973 0.5037072897
0.7002360225 -0.02425995097 0.03072798252 0.7581846118 -0.02707559988 0.1031365991
0.6749545932 0.603294909 -0.2766562104 0.6619269252 0.6202042103 -0.1576914936
0.2681511641 -0.08347639441 0.05809365585 0.2582888901 -0.1283870935 0.07669077814
0.4277313948 1.237069011 -0.01082430035 0.4326109886 1.206045985 -0.06808389723
-0.009331890382 0.2285043597 -0.6195953488 -0.03798419982 0.2384019941 -0.5360034704
-0.02990282886 0.2777413428 -0.005620248616 -0.1055606008 0.3019104898 0.02243741974
0.1259714067 -0.002608014271 -0.01453912258 0.1210274026 0.03676145896 0.02227940038
-0.152460739 -0.05173379183 -0.002615910955 -0.2004019022 -0.01578369923 0.03759349138
0.1836032271 0.1682769656 0.3993588388 0.188477695 0.1600120962 0.4560643137
0.1200465336 -0.1344406754 0.01073259115 0.05124101043 -0.08989451081 -0.0258327201
-0.02005506679 0.1115989983 0.2227511257 -0.03775303066 0.06822537631 0.2918857038
0.1247653589 -0.06758125126 0.03191160038 0.06498453766 -0.1533156931 0.07792046666
0.182157889 -0.1109276637 -0.1103061512 0.1393287033 -0.1579686999 -0.1069063991
0.1038788483 -0.5751335025 -0.3539476693 0.1177294031 -0.5404143929 -0.2939502895
0.04382193834 -0.1257224232 -0.1377955824 0.01881255023 -0.118832998 -0.1609590948
-0.3449721336 0.593891561 0.2509950399 -0.3110856116 0.5651087761 0.2679083943
0.3366196454 -0.3492225111 -0.06862284988 0.3316524923 -0.3495669961 -0.06628326327
-0.3781532645 -0.005290182307 -0.8193999529 -0.4690018892 -0.06430193782 -0.8068692088
0.4512820244 -0.09700585902 -0.7311745882 0.5084561706 -0.1614625007 -0.7054194212
0.1007646099 -0.05513914675 -0.2280707806 0.1841281056 -0.06485438347 -0.1802444011
-1.184371471 0.2551774383 0.1547944844 -1.138389945 0.1609117985 0.1500806063
0.1709288657 0.005011168774 -0.02844202891 0.05582305044 3.579999975e-05 -0.006517120171
-1.245106936 -0.1706262678 -0.01453751698 -1.267876029 -0.1995300949 -0.01666823961
-0.5103066564 0.4194249511 0.1699618548 -0.5050026774 0.4389297068 0.1274428964
0.3412594199 -0.5497182012 0.2841203511 0.2886185944 -0.4223794937 0.3254675865
-1.431771517 0.01142626256 -0.036213696 -1.473873973 0.0076755099 -0.02989842929
-0.2409298718 0.02736109495 -0.7755205631 -0.3349170089 -0.004936879966 -0.7109594941
-0.2919375002 0.4750080705 -0.4595088363 -0.301065892 0.5245229006 -0.3203811049
-0.2774521708 0.220725894 0.1214849204 -0.3078111112 0.1443099976 0.1207612976
0.1927537322 -0.2615200579 -0.1165526286 0.1439152062 -0.2795729041 -0.06425800174
0.4121404886 -0.03321042657 0.1264636815 0.3477235138 -0.07460460812 0.1580026001
-0.374946475 -0.8529520035 -0.1900913715 -0.4773511887 -0.9081029296 -0.1704594046
-0.1393839717 0.959657371 0.7224810719 -0.1663911939 0.9683846831 0.751643002
-0.1187199503 0.2526706159 0.006216767244 -0.0789771378 0.2450063974 0.09121716022
0.1488434374 -0.2457600236 0.2505578399 0.08635617793 -0.221637398 0.1910302043
-0.3259778321 -0.9454913139 -1.287770748 -0.4154779911 -0.9638193846 -1.381786942
0.5002043247 -0.3488424718 -0.2428082824 0.4948719144 -0.3037976921 -0.118982397
-0.327889502 -0.1669837385 0.07080312818 -0.3110632002 -0.1593981981 0.1182933971
0.1335335374 0.006660861894 -0.006308315322 0.1298439056 -0.07431568205 0.01121289004
-0.5603804588 -0.2670844793 0.06013220921 -0.6087403893 -0.3253704011 0.1234005019
0.1784080714 0.01060574781 0.04795990139 0.1490305066 0.03725853935 0.1449522972
-0.6156167388 0.1269874126 1.217153788 -0.5973290801 0.08646698296 1.204234958
0.02862169966 1.349327207 0.2440129369 0.02960563079 1.390548944 0.2642678022
-0.1936564893 -0.2551489472 0.4423568249 -0.2083255947 -0.1580895036 0.4978938103
-0.5202720761 0.2015244961 0.5513455868 -0.5359686017 0.1896113008 0.6111418009
0.00688672252 0.675350666 -0.06098528579 -0.004631199874 0.6312124133 -0.01761839911
-0.2843943834 0.07521917671 0.2539848685 -0.3319387138 0.08394058794 0.2763738036
-0.1787850857 -0.6147077084 -0.2337581813 -0.1983318031 -0.6763412952 -0.1612322927
0.2200075984 0.3195326924 0.2464881986 0.128728196 0.3538034856 0.3259786069
1.517460704 -0.3361288607 -0.2464551628 1.55686903 -0.2974837124 -0.1525190026
0.1078710482 0.404722333 -0.1551603824 0.06987588853 0.403380096 -0.1687026024
0.4662454724 -0.2731547058 0.09511310607 0.4799813032 -0.2628659904 0.1282121986
-0.6915588379 1.034525752 0.4060448706 -0.7226603031 1.037315965 0.4438152909
-0.09795559198 0.2640821636 -0.7138055563 -0.101186499 0.2484128028 -0.5521249175
0.3514282405 -0.6694349051 0.2639402151 0.3387705982 -0.6022585034 0.4076155126
-0.06700927764 0.2102480531 0.2726320028 -0.170016706 0.2577151954 0.1553445011
-0.009922625497 -0.2417257726 -1.395926476 -0.03643380851 -0.2162895054 -1.430732965
0.8468598127 0.185653463 -0.37641716 0.8797039986 0.1376882941 -0.3309283853
0.0007657334208 0.2294951826 -0.8161398172 -0.04536395893 0.2990848124 -0.770394206
-0.3820093274 0.1275062263 -0.2862127423 -0.4216853082 0.132781297 -0.2883172929
0.1029439569 0.4360112846 0.2515482306 -0.02867495082 0.4824892879 0.2037398964
0.362680465 0.304502368 0.01407541335 0.3392269015 0.4091292918 0.0973257795
